sample_id,status,error,video_duration_sec,decoded_audio_duration_sec,audio_video_duration_diff_sec,feature_shape,valid_bins,mask_ratio,frame_count,sample_rate,frame_ms,hop_ms,feature_schema,ffmpeg_executable
-3g5yACwYnA_13,PASS,,5.51,5.399125,-0.11087500000000006,"(50,74)",49,0.98,538,16000,25,10,audio74_v1,D:\develop\Anaconda3\envs\cpmcm-e-cpu\Lib\site-packages\imageio_ffmpeg\binaries\ffmpeg-win-x86_64-v7.1.exe
-3g5yACwYnA_3,PASS,,14.39,14.327875,-0.062124999999999986,"(50,74)",50,1.0,1431,16000,25,10,audio74_v1,D:\develop\Anaconda3\envs\cpmcm-e-cpu\Lib\site-packages\imageio_ffmpeg\binaries\ffmpeg-win-x86_64-v7.1.exe
-3g5yACwYnA_2,PASS,,9.39,9.2313125,-0.15868750000000098,"(50,74)",50,1.0,921,16000,25,10,audio74_v1,D:\develop\Anaconda3\envs\cpmcm-e-cpu\Lib\site-packages\imageio_ffmpeg\binaries\ffmpeg-win-x86_64-v7.1.exe
-3g5yACwYnA_9,PASS,,8.82,8.696125,-0.12387499999999996,"(50,74)",50,1.0,868,16000,25,10,audio74_v1,D:\develop\Anaconda3\envs\cpmcm-e-cpu\Lib\site-packages\imageio_ffmpeg\binaries\ffmpeg-win-x86_64-v7.1.exe
-3nNcZdcdvU_5,PASS,,7.87,7.7885625,-0.08143749999999983,"(50,74)",50,1.0,777,16000,25,10,audio74_v1,D:\develop\Anaconda3\envs\cpmcm-e-cpu\Lib\site-packages\imageio_ffmpeg\binaries\ffmpeg-win-x86_64-v7.1.exe
-HwX2H8Z4hY_2,PASS,,3.98,3.9158125,-0.06418750000000006,"(50,74)",50,1.0,390,16000,25,10,audio74_v1,D:\develop\Anaconda3\envs\cpmcm-e-cpu\Lib\site-packages\imageio_ffmpeg\binaries\ffmpeg-win-x86_64-v7.1.exe
-HwX2H8Z4hY_5,PASS,,5.65,5.5440625,-0.10593750000000046,"(50,74)",49,0.98,552,16000,25,10,audio74_v1,D:\develop\Anaconda3\envs\cpmcm-e-cpu\Lib\site-packages\imageio_ffmpeg\binaries\ffmpeg-win-x86_64-v7.1.exe
-HwX2H8Z4hY_6,PASS,,3.36,3.256,-0.10400000000000009,"(50,74)",49,0.98,324,16000,25,10,audio74_v1,D:\develop\Anaconda3\envs\cpmcm-e-cpu\Lib\site-packages\imageio_ffmpeg\binaries\ffmpeg-win-x86_64-v7.1.exe
-HwX2H8Z4hY_9,PASS,,7.73,7.6363125,-0.09368750000000059,"(50,74)",50,1.0,762,16000,25,10,audio74_v1,D:\develop\Anaconda3\envs\cpmcm-e-cpu\Lib\site-packages\imageio_ffmpeg\binaries\ffmpeg-win-x86_64-v7.1.exe
-NFrJFQijFE_1,PASS,,5.75,5.658875,-0.0911249999999999,"(50,74)",50,1.0,564,16000,25,10,audio74_v1,D:\develop\Anaconda3\envs\cpmcm-e-cpu\Lib\site-packages\imageio_ffmpeg\binaries\ffmpeg-win-x86_64-v7.1.exe
-NFrJFQijFE_2,PASS,,6.86,6.6983125,-0.1616875000000002,"(50,74)",49,0.98,668,16000,25,10,audio74_v1,D:\develop\Anaconda3\envs\cpmcm-e-cpu\Lib\site-packages\imageio_ffmpeg\binaries\ffmpeg-win-x86_64-v7.1.exe
-THoVjtIkeU_12,PASS,,14.9,14.8055625,-0.09443749999999973,"(50,74)",50,1.0,1479,16000,25,10,audio74_v1,D:\develop\Anaconda3\envs\cpmcm-e-cpu\Lib\site-packages\imageio_ffmpeg\binaries\ffmpeg-win-x86_64-v7.1.exe
-THoVjtIkeU_2,PASS,,4.29,4.230875,-0.05912499999999987,"(50,74)",50,1.0,421,16000,25,10,audio74_v1,D:\develop\Anaconda3\envs\cpmcm-e-cpu\Lib\site-packages\imageio_ffmpeg\binaries\ffmpeg-win-x86_64-v7.1.exe
-THoVjtIkeU_6,PASS,,8.1,7.982875,-0.1171249999999997,"(50,74)",50,1.0,796,16000,25,10,audio74_v1,D:\develop\Anaconda3\envs\cpmcm-e-cpu\Lib\site-packages\imageio_ffmpeg\binaries\ffmpeg-win-x86_64-v7.1.exe
-UuX1xuaiiE_1,PASS,,10.35,10.2675,-0.08249999999999957,"(50,74)",50,1.0,1025,16000,25,10,audio74_v1,D:\develop\Anaconda3\envs\cpmcm-e-cpu\Lib\site-packages\imageio_ffmpeg\binaries\ffmpeg-win-x86_64-v7.1.exe
-UuX1xuaiiE_0,PASS,,3.63,3.575875,-0.05412499999999998,"(50,74)",50,1.0,356,16000,25,10,audio74_v1,D:\develop\Anaconda3\envs\cpmcm-e-cpu\Lib\site-packages\imageio_ffmpeg\binaries\ffmpeg-win-x86_64-v7.1.exe
-UuX1xuaiiE_3,PASS,,4.13,4.038375,-0.09162499999999962,"(50,74)",49,0.98,402,16000,25,10,audio74_v1,D:\develop\Anaconda3\envs\cpmcm-e-cpu\Lib\site-packages\imageio_ffmpeg\binaries\ffmpeg-win-x86_64-v7.1.exe
-UuX1xuaiiE_6,PASS,,8.11,7.9438125,-0.1661874999999995,"(50,74)",49,0.98,792,16000,25,10,audio74_v1,D:\develop\Anaconda3\envs\cpmcm-e-cpu\Lib\site-packages\imageio_ffmpeg\binaries\ffmpeg-win-x86_64-v7.1.exe
-a55Q6RWvTA_3,PASS,,22.15,22.0833125,-0.0666874999999969,"(50,74)",50,1.0,2206,16000,25,10,audio74_v1,D:\develop\Anaconda3\envs\cpmcm-e-cpu\Lib\site-packages\imageio_ffmpeg\binaries\ffmpeg-win-x86_64-v7.1.exe
-aNfi7CP8vM_7,PASS,,8.69,8.5376875,-0.15231249999999896,"(50,74)",50,1.0,852,16000,25,10,audio74_v1,D:\develop\Anaconda3\envs\cpmcm-e-cpu\Lib\site-packages\imageio_ffmpeg\binaries\ffmpeg-win-x86_64-v7.1.exe
-aqamKhZ1Ec_0,PASS,,10.97,10.8901875,-0.07981250000000095,"(50,74)",50,1.0,1087,16000,25,10,audio74_v1,D:\develop\Anaconda3\envs\cpmcm-e-cpu\Lib\site-packages\imageio_ffmpeg\binaries\ffmpeg-win-x86_64-v7.1.exe
-dxfTGcXJoc_1,PASS,,16.16,16.018125,-0.14187499999999886,"(50,74)",50,1.0,1600,16000,25,10,audio74_v1,D:\develop\Anaconda3\envs\cpmcm-e-cpu\Lib\site-packages\imageio_ffmpeg\binaries\ffmpeg-win-x86_64-v7.1.exe
-dxfTGcXJoc_0,PASS,,20.5,20.410375,-0.08962500000000162,"(50,74)",50,1.0,2039,16000,25,10,audio74_v1,D:\develop\Anaconda3\envs\cpmcm-e-cpu\Lib\site-packages\imageio_ffmpeg\binaries\ffmpeg-win-x86_64-v7.1.exe
-dxfTGcXJoc_2,PASS,,16.7,16.6331875,-0.06681250000000105,"(50,74)",50,1.0,1661,16000,25,10,audio74_v1,D:\develop\Anaconda3\envs\cpmcm-e-cpu\Lib\site-packages\imageio_ffmpeg\binaries\ffmpeg-win-x86_64-v7.1.exe
-dxfTGcXJoc_6,PASS,,12.74,12.6284375,-0.11156249999999979,"(50,74)",50,1.0,1261,16000,25,10,audio74_v1,D:\develop\Anaconda3\envs\cpmcm-e-cpu\Lib\site-packages\imageio_ffmpeg\binaries\ffmpeg-win-x86_64-v7.1.exe
-egA8-b7-3M_26,PASS,,6.03,5.9205625,-0.1094375000000003,"(50,74)",49,0.98,590,16000,25,10,audio74_v1,D:\develop\Anaconda3\envs\cpmcm-e-cpu\Lib\site-packages\imageio_ffmpeg\binaries\ffmpeg-win-x86_64-v7.1.exe
-egA8-b7-3M_17,PASS,,7.27,7.09525,-0.17474999999999952,"(50,74)",49,0.98,708,16000,25,10,audio74_v1,D:\develop\Anaconda3\envs\cpmcm-e-cpu\Lib\site-packages\imageio_ffmpeg\binaries\ffmpeg-win-x86_64-v7.1.exe
-egA8-b7-3M_18,PASS,,8.39,8.2656875,-0.12431250000000027,"(50,74)",50,1.0,825,16000,25,10,audio74_v1,D:\develop\Anaconda3\envs\cpmcm-e-cpu\Lib\site-packages\imageio_ffmpeg\binaries\ffmpeg-win-x86_64-v7.1.exe
-egA8-b7-3M_16,PASS,,5.54,5.483,-0.057000000000000384,"(50,74)",50,1.0,546,16000,25,10,audio74_v1,D:\develop\Anaconda3\envs\cpmcm-e-cpu\Lib\site-packages\imageio_ffmpeg\binaries\ffmpeg-win-x86_64-v7.1.exe
-egA8-b7-3M_13,PASS,,4.18,4.023875,-0.1561249999999994,"(50,74)",48,0.96,400,16000,25,10,audio74_v1,D:\develop\Anaconda3\envs\cpmcm-e-cpu\Lib\site-packages\imageio_ffmpeg\binaries\ffmpeg-win-x86_64-v7.1.exe
-egA8-b7-3M_1,PASS,,10.27,10.15625,-0.11374999999999957,"(50,74)",50,1.0,1014,16000,25,10,audio74_v1,D:\develop\Anaconda3\envs\cpmcm-e-cpu\Lib\site-packages\imageio_ffmpeg\binaries\ffmpeg-win-x86_64-v7.1.exe
-egA8-b7-3M_6,PASS,,6.26,6.183125,-0.07687499999999936,"(50,74)",50,1.0,616,16000,25,10,audio74_v1,D:\develop\Anaconda3\envs\cpmcm-e-cpu\Lib\site-packages\imageio_ffmpeg\binaries\ffmpeg-win-x86_64-v7.1.exe
-egA8-b7-3M_9,PASS,,5.09,4.936125,-0.1538750000000002,"(50,74)",49,0.98,492,16000,25,10,audio74_v1,D:\develop\Anaconda3\envs\cpmcm-e-cpu\Lib\site-packages\imageio_ffmpeg\binaries\ffmpeg-win-x86_64-v7.1.exe
-egA8-b7-3M_20,PASS,,6.64,6.4744375,-0.16556250000000006,"(50,74)",49,0.98,645,16000,25,10,audio74_v1,D:\develop\Anaconda3\envs\cpmcm-e-cpu\Lib\site-packages\imageio_ffmpeg\binaries\ffmpeg-win-x86_64-v7.1.exe
-iRBcNs9oI8_3,PASS,,5.62,5.53825,-0.08175000000000043,"(50,74)",50,1.0,552,16000,25,10,audio74_v1,D:\develop\Anaconda3\envs\cpmcm-e-cpu\Lib\site-packages\imageio_ffmpeg\binaries\ffmpeg-win-x86_64-v7.1.exe
-iRBcNs9oI8_7,PASS,,4.1,4.00575,-0.09424999999999972,"(50,74)",49,0.98,399,16000,25,10,audio74_v1,D:\develop\Anaconda3\envs\cpmcm-e-cpu\Lib\site-packages\imageio_ffmpeg\binaries\ffmpeg-win-x86_64-v7.1.exe
-iRBcNs9oI8_6,PASS,,2.9,2.8204375,-0.07956249999999976,"(50,74)",49,0.98,280,16000,25,10,audio74_v1,D:\develop\Anaconda3\envs\cpmcm-e-cpu\Lib\site-packages\imageio_ffmpeg\binaries\ffmpeg-win-x86_64-v7.1.exe
-iRBcNs9oI8_9,PASS,,3.42,3.3740625,-0.045937499999999964,"(50,74)",50,1.0,335,16000,25,10,audio74_v1,D:\develop\Anaconda3\envs\cpmcm-e-cpu\Lib\site-packages\imageio_ffmpeg\binaries\ffmpeg-win-x86_64-v7.1.exe
-iRBcNs9oI8_8,PASS,,8.09,8.0260625,-0.06393749999999976,"(50,74)",50,1.0,801,16000,25,10,audio74_v1,D:\develop\Anaconda3\envs\cpmcm-e-cpu\Lib\site-packages\imageio_ffmpeg\binaries\ffmpeg-win-x86_64-v7.1.exe
-lzEya4AM_4_5,PASS,,7.68,7.5696875,-0.11031250000000004,"(50,74)",50,1.0,755,16000,25,10,audio74_v1,D:\develop\Anaconda3\envs\cpmcm-e-cpu\Lib\site-packages\imageio_ffmpeg\binaries\ffmpeg-win-x86_64-v7.1.exe
-lzEya4AM_4_6,PASS,,14.79,14.740375,-0.04962499999999892,"(50,74)",50,1.0,1472,16000,25,10,audio74_v1,D:\develop\Anaconda3\envs\cpmcm-e-cpu\Lib\site-packages\imageio_ffmpeg\binaries\ffmpeg-win-x86_64-v7.1.exe
-mJ2ud6oKI8_1,PASS,,6.1,6.0545,-0.04549999999999965,"(50,74)",50,1.0,603,16000,25,10,audio74_v1,D:\develop\Anaconda3\envs\cpmcm-e-cpu\Lib\site-packages\imageio_ffmpeg\binaries\ffmpeg-win-x86_64-v7.1.exe
-mJ2ud6oKI8_2,PASS,,5.73,5.7016875,-0.028312500000000185,"(50,74)",50,1.0,568,16000,25,10,audio74_v1,D:\develop\Anaconda3\envs\cpmcm-e-cpu\Lib\site-packages\imageio_ffmpeg\binaries\ffmpeg-win-x86_64-v7.1.exe
-mJ2ud6oKI8_6,PASS,,2.26,2.228125,-0.031874999999999876,"(50,74)",49,0.98,221,16000,25,10,audio74_v1,D:\develop\Anaconda3\envs\cpmcm-e-cpu\Lib\site-packages\imageio_ffmpeg\binaries\ffmpeg-win-x86_64-v7.1.exe
-mJ2ud6oKI8_9,PASS,,7.03,6.90875,-0.12124999999999986,"(50,74)",50,1.0,689,16000,25,10,audio74_v1,D:\develop\Anaconda3\envs\cpmcm-e-cpu\Lib\site-packages\imageio_ffmpeg\binaries\ffmpeg-win-x86_64-v7.1.exe
-mJ2ud6oKI8_8,PASS,,4.19,4.171375,-0.018625000000000114,"(50,74)",50,1.0,415,16000,25,10,audio74_v1,D:\develop\Anaconda3\envs\cpmcm-e-cpu\Lib\site-packages\imageio_ffmpeg\binaries\ffmpeg-win-x86_64-v7.1.exe
-mqbVkbCndg_0,PASS,,6.47,6.3855,-0.08449999999999935,"(50,74)",50,1.0,637,16000,25,10,audio74_v1,D:\develop\Anaconda3\envs\cpmcm-e-cpu\Lib\site-packages\imageio_ffmpeg\binaries\ffmpeg-win-x86_64-v7.1.exe
-t217m2on-s_2,PASS,,5.69,5.6301875,-0.05981250000000049,"(50,74)",50,1.0,561,16000,25,10,audio74_v1,D:\develop\Anaconda3\envs\cpmcm-e-cpu\Lib\site-packages\imageio_ffmpeg\binaries\ffmpeg-win-x86_64-v7.1.exe
-t217m2on-s_7,PASS,,17.18,17.026375,-0.15362499999999812,"(50,74)",50,1.0,1701,16000,25,10,audio74_v1,D:\develop\Anaconda3\envs\cpmcm-e-cpu\Lib\site-packages\imageio_ffmpeg\binaries\ffmpeg-win-x86_64-v7.1.exe
-tANM6ETl_M_3,PASS,,6.76,6.603625,-0.1563749999999997,"(50,74)",49,0.98,658,16000,25,10,audio74_v1,D:\develop\Anaconda3\envs\cpmcm-e-cpu\Lib\site-packages\imageio_ffmpeg\binaries\ffmpeg-win-x86_64-v7.1.exe
-tPCytz4rww_11,PASS,,5.47,5.3785625,-0.09143749999999962,"(50,74)",50,1.0,536,16000,25,10,audio74_v1,D:\develop\Anaconda3\envs\cpmcm-e-cpu\Lib\site-packages\imageio_ffmpeg\binaries\ffmpeg-win-x86_64-v7.1.exe
-tPCytz4rww_10,PASS,,4.79,4.6788125,-0.11118749999999977,"(50,74)",49,0.98,466,16000,25,10,audio74_v1,D:\develop\Anaconda3\envs\cpmcm-e-cpu\Lib\site-packages\imageio_ffmpeg\binaries\ffmpeg-win-x86_64-v7.1.exe
-tPCytz4rww_12,PASS,,11.86,11.7361875,-0.12381249999999966,"(50,74)",50,1.0,1172,16000,25,10,audio74_v1,D:\develop\Anaconda3\envs\cpmcm-e-cpu\Lib\site-packages\imageio_ffmpeg\binaries\ffmpeg-win-x86_64-v7.1.exe
-tPCytz4rww_16,PASS,,7.21,7.1391875,-0.07081249999999972,"(50,74)",50,1.0,712,16000,25,10,audio74_v1,D:\develop\Anaconda3\envs\cpmcm-e-cpu\Lib\site-packages\imageio_ffmpeg\binaries\ffmpeg-win-x86_64-v7.1.exe
-tPCytz4rww_18,PASS,,6.64,6.5688125,-0.07118749999999974,"(50,74)",50,1.0,655,16000,25,10,audio74_v1,D:\develop\Anaconda3\envs\cpmcm-e-cpu\Lib\site-packages\imageio_ffmpeg\binaries\ffmpeg-win-x86_64-v7.1.exe
-vxjVxOeScU_4,PASS,,9.13,9.0370625,-0.09293750000000145,"(50,74)",50,1.0,902,16000,25,10,audio74_v1,D:\develop\Anaconda3\envs\cpmcm-e-cpu\Lib\site-packages\imageio_ffmpeg\binaries\ffmpeg-win-x86_64-v7.1.exe
-wMB_hJL-3o_7,PASS,,6.04,5.9755625,-0.06443750000000037,"(50,74)",50,1.0,596,16000,25,10,audio74_v1,D:\develop\Anaconda3\envs\cpmcm-e-cpu\Lib\site-packages\imageio_ffmpeg\binaries\ffmpeg-win-x86_64-v7.1.exe
-wny0OAz3g8_1,PASS,,6.84,6.7765625,-0.06343750000000004,"(50,74)",50,1.0,676,16000,25,10,audio74_v1,D:\develop\Anaconda3\envs\cpmcm-e-cpu\Lib\site-packages\imageio_ffmpeg\binaries\ffmpeg-win-x86_64-v7.1.exe
-wny0OAz3g8_0,PASS,,3.33,3.274,-0.05600000000000005,"(50,74)",49,0.98,325,16000,25,10,audio74_v1,D:\develop\Anaconda3\envs\cpmcm-e-cpu\Lib\site-packages\imageio_ffmpeg\binaries\ffmpeg-win-x86_64-v7.1.exe
-wny0OAz3g8_3,PASS,,6.15,6.099875,-0.05012500000000042,"(50,74)",50,1.0,608,16000,25,10,audio74_v1,D:\develop\Anaconda3\envs\cpmcm-e-cpu\Lib\site-packages\imageio_ffmpeg\binaries\ffmpeg-win-x86_64-v7.1.exe
-wny0OAz3g8_2,PASS,,6.69,6.5226875,-0.16731250000000042,"(50,74)",49,0.98,650,16000,25,10,audio74_v1,D:\develop\Anaconda3\envs\cpmcm-e-cpu\Lib\site-packages\imageio_ffmpeg\binaries\ffmpeg-win-x86_64-v7.1.exe
-wny0OAz3g8_5,PASS,,6.91,6.7414375,-0.16856250000000017,"(50,74)",49,0.98,672,16000,25,10,audio74_v1,D:\develop\Anaconda3\envs\cpmcm-e-cpu\Lib\site-packages\imageio_ffmpeg\binaries\ffmpeg-win-x86_64-v7.1.exe
-wny0OAz3g8_7,PASS,,8.07,7.9105,-0.15950000000000042,"(50,74)",49,0.98,789,16000,25,10,audio74_v1,D:\develop\Anaconda3\envs\cpmcm-e-cpu\Lib\site-packages\imageio_ffmpeg\binaries\ffmpeg-win-x86_64-v7.1.exe
-wny0OAz3g8_9,PASS,,6.21,6.0435,-0.1665000000000001,"(50,74)",49,0.98,602,16000,25,10,audio74_v1,D:\develop\Anaconda3\envs\cpmcm-e-cpu\Lib\site-packages\imageio_ffmpeg\binaries\ffmpeg-win-x86_64-v7.1.exe
-571d8cVauQ_0,PASS,,5.07,4.9923125,-0.07768750000000058,"(50,74)",50,1.0,497,16000,25,10,audio74_v1,D:\develop\Anaconda3\envs\cpmcm-e-cpu\Lib\site-packages\imageio_ffmpeg\binaries\ffmpeg-win-x86_64-v7.1.exe
-571d8cVauQ_5,PASS,,15.27,15.11525,-0.15474999999999994,"(50,74)",50,1.0,1510,16000,25,10,audio74_v1,D:\develop\Anaconda3\envs\cpmcm-e-cpu\Lib\site-packages\imageio_ffmpeg\binaries\ffmpeg-win-x86_64-v7.1.exe
-I_e4mIh0yE_1,PASS,,7.62,7.4443125,-0.17568750000000044,"(50,74)",49,0.98,742,16000,25,10,audio74_v1,D:\develop\Anaconda3\envs\cpmcm-e-cpu\Lib\site-packages\imageio_ffmpeg\binaries\ffmpeg-win-x86_64-v7.1.exe
-I_e4mIh0yE_3,PASS,,9.16,8.994375,-0.16562500000000036,"(50,74)",49,0.98,897,16000,25,10,audio74_v1,D:\develop\Anaconda3\envs\cpmcm-e-cpu\Lib\site-packages\imageio_ffmpeg\binaries\ffmpeg-win-x86_64-v7.1.exe
-UacrmKiTn4_10,PASS,,7.36,7.2420625,-0.11793750000000003,"(50,74)",50,1.0,722,16000,25,10,audio74_v1,D:\develop\Anaconda3\envs\cpmcm-e-cpu\Lib\site-packages\imageio_ffmpeg\binaries\ffmpeg-win-x86_64-v7.1.exe
-UacrmKiTn4_4,PASS,,4.74,4.6819375,-0.05806250000000013,"(50,74)",50,1.0,466,16000,25,10,audio74_v1,D:\develop\Anaconda3\envs\cpmcm-e-cpu\Lib\site-packages\imageio_ffmpeg\binaries\ffmpeg-win-x86_64-v7.1.exe
-hnBHBN8p5A_7,PASS,,7.37,7.3085625,-0.061437500000000256,"(50,74)",50,1.0,729,16000,25,10,audio74_v1,D:\develop\Anaconda3\envs\cpmcm-e-cpu\Lib\site-packages\imageio_ffmpeg\binaries\ffmpeg-win-x86_64-v7.1.exe
-hnBHBN8p5A_6,PASS,,6.4,6.3328125,-0.06718750000000018,"(50,74)",50,1.0,631,16000,25,10,audio74_v1,D:\develop\Anaconda3\envs\cpmcm-e-cpu\Lib\site-packages\imageio_ffmpeg\binaries\ffmpeg-win-x86_64-v7.1.exe
-qDkUB0GgYY_6,PASS,,4.68,4.6146875,-0.0653125000000001,"(50,74)",50,1.0,459,16000,25,10,audio74_v1,D:\develop\Anaconda3\envs\cpmcm-e-cpu\Lib\site-packages\imageio_ffmpeg\binaries\ffmpeg-win-x86_64-v7.1.exe
-uywlfIYOS8_4,PASS,,6.04,5.881125,-0.1588750000000001,"(50,74)",49,0.98,586,16000,25,10,audio74_v1,D:\develop\Anaconda3\envs\cpmcm-e-cpu\Lib\site-packages\imageio_ffmpeg\binaries\ffmpeg-win-x86_64-v7.1.exe
-6rXp3zJ3kc_8,PASS,,12.81,12.738,-0.07200000000000095,"(50,74)",50,1.0,1272,16000,25,10,audio74_v1,D:\develop\Anaconda3\envs\cpmcm-e-cpu\Lib\site-packages\imageio_ffmpeg\binaries\ffmpeg-win-x86_64-v7.1.exe
-9y-fZ3swSY_0,PASS,,6.83,6.757,-0.0730000000000004,"(50,74)",50,1.0,674,16000,25,10,audio74_v1,D:\develop\Anaconda3\envs\cpmcm-e-cpu\Lib\site-packages\imageio_ffmpeg\binaries\ffmpeg-win-x86_64-v7.1.exe
-9y-fZ3swSY_4,PASS,,2.82,2.6648125,-0.1551874999999998,"(50,74)",47,0.94,264,16000,25,10,audio74_v1,D:\develop\Anaconda3\envs\cpmcm-e-cpu\Lib\site-packages\imageio_ffmpeg\binaries\ffmpeg-win-x86_64-v7.1.exe
-9y-fZ3swSY_8,PASS,,4.99,4.917,-0.0730000000000004,"(50,74)",50,1.0,490,16000,25,10,audio74_v1,D:\develop\Anaconda3\envs\cpmcm-e-cpu\Lib\site-packages\imageio_ffmpeg\binaries\ffmpeg-win-x86_64-v7.1.exe
-AUZQgSxyPQ_2,PASS,,22.51,22.4045625,-0.10543750000000074,"(50,74)",50,1.0,2238,16000,25,10,audio74_v1,D:\develop\Anaconda3\envs\cpmcm-e-cpu\Lib\site-packages\imageio_ffmpeg\binaries\ffmpeg-win-x86_64-v7.1.exe
-HeZS2-Prhc_2,PASS,,8.26,8.150875,-0.10912500000000058,"(50,74)",50,1.0,813,16000,25,10,audio74_v1,D:\develop\Anaconda3\envs\cpmcm-e-cpu\Lib\site-packages\imageio_ffmpeg\binaries\ffmpeg-win-x86_64-v7.1.exe
-MeTTeMJBNc_0,PASS,,9.3,9.2183125,-0.08168750000000102,"(50,74)",50,1.0,920,16000,25,10,audio74_v1,D:\develop\Anaconda3\envs\cpmcm-e-cpu\Lib\site-packages\imageio_ffmpeg\binaries\ffmpeg-win-x86_64-v7.1.exe
-MeTTeMJBNc_13,PASS,,5.43,5.2555,-0.1745000000000001,"(50,74)",49,0.98,524,16000,25,10,audio74_v1,D:\develop\Anaconda3\envs\cpmcm-e-cpu\Lib\site-packages\imageio_ffmpeg\binaries\ffmpeg-win-x86_64-v7.1.exe
-MeTTeMJBNc_7,PASS,,10.52,10.4113125,-0.10868750000000027,"(50,74)",50,1.0,1039,16000,25,10,audio74_v1,D:\develop\Anaconda3\envs\cpmcm-e-cpu\Lib\site-packages\imageio_ffmpeg\binaries\ffmpeg-win-x86_64-v7.1.exe
-RfYyzHpjk4_11,PASS,,5.24,5.074875,-0.16512500000000063,"(50,74)",49,0.98,505,16000,25,10,audio74_v1,D:\develop\Anaconda3\envs\cpmcm-e-cpu\Lib\site-packages\imageio_ffmpeg\binaries\ffmpeg-win-x86_64-v7.1.exe
-RfYyzHpjk4_8,PASS,,4.59,4.532375,-0.057624999999999815,"(50,74)",50,1.0,451,16000,25,10,audio74_v1,D:\develop\Anaconda3\envs\cpmcm-e-cpu\Lib\site-packages\imageio_ffmpeg\binaries\ffmpeg-win-x86_64-v7.1.exe
-RfYyzHpjk4_2,PASS,,5.52,5.3918125,-0.12818749999999923,"(50,74)",49,0.98,537,16000,25,10,audio74_v1,D:\develop\Anaconda3\envs\cpmcm-e-cpu\Lib\site-packages\imageio_ffmpeg\binaries\ffmpeg-win-x86_64-v7.1.exe
-UUCSKoHeMA_0,PASS,,7.8,7.73225,-0.0677500000000002,"(50,74)",50,1.0,771,16000,25,10,audio74_v1,D:\develop\Anaconda3\envs\cpmcm-e-cpu\Lib\site-packages\imageio_ffmpeg\binaries\ffmpeg-win-x86_64-v7.1.exe
-ri04Z7vwnc_0,PASS,,2.81,2.76325,-0.04674999999999985,"(50,74)",49,0.98,274,16000,25,10,audio74_v1,D:\develop\Anaconda3\envs\cpmcm-e-cpu\Lib\site-packages\imageio_ffmpeg\binaries\ffmpeg-win-x86_64-v7.1.exe
-ri04Z7vwnc_2,PASS,,6.03,5.913375,-0.11662499999999998,"(50,74)",49,0.98,589,16000,25,10,audio74_v1,D:\develop\Anaconda3\envs\cpmcm-e-cpu\Lib\site-packages\imageio_ffmpeg\binaries\ffmpeg-win-x86_64-v7.1.exe
-ri04Z7vwnc_5,PASS,,3.55,3.43975,-0.11024999999999974,"(50,74)",49,0.98,342,16000,25,10,audio74_v1,D:\develop\Anaconda3\envs\cpmcm-e-cpu\Lib\site-packages\imageio_ffmpeg\binaries\ffmpeg-win-x86_64-v7.1.exe
-s9qJ7ATP7w_1,PASS,,4.79,4.6438125,-0.14618749999999991,"(50,74)",49,0.98,462,16000,25,10,audio74_v1,D:\develop\Anaconda3\envs\cpmcm-e-cpu\Lib\site-packages\imageio_ffmpeg\binaries\ffmpeg-win-x86_64-v7.1.exe
-s9qJ7ATP7w_0,PASS,,6.8,6.7105625,-0.08943749999999984,"(50,74)",50,1.0,669,16000,25,10,audio74_v1,D:\develop\Anaconda3\envs\cpmcm-e-cpu\Lib\site-packages\imageio_ffmpeg\binaries\ffmpeg-win-x86_64-v7.1.exe
-s9qJ7ATP7w_5,PASS,,8.56,8.397875,-0.16212499999999963,"(50,74)",49,0.98,838,16000,25,10,audio74_v1,D:\develop\Anaconda3\envs\cpmcm-e-cpu\Lib\site-packages\imageio_ffmpeg\binaries\ffmpeg-win-x86_64-v7.1.exe
-s9qJ7ATP7w_4,PASS,,4.43,4.246875,-0.18312499999999954,"(50,74)",48,0.96,423,16000,25,10,audio74_v1,D:\develop\Anaconda3\envs\cpmcm-e-cpu\Lib\site-packages\imageio_ffmpeg\binaries\ffmpeg-win-x86_64-v7.1.exe
-s9qJ7ATP7w_7,PASS,,6.97,6.8385625,-0.13143749999999965,"(50,74)",49,0.98,682,16000,25,10,audio74_v1,D:\develop\Anaconda3\envs\cpmcm-e-cpu\Lib\site-packages\imageio_ffmpeg\binaries\ffmpeg-win-x86_64-v7.1.exe
-s9qJ7ATP7w_6,PASS,,2.48,2.3148125,-0.16518750000000004,"(50,74)",47,0.94,229,16000,25,10,audio74_v1,D:\develop\Anaconda3\envs\cpmcm-e-cpu\Lib\site-packages\imageio_ffmpeg\binaries\ffmpeg-win-x86_64-v7.1.exe
-s9qJ7ATP7w_8,PASS,,3.29,3.18425,-0.10575000000000001,"(50,74)",49,0.98,316,16000,25,10,audio74_v1,D:\develop\Anaconda3\envs\cpmcm-e-cpu\Lib\site-packages\imageio_ffmpeg\binaries\ffmpeg-win-x86_64-v7.1.exe
-yRb-Jum7EQ_1,PASS,,29.29,29.10975,-0.1802500000000009,"(50,74)",50,1.0,2909,16000,25,10,audio74_v1,D:\develop\Anaconda3\envs\cpmcm-e-cpu\Lib\site-packages\imageio_ffmpeg\binaries\ffmpeg-win-x86_64-v7.1.exe
-yRb-Jum7EQ_5,PASS,,13.17,13.0445625,-0.1254375000000003,"(50,74)",50,1.0,1302,16000,25,10,audio74_v1,D:\develop\Anaconda3\envs\cpmcm-e-cpu\Lib\site-packages\imageio_ffmpeg\binaries\ffmpeg-win-x86_64-v7.1.exe
-yRb-Jum7EQ_6,PASS,,11.24,11.2425625,0.002562499999999801,"(50,74)",50,1.0,1122,16000,25,10,audio74_v1,D:\develop\Anaconda3\envs\cpmcm-e-cpu\Lib\site-packages\imageio_ffmpeg\binaries\ffmpeg-win-x86_64-v7.1.exe
