,,,missing_mae_difference,missing_mae_difference,mae_increase_difference,mae_increase_difference,macro_f1_drop_difference,macro_f1_drop_difference
,,,mean,std,mean,std,mean,std
variant,split,condition,,,,,,
fusion_aug,test,A30,0.016234801875220365,0.005877431190762907,-0.0006323986583285666,0.00024413831958846957,-0.001285167995238311,0.0010865575342752117
fusion_aug,test,T30,0.007208943367004377,0.006865329722505787,-0.009658257166544544,0.001974824158999406,-0.005768769307763166,0.011453879460469938
fusion_aug,test,TAV30,0.006803956296708811,0.006307508827255816,-0.0100632442368401,0.0020269789980295037,-0.006654830337429768,0.004011306784003413
fusion_aug,test,V30,0.0162948502434624,0.0056973505933596985,-0.0005723502900865087,0.00036741450576143283,0.005923210375869323,0.0069171822507500995
fusion_aug,valid,A30,0.003033366468217611,0.006333781099286386,-0.002019418610466822,0.0018531311812377928,0.00015512998754796663,0.005560352370853034
fusion_aug,valid,T30,0.002912739912668855,0.002023803567807374,-0.0021400451660156224,0.005399510789088556,-0.018704695523806342,0.007111722188115825
fusion_aug,valid,TAV30,0.0015294618076748332,0.005462269197916096,-0.0035233232710096332,0.0019228449316578851,-0.017811273245071365,0.011716798335971368
fusion_aug,valid,V30,0.001139422257741278,0.008768070836024081,-0.003913362820943134,0.001813984290154843,-0.004328419555448067,0.009460943144617607
robust_nogate,test,A30,0.01819192700915861,0.006502248159049401,0.00023133887184991503,0.0009550096527553577,0.0026473987248357336,0.004028152003197741
robust_nogate,test,T30,0.005920860502454956,0.010726032835644236,-0.012039727634853744,0.005147529794508753,-0.007223943284683468,0.00841703963878819
robust_nogate,test,TAV30,0.007486495706770145,0.007914813464762673,-0.010474092430538567,0.0033062720828823645,-0.007843023157938464,0.0015105035493247977
robust_nogate,test,V30,0.01749087042278709,0.00605055735268827,-0.00046971771452162516,0.000673695458965234,0.002930417053617911,0.005325651666622363
robust_nogate,valid,A30,0.002886262204911956,0.004699787927625265,-0.00019970867368908886,0.0006926053893329977,-4.992109110095556e-05,0.0004417705229645433
robust_nogate,valid,T30,0.004603313075171522,0.002046177338003028,0.0015173421965704887,0.0024639419409400033,-0.009813401623979146,0.00760817946945421
robust_nogate,valid,TAV30,0.0045911139912075,0.007016611023506819,0.0015051431126064552,0.003930984065577375,-0.009649562901556621,0.008194760737738607
robust_nogate,valid,V30,0.001906560526953778,0.006572498719741849,-0.0011794103516472548,0.00327782847474736,-0.0016404680676087673,0.011115351161813792
robust_norec,test,A30,0.018530527750650987,0.01193251467040127,-0.0005636612574259409,0.00249698959512665,0.0006157543549350999,0.0043550857135478205
robust_norec,test,T30,0.006048030323452413,0.01176139830082342,-0.013046158684624512,0.00556650273245271,-0.01363835140719591,0.012577725824510238
robust_norec,test,TAV30,0.0069592926237318,0.01034511962765628,-0.01213489638434511,0.0033371426054043044,-0.015564033614482678,0.011517286071617406
robust_norec,test,V30,0.01751877864201858,0.008465367147417585,-0.0015754103660583225,0.005187832224886775,0.003491666196574089,0.012779246811567434
robust_norec,valid,A30,-0.0016121334499783002,0.009938948251952521,0.0005601776970757224,0.003109847185141804,-0.001991656967441955,0.006948515103978659
robust_norec,valid,T30,0.0051619145605298995,0.010966113195790567,0.007334225707583922,0.004517548728556338,-0.010961539316207724,0.015113975976337358
robust_norec,valid,TAV30,0.0028251541985405437,0.008604196713848305,0.004997465345594578,0.0017989562137599438,-0.010160679584529321,0.008078246241886598
robust_norec,valid,V30,-0.008908430735270133,0.005642176369070362,-0.006736119588216088,0.00405823914361536,-0.008271635758141344,0.009472497056803105
robust_rec,test,A30,0.0175414085388183,0.010886297381219507,0.0006418029467264555,0.0030898563675646664,0.005243556965100578,0.005375444523070494
robust_rec,test,T30,0.004178047180175756,0.010791792235327792,-0.012721558411916056,0.006315651652395523,-0.009731467150270656,0.009286286798562957
robust_rec,test,TAV30,0.004568768872155067,0.008462771995059898,-0.012330836719936733,0.005280228939238809,-0.008379236143918533,0.007358471306770145
robust_rec,test,V30,0.01609616809421111,0.008079979327318671,-0.0008034374978806996,0.004398459736653204,0.005556082226503857,0.010355345082903027
robust_rec,valid,A30,-0.0026907126108805224,0.008395283720529348,-0.00021672248840331107,0.0013099905584864542,-0.0003571783877863646,0.0051105825313647844
robust_rec,valid,T30,0.0023774372206793663,0.006409883349322002,0.004851427343156567,0.0012308120607098147,-0.015575106433559712,0.005517804175602948
robust_rec,valid,TAV30,-0.00030547380447387766,0.004436222194198183,0.0021685163180033447,0.003499733987088843,-0.01588844797889171,0.0043438558643939884
robust_rec,valid,V30,-0.008286310566796155,0.006592894646976385,-0.005812320444318922,0.003956271050785094,-0.004135537941436088,0.00884484912699485
text_only,test,A30,0.015393296877543088,0.00292422066551283,0.0009657740592956436,0.0008822271389893401,0.004312541546962978,0.0035034871901456384
text_only,test,T30,0.007325722111595955,0.003834690023736801,-0.007101800706651422,0.0033313283284239583,0.0010856567683929993,0.01969608720253141
text_only,test,TAV30,0.010919921927981852,0.005068097344305345,-0.0035076008902655445,0.006144145326418083,0.0035815773546014353,0.019358804686212896
text_only,test,V30,0.016259736484951368,0.0037167136301765355,0.0018322136667039445,0.003171180362385697,0.007869387238604955,0.007247580253964056
text_only,valid,A30,0.009865118397606688,0.007950522610250928,-0.0009316470887925445,0.0005077165278175592,-0.0006256852114255108,0.004250013354782358
text_only,valid,T30,0.007224394215477811,0.00992800835348586,-0.0035723712709214775,0.010816518418090459,-0.004456950699862822,0.00789178607779137
text_only,valid,TAV30,0.008647852473788778,0.006679879220038706,-0.0021489130126105117,0.004043747196049802,-0.003472459823901233,0.011320133166178456
text_only,valid,V30,0.010073052512274845,0.009630528709888236,-0.0007237129741244665,0.0034886990682132155,-0.002437248058624167,0.005568035815215552
