variant,seed,split,condition,mask_seed,best_epoch,accuracy,macro_f1,weighted_f1,mae,pearson,polarity_regression_conflict,raw_mae,raw_pearson,raw_polarity_regression_conflict,n
fusion_aug,42,valid,clean,20260924,10,0.5728021978021978,0.5470525224008608,0.5741345475904595,0.6427701711654663,0.5637549443197474,0.0,0.6481174230575562,0.5750789465676543,0.006868131868131868,728
fusion_aug,42,valid,T30,20260924,10,0.5645604395604396,0.5367489081990212,0.5631703716963833,0.6519770622253418,0.531921752243104,0.0,0.6650279760360718,0.5316451011841835,0.01098901098901099,728
fusion_aug,42,valid,A30,20260924,10,0.5686813186813187,0.5421532953491717,0.5696424864613377,0.6437016725540161,0.5667263337371753,0.0,0.6485269665718079,0.5786769010992732,0.006868131868131868,728
fusion_aug,42,valid,V30,20260924,10,0.5714285714285714,0.5479785405029852,0.5745276255270604,0.6409532427787781,0.5698291871042043,0.0,0.6474170088768005,0.5774196368860042,0.006868131868131868,728
fusion_aug,42,valid,TAV30,20260924,10,0.5741758241758241,0.5465466354585525,0.5722838663327191,0.648382306098938,0.5395479087480027,0.0,0.6609634757041931,0.5399690527981387,0.0027472527472527475,728
fusion_aug,42,valid,T30,20260925,10,0.5521978021978022,0.5268912762864376,0.5524154660476001,0.6823481917381287,0.4816464639212235,0.0,0.6916731595993042,0.4899975619949659,0.0027472527472527475,728
fusion_aug,42,valid,A30,20260925,10,0.5659340659340659,0.5422713755560471,0.5682980118016615,0.6443180441856384,0.565623989550539,0.0,0.6491619348526001,0.5788103204808148,0.01098901098901099,728
fusion_aug,42,valid,V30,20260925,10,0.5782967032967034,0.5549512734386685,0.5805434394870169,0.639430046081543,0.5697525090712143,0.0,0.6472765207290649,0.5768111918061549,0.01098901098901099,728
fusion_aug,42,valid,TAV30,20260925,10,0.5453296703296703,0.519300336687573,0.5460401542350225,0.6816536784172058,0.4886665053592068,0.0,0.6911747455596924,0.4982500500925141,0.006868131868131868,728
fusion_aug,42,valid,T30,20260926,10,0.5686813186813187,0.5426119837114601,0.5689114550371095,0.6636893153190613,0.5377240923807076,0.0,0.6721298098564148,0.5442244610647509,0.008241758241758242,728
fusion_aug,42,valid,A30,20260926,10,0.5755494505494505,0.54937768517082,0.5763865705917076,0.6423359513282776,0.5686649079247118,0.0,0.6486144065856934,0.579632212339367,0.006868131868131868,728
fusion_aug,42,valid,V30,20260926,10,0.5769230769230769,0.5527239448685365,0.579517674159016,0.6418080925941467,0.5691232348269054,0.0,0.6502988338470459,0.5737859234214662,0.009615384615384616,728
fusion_aug,42,valid,TAV30,20260926,10,0.5576923076923077,0.5328778883765308,0.5588367063338633,0.6658774614334106,0.539008163422139,0.0,0.6728677153587341,0.5500232882719244,0.008241758241758242,728
fusion_aug,42,test,clean,20260924,10,0.609353507565337,0.5744621250901453,0.6144655482144951,0.7403095960617065,0.5280854877513305,0.0,0.7468329668045044,0.536959329927521,0.009628610729023384,727
fusion_aug,42,test,T30,20260924,10,0.6052269601100413,0.5671716964571353,0.6092689977473865,0.7578920722007751,0.4928889818087669,0.0,0.7657585740089417,0.499364644977022,0.009628610729023384,727
fusion_aug,42,test,A30,20260924,10,0.6217331499312242,0.5843231445929254,0.6247286797873393,0.7393204569816589,0.5325411597599677,0.0,0.7455369830131531,0.5411484224037463,0.008253094910591471,727
fusion_aug,42,test,V30,20260924,10,0.6121045392022009,0.5782074434422051,0.6169074751730595,0.7408465147018433,0.5281447895782838,0.0,0.7469301223754883,0.5384427509487164,0.011004126547455296,727
fusion_aug,42,test,TAV30,20260924,10,0.6079779917469051,0.5670170310426365,0.6113008162755006,0.7540525197982788,0.5064648109508302,0.0,0.7625187635421753,0.5105028852373121,0.012379642365887207,727
fusion_aug,42,test,T30,20260925,10,0.6011004126547456,0.5662518952786337,0.6047338564299551,0.7522279024124146,0.4985054098353451,0.0,0.7632631659507751,0.5008303549324866,0.008253094910591471,727
fusion_aug,42,test,A30,20260925,10,0.6189821182943603,0.5827393706181585,0.6227708767411155,0.7385262250900269,0.5326529099394661,0.0,0.7432731986045837,0.5425027798819702,0.008253094910591471,727
fusion_aug,42,test,V30,20260925,10,0.6079779917469051,0.5733398733139182,0.613126028801499,0.7394199371337891,0.5291616734348922,0.0,0.7448031902313232,0.5395650695068144,0.013755158184319119,727
fusion_aug,42,test,TAV30,20260925,10,0.5969738651994498,0.5656659354072399,0.6020420362797076,0.7541545033454895,0.5059680217030192,0.0,0.7616786360740662,0.511429907060921,0.009628610729023384,727
fusion_aug,42,test,T30,20260926,10,0.5763411279229711,0.5460789972616923,0.5809840885046768,0.7671118378639221,0.486739063211249,0.0,0.7696465253829956,0.49923335383487855,0.005502063273727648,727
fusion_aug,42,test,A30,20260926,10,0.6107290233837689,0.5745875532644259,0.6149206060320214,0.7416718602180481,0.5314754633371728,0.0,0.7464847564697266,0.5420483984147697,0.0068775790921595595,727
fusion_aug,42,test,V30,20260926,10,0.6079779917469051,0.5719158011856588,0.6123943121922463,0.7429947853088379,0.5257610681961826,0.0,0.747931957244873,0.536689072978292,0.011004126547455296,727
fusion_aug,42,test,TAV30,20260926,10,0.5763411279229711,0.5437927824156029,0.5810458885185126,0.7684087157249451,0.49542641282442207,0.0,0.7708984613418579,0.5078850025245761,0.002751031636863824,727
fusion_aug,43,valid,clean,20260924,6,0.5782967032967034,0.5505063823490471,0.5762800037673871,0.6347895264625549,0.573648189628476,0.0,0.6403619050979614,0.578253463743595,0.019230769230769232,728
fusion_aug,43,valid,T30,20260924,6,0.5741758241758241,0.5508852059519207,0.5735037298648137,0.6470081806182861,0.5493050584612077,0.0,0.6601058840751648,0.5475320279949013,0.024725274725274724,728
fusion_aug,43,valid,A30,20260924,6,0.5879120879120879,0.5568506962858488,0.5843258230994407,0.633598804473877,0.5778514158862839,0.0,0.6428902745246887,0.5797854371025617,0.017857142857142856,728
fusion_aug,43,valid,V30,20260924,6,0.5824175824175825,0.5549867995440853,0.5807466700019779,0.6316967606544495,0.5745111439594991,0.0,0.6391481757164001,0.5777847166565685,0.017857142857142856,728
fusion_aug,43,valid,TAV30,20260924,6,0.5728021978021978,0.5454882567830875,0.5708398874803673,0.6477319002151489,0.5547327967883569,0.0,0.6601759791374207,0.5515127064934691,0.024725274725274724,728
fusion_aug,43,valid,T30,20260925,6,0.5439560439560439,0.5180884599546611,0.5447171484624526,0.6703783869743347,0.5005846338559916,0.0,0.6777482032775879,0.5075980103532434,0.024725274725274724,728
fusion_aug,43,valid,A30,20260925,6,0.5879120879120879,0.5599397999301959,0.5852812478737688,0.6355802416801453,0.5754893076255855,0.0,0.6443620324134827,0.5777286036158219,0.016483516483516484,728
fusion_aug,43,valid,V30,20260925,6,0.5810439560439561,0.5541944100247963,0.5797817984866207,0.6332053542137146,0.5751708217536631,0.0,0.6407123804092407,0.5787994876477275,0.019230769230769232,728
fusion_aug,43,valid,TAV30,20260925,6,0.554945054945055,0.5279743361616395,0.5549101874385514,0.6710097193717957,0.5061809065911378,0.0,0.6801851987838745,0.5084027986471549,0.013736263736263736,728
fusion_aug,43,valid,T30,20260926,6,0.5879120879120879,0.5606583917970859,0.5840236800436476,0.653297483921051,0.5473775466145139,0.0,0.6627689599990845,0.550112165569598,0.023351648351648352,728
fusion_aug,43,valid,A30,20260926,6,0.5851648351648352,0.5530992602393039,0.5814888386629372,0.6343385577201843,0.5763418710219291,0.0,0.6417980194091797,0.5799973960759199,0.016483516483516484,728
fusion_aug,43,valid,V30,20260926,6,0.5796703296703297,0.5524715354446345,0.5780922221405816,0.6355453133583069,0.5722856695348499,0.0,0.6417801380157471,0.576299070095692,0.019230769230769232,728
fusion_aug,43,valid,TAV30,20260926,6,0.5851648351648352,0.5586340948033565,0.5811020909359582,0.6535612940788269,0.551514168112576,0.0,0.6610289812088013,0.5525199273801522,0.024725274725274724,728
fusion_aug,43,test,clean,20260924,6,0.6176066024759285,0.5765271765271766,0.6157213717048655,0.7391436100006104,0.5405240079140119,0.0,0.7416799068450928,0.5510903553201053,0.015130674002751032,727
fusion_aug,43,test,T30,20260924,6,0.6066024759284732,0.5650521319638967,0.606357923728868,0.7519347667694092,0.510721823504125,0.0,0.7519880533218384,0.5222002669076419,0.02200825309491059,727
fusion_aug,43,test,A30,20260924,6,0.6176066024759285,0.5763655866945773,0.6153681908217378,0.7385889291763306,0.5436195839176481,0.0,0.7416353225708008,0.55346101368417,0.017881705639614855,727
fusion_aug,43,test,V30,20260924,6,0.6176066024759285,0.5774714847885579,0.6161330274726458,0.736696183681488,0.5399137423591385,0.0,0.7387005090713501,0.5516172585937479,0.023383768913342505,727
fusion_aug,43,test,TAV30,20260924,6,0.6066024759284732,0.5632961939594777,0.605940697963155,0.7475318312644958,0.5145900683040698,0.0,0.7471697926521301,0.5264878795285391,0.02063273727647868,727
fusion_aug,43,test,T30,20260925,6,0.5873452544704264,0.54345262231409,0.5856840475674464,0.7537972927093506,0.5071659224404811,0.0,0.7538898587226868,0.515496927293452,0.02063273727647868,727
fusion_aug,43,test,A30,20260925,6,0.6217331499312242,0.5822211879480602,0.6197633524406395,0.7342663407325745,0.5455711729866405,0.0,0.7374964952468872,0.5567810825602806,0.017881705639614855,727
fusion_aug,43,test,V30,20260925,6,0.6231086657496562,0.5830420851470871,0.6212198581284551,0.7351482510566711,0.542564538195251,0.0,0.7374194264411926,0.5530962286151477,0.016506189821182942,727
fusion_aug,43,test,TAV30,20260925,6,0.6038514442916093,0.5620943625726513,0.602461695997458,0.7419485449790955,0.5176241804454872,0.0,0.7463902831077576,0.5242739342321406,0.026134800550206328,727
fusion_aug,43,test,T30,20260926,6,0.5845942228335625,0.541925693578983,0.582463907246646,0.7552056908607483,0.5269465620122115,0.0,0.7597122192382812,0.5289028933338794,0.024759284731774415,727
fusion_aug,43,test,A30,20260926,6,0.6162310866574966,0.5762236484930243,0.6144611707950773,0.7390985488891602,0.5413756290646536,0.0,0.7415783405303955,0.553229788435715,0.01925722145804677,727
fusion_aug,43,test,V30,20260926,6,0.6189821182943603,0.5803102807822572,0.617872661769632,0.7363448143005371,0.5400378915612561,0.0,0.7384384274482727,0.5516515925643636,0.01925722145804677,727
fusion_aug,43,test,TAV30,20260926,6,0.5955983493810179,0.5525872511158657,0.5932165932364799,0.7488483190536499,0.5335588170917039,0.0,0.7536905407905579,0.5352484254276874,0.03576341127922971,727
fusion_aug,44,valid,clean,20260924,4,0.5975274725274725,0.5658778649466206,0.5906069392032051,0.6458020806312561,0.5614526043209666,0.0,0.6557928919792175,0.5614400685044451,0.009615384615384616,728
fusion_aug,44,valid,T30,20260924,4,0.5906593406593407,0.5596348554670391,0.5833733380447356,0.6710228323936462,0.5204422383332596,0.0,0.6804183125495911,0.5222395472162794,0.013736263736263736,728
fusion_aug,44,valid,A30,20260924,4,0.5879120879120879,0.5537342451059265,0.581025445793145,0.6424843072891235,0.5645916194775952,0.0,0.6514323353767395,0.5656219431033396,0.009615384615384616,728
fusion_aug,44,valid,V30,20260924,4,0.5906593406593407,0.5625930942120198,0.5870248887185964,0.6391632556915283,0.5638456463142199,0.0,0.6491719484329224,0.5640015644746365,0.004120879120879121,728
fusion_aug,44,valid,TAV30,20260924,4,0.5851648351648352,0.5552483358934972,0.580142131294205,0.6617766618728638,0.5263122716005005,0.0,0.6674718260765076,0.5320406379014152,0.008241758241758242,728
fusion_aug,44,valid,T30,20260925,4,0.5714285714285714,0.5437922361241665,0.5681986913313394,0.6705476641654968,0.50041828759128,0.0,0.6837937831878662,0.5015886327260743,0.016483516483516484,728
fusion_aug,44,valid,A30,20260925,4,0.5934065934065934,0.5631738092500425,0.5884142718965688,0.6418686509132385,0.566388635083406,0.0,0.652999758720398,0.5664291340775522,0.01098901098901099,728
fusion_aug,44,valid,V30,20260925,4,0.592032967032967,0.5633380176969768,0.5888452645536308,0.6395624279975891,0.5637354794506739,0.0,0.6506087779998779,0.5634022269672769,0.0027472527472527475,728
fusion_aug,44,valid,TAV30,20260925,4,0.5741758241758241,0.5449970581831153,0.5716746561800835,0.6620320677757263,0.5102029633311902,0.0,0.675042986869812,0.51038034691287,0.008241758241758242,728
fusion_aug,44,valid,T30,20260926,4,0.5934065934065934,0.5598177851102575,0.5862119349359115,0.6557962894439697,0.5430514508909668,0.0,0.6663342714309692,0.5418842779407247,0.009615384615384616,728
fusion_aug,44,valid,A30,20260926,4,0.5934065934065934,0.5626828054114679,0.5880695149711379,0.6420691609382629,0.5655908183352482,0.0,0.6519767045974731,0.5657852339791124,0.005494505494505495,728
fusion_aug,44,valid,V30,20260926,4,0.5906593406593407,0.5640932368282979,0.5879435627928729,0.6400139927864075,0.5608273130962377,0.0,0.6504433751106262,0.5613679142032909,0.004120879120879121,728
fusion_aug,44,valid,TAV30,20260926,4,0.5975274725274725,0.5688817776297367,0.5939059322601582,0.6487796902656555,0.5481753932204242,0.0,0.6589677333831787,0.547247794385307,0.005494505494505495,728
fusion_aug,44,test,clean,20260924,4,0.5955983493810179,0.5428358022625432,0.5916768360222769,0.724469780921936,0.5686863662049176,0.0,0.730241596698761,0.5759945752752627,0.008253094910591471,727
fusion_aug,44,test,T30,20260924,4,0.5955983493810179,0.5322363259452566,0.5880118626654172,0.7501763105392456,0.5262309101236956,0.0,0.7568241953849792,0.5318516293348969,0.008253094910591471,727
fusion_aug,44,test,A30,20260924,4,0.6038514442916093,0.548842860065443,0.5988220366884616,0.723014235496521,0.5675963022112273,0.0,0.7268699407577515,0.5756303359540634,0.009628610729023384,727
fusion_aug,44,test,V30,20260924,4,0.594222833562586,0.5454219379068737,0.5932160530913463,0.7193877100944519,0.5699540634547,0.0,0.7242559194564819,0.5780480036215561,0.008253094910591471,727
fusion_aug,44,test,TAV30,20260924,4,0.5873452544704264,0.5269351983828536,0.5830308499633162,0.7443671226501465,0.5281971868663701,0.0,0.7483420372009277,0.5337917660270902,0.005502063273727648,727
fusion_aug,44,test,T30,20260925,4,0.5914718019257221,0.5309133336368401,0.5836671101138152,0.7386224269866943,0.5357689170967251,0.0,0.7460165023803711,0.5410588061425743,0.011004126547455296,727
fusion_aug,44,test,A30,20260925,4,0.6066024759284732,0.5541765145166715,0.6019991069838815,0.720239520072937,0.5706619658931065,0.0,0.726498544216156,0.5776964149500036,0.012379642365887207,727
fusion_aug,44,test,V30,20260925,4,0.5969738651994498,0.5451657800447166,0.5938826911577593,0.71848464012146,0.5709469858885762,0.0,0.7248673439025879,0.5774735994945013,0.008253094910591471,727
fusion_aug,44,test,TAV30,20260925,4,0.5928473177441541,0.5372490318333787,0.5888158180260548,0.731010913848877,0.5399150034909385,0.0,0.7389055490493774,0.5428490582397211,0.005502063273727648,727
fusion_aug,44,test,T30,20260926,4,0.6011004126547456,0.5465243797014763,0.5957704331995531,0.7304880619049072,0.5501220700342286,0.0,0.7398599982261658,0.5571289670830016,0.015130674002751032,727
fusion_aug,44,test,A30,20260926,4,0.6038514442916093,0.5523748313261213,0.5996530313361809,0.7226592898368835,0.5680966551263164,0.0,0.7294950485229492,0.5749393651138581,0.009628610729023384,727
fusion_aug,44,test,V30,20260926,4,0.5928473177441541,0.5441162167929416,0.5910071503370196,0.7208050489425659,0.5678975003017628,0.0,0.7260012030601501,0.5761093438475293,0.0068775790921595595,727
fusion_aug,44,test,TAV30,20260926,4,0.6038514442916093,0.5514071239511732,0.599123975945308,0.731141209602356,0.5484402036913532,0.0,0.7383735775947571,0.555230854377049,0.008253094910591471,727
fusion_clean,42,valid,clean,20260924,5,0.6071428571428571,0.5570333560432523,0.589861439117685,0.6456804871559143,0.5755203205174341,0.0,0.6517685055732727,0.5752363361981409,0.01510989010989011,728
fusion_clean,42,valid,T30,20260924,5,0.5865384615384616,0.5394105849601264,0.5728745144778593,0.6585131883621216,0.5382669293633501,0.0,0.6662015318870544,0.535674460824913,0.01510989010989011,728
fusion_clean,42,valid,A30,20260924,5,0.6085164835164835,0.5591315317717208,0.5918573947953643,0.646093487739563,0.5783191907060687,0.0,0.6520172953605652,0.5783443571325767,0.016483516483516484,728
fusion_clean,42,valid,V30,20260924,5,0.6002747252747253,0.5513602144400246,0.5843277871255507,0.6488704085350037,0.5753760894742703,0.0,0.6551030874252319,0.5752752422105193,0.012362637362637362,728
fusion_clean,42,valid,TAV30,20260924,5,0.5755494505494505,0.5281975156975157,0.5626611001611002,0.6634738445281982,0.5401864858451615,0.0,0.6700648665428162,0.5409433820015811,0.01510989010989011,728
fusion_clean,42,valid,T30,20260925,5,0.5659340659340659,0.5222768964116944,0.5562417539039218,0.6719344258308411,0.4975786219730684,0.0,0.6825665235519409,0.4960672242835263,0.016483516483516484,728
fusion_clean,42,valid,A30,20260925,5,0.6085164835164835,0.5597024709462045,0.5920599089664329,0.6470810770988464,0.5779104079796392,0.0,0.651982307434082,0.5795468704274684,0.016483516483516484,728
fusion_clean,42,valid,V30,20260925,5,0.5934065934065934,0.5455260498774147,0.5783720196357196,0.6505174040794373,0.5734601196201032,0.0,0.6563706994056702,0.5743945936345252,0.01510989010989011,728
fusion_clean,42,valid,TAV30,20260925,5,0.5673076923076923,0.5246055563670043,0.5584096360503626,0.6757497191429138,0.5021135438442315,0.0,0.6868925094604492,0.5021846005248074,0.009615384615384616,728
fusion_clean,42,valid,T30,20260926,5,0.5782967032967034,0.5319767287699279,0.5653860385772083,0.664072573184967,0.5442054955200435,0.0,0.6711640954017639,0.5465284616586003,0.009615384615384616,728
fusion_clean,42,valid,A30,20260926,5,0.6085164835164835,0.5611813751491667,0.5932304364130958,0.6483275294303894,0.576929501206969,0.0,0.6542575359344482,0.5776907644242725,0.01510989010989011,728
fusion_clean,42,valid,V30,20260926,5,0.6016483516483516,0.5530179278978071,0.586063561713365,0.6494434475898743,0.5748585781212255,0.0,0.6568758487701416,0.5732366976400667,0.013736263736263736,728
fusion_clean,42,valid,TAV30,20260926,5,0.5865384615384616,0.5424987823616954,0.5748740294876636,0.6700116395950317,0.5467415616258565,0.0,0.6768987774848938,0.550108478101792,0.012362637362637362,728
fusion_clean,42,test,clean,20260924,5,0.6423658872077029,0.5788950003060194,0.6293677983258618,0.7241377830505371,0.5678476433990186,0.0,0.733795702457428,0.565832655974953,0.016506189821182942,727
fusion_clean,42,test,T30,20260924,5,0.6079779917469051,0.5511815776741881,0.6038707837136196,0.7503180503845215,0.5177522626106205,0.0,0.7595078945159912,0.5175945084876912,0.013755158184319119,727
fusion_clean,42,test,A30,20260924,5,0.6451169188445667,0.5864271298502239,0.6341854228746486,0.7242189049720764,0.5668187417617694,0.0,0.7310511469841003,0.5691600917544599,0.008253094910591471,727
fusion_clean,42,test,V30,20260924,5,0.6382393397524071,0.5762818404194839,0.6272418732828633,0.7266235947608948,0.564833837375286,0.0,0.7342161536216736,0.5667736325101784,0.017881705639614855,727
fusion_clean,42,test,TAV30,20260924,5,0.609353507565337,0.5540236076019612,0.6055806468585601,0.7496709227561951,0.5225679160110931,0.0,0.759280800819397,0.5257417992372142,0.011004126547455296,727
fusion_clean,42,test,T30,20260925,5,0.6011004126547456,0.5471603139083662,0.5963125701547594,0.7509711980819702,0.5073958758266388,0.0,0.7632489204406738,0.5046022512064852,0.012379642365887207,727
fusion_clean,42,test,A30,20260925,5,0.6451169188445667,0.585579226289029,0.6336628843520852,0.7228325605392456,0.5685736211335215,0.0,0.7297638654708862,0.5710103034497754,0.009628610729023384,727
fusion_clean,42,test,V30,20260925,5,0.6423658872077029,0.5813694252605855,0.6310584274514932,0.7238653898239136,0.5667117035318731,0.0,0.7323206067085266,0.5678924634934878,0.016506189821182942,727
fusion_clean,42,test,TAV30,20260925,5,0.5983493810178817,0.5487190991484693,0.5950776044813255,0.7524036169052124,0.5082786423706616,0.0,0.761768639087677,0.5118825909930794,0.01925722145804677,727
fusion_clean,42,test,T30,20260926,5,0.5983493810178817,0.5457411764444688,0.592513449718186,0.7501187324523926,0.5270094676770759,0.0,0.7585313320159912,0.5266646434057151,0.013755158184319119,727
fusion_clean,42,test,A30,20260926,5,0.6451169188445667,0.5825705897697127,0.6321644116218748,0.7250968217849731,0.5678157346368302,0.0,0.73260498046875,0.5696314711919236,0.009628610729023384,727
fusion_clean,42,test,V30,20260926,5,0.6451169188445667,0.5850797107106842,0.63387037335508,0.7265302538871765,0.5637458616287091,0.0,0.7351114749908447,0.564939796100139,0.015130674002751032,727
fusion_clean,42,test,TAV30,20260926,5,0.6038514442916093,0.5547556697747466,0.5997403880331438,0.7492184638977051,0.5327006911255944,0.0,0.760151743888855,0.532886987767802,0.009628610729023384,727
fusion_clean,43,valid,clean,20260924,6,0.5837912087912088,0.565761747330686,0.5888389198816091,0.6248404383659363,0.5844139891037559,0.0,0.6375167369842529,0.5825087318130664,0.008241758241758242,728
fusion_clean,43,valid,T30,20260924,6,0.5302197802197802,0.5202698782729871,0.5393402071939787,0.6511236429214478,0.5376989940983402,0.0,0.6621438264846802,0.5377407718958461,0.01098901098901099,728
fusion_clean,43,valid,A30,20260924,6,0.5837912087912088,0.5651250560696979,0.5886657935341761,0.6253310441970825,0.5870335991113821,0.0,0.6383436322212219,0.5855823591664392,0.006868131868131868,728
fusion_clean,43,valid,V30,20260924,6,0.5796703296703297,0.5620186272124322,0.5850115876509333,0.6256040930747986,0.5820021446461697,0.0,0.6373484134674072,0.5815873428182912,0.012362637362637362,728
fusion_clean,43,valid,TAV30,20260924,6,0.5260989010989011,0.5175924915473483,0.5366111513944636,0.6501467823982239,0.5343672387280352,0.0,0.6554113626480103,0.5421155571266595,0.006868131868131868,728
fusion_clean,43,valid,T30,20260925,6,0.5370879120879121,0.5277126719626046,0.5455320661622842,0.659771740436554,0.49647245041389043,0.0,0.6744006872177124,0.49782222228389483,0.013736263736263736,728
fusion_clean,43,valid,A30,20260925,6,0.5851648351648352,0.566948695210593,0.5899984164520079,0.6259291172027588,0.5844652084819997,0.0,0.6388406157493591,0.5826494375508223,0.01098901098901099,728
fusion_clean,43,valid,V30,20260925,6,0.5796703296703297,0.5617338036290654,0.5849241859216922,0.6256299018859863,0.5852680797646111,0.0,0.6381986141204834,0.582994719865775,0.01098901098901099,728
fusion_clean,43,valid,TAV30,20260925,6,0.5357142857142857,0.5282220457753579,0.5454639531105615,0.6586946845054626,0.4993232941819833,0.0,0.6724962592124939,0.49982042120204895,0.016483516483516484,728
fusion_clean,43,valid,T30,20260926,6,0.5563186813186813,0.5467107377943203,0.5659979690947308,0.6443988084793091,0.5377563351284929,0.0,0.664043664932251,0.5396258210306188,0.013736263736263736,728
fusion_clean,43,valid,A30,20260926,6,0.5851648351648352,0.5666104585070103,0.5903337303090999,0.6257122159004211,0.5847147863785186,0.0,0.6381216645240784,0.5845933412999474,0.005494505494505495,728
fusion_clean,43,valid,V30,20260926,6,0.5796703296703297,0.5615678592399117,0.5845658896773517,0.6269855499267578,0.5798452309724713,0.0,0.6388727426528931,0.5806577436824519,0.012362637362637362,728
fusion_clean,43,valid,TAV30,20260926,6,0.5480769230769231,0.5380270797912003,0.5591283486106464,0.6446314454078674,0.5368449496275295,0.0,0.6585124731063843,0.5413221264587714,0.009615384615384616,728
fusion_clean,43,test,clean,20260924,6,0.6203576341127923,0.5862169797255548,0.6249385479928442,0.7159522175788879,0.5571515257288769,0.0,0.7248212099075317,0.5630231316779063,0.013755158184319119,727
fusion_clean,43,test,T30,20260924,6,0.5873452544704264,0.5706247673198632,0.6007237134932808,0.739559531211853,0.5113615047449076,0.0,0.7458259463310242,0.5256197918501305,0.016506189821182942,727
fusion_clean,43,test,A30,20260924,6,0.6217331499312242,0.5878269434966055,0.6269910704534857,0.7155105471611023,0.558337895492081,0.0,0.7216973304748535,0.5665115313579465,0.012379642365887207,727
fusion_clean,43,test,V30,20260924,6,0.6189821182943603,0.5900560445134246,0.6261332286283514,0.7143715023994446,0.5551069417943876,0.0,0.721003532409668,0.562885438913395,0.011004126547455296,727
fusion_clean,43,test,TAV30,20260924,6,0.5900962861072903,0.5732587377420165,0.605374265160851,0.7321890592575073,0.5167392416450393,0.0,0.7372491359710693,0.5295750660063848,0.011004126547455296,727
fusion_clean,43,test,T30,20260925,6,0.5804676753782668,0.5600754458399767,0.5924224891930817,0.7409906983375549,0.5020950765184723,0.0,0.7490084767341614,0.513417752018216,0.013755158184319119,727
fusion_clean,43,test,A30,20260925,6,0.6189821182943603,0.5871038977727997,0.624615270790187,0.7129809856414795,0.5618149207426951,0.0,0.7188777923583984,0.5704793238891371,0.013755158184319119,727
fusion_clean,43,test,V30,20260925,6,0.6272352132049519,0.5972659324453358,0.632687104591476,0.711919367313385,0.5574066098646594,0.0,0.7206991910934448,0.5635297376348353,0.012379642365887207,727
fusion_clean,43,test,TAV30,20260925,6,0.5859697386519945,0.5669049470803679,0.5986908087114617,0.7312313318252563,0.5107238394379685,0.0,0.7397098541259766,0.5210711411647263,0.008253094910591471,727
fusion_clean,43,test,T30,20260926,6,0.5900962861072903,0.5681919802802431,0.6010100504809177,0.7405864596366882,0.522425276036206,0.0,0.749414324760437,0.5292127104831856,0.016506189821182942,727
fusion_clean,43,test,A30,20260926,6,0.6189821182943603,0.5845857286160758,0.6231078102558724,0.7164964079856873,0.55918275193312,0.0,0.7222896814346313,0.5671642388358807,0.011004126547455296,727
fusion_clean,43,test,V30,20260926,6,0.6176066024759285,0.5881803926705605,0.6242329881376308,0.7147544026374817,0.5544350820642908,0.0,0.7209053039550781,0.5623324342757967,0.011004126547455296,727
fusion_clean,43,test,TAV30,20260926,6,0.579092159559835,0.5586546995576622,0.5907797141926443,0.7385134696960449,0.5243370870891826,0.0,0.7432693243026733,0.5328356418326885,0.012379642365887207,727
fusion_clean,44,valid,clean,20260924,6,0.5851648351648352,0.5659031542696608,0.5869050530574662,0.6376824975013733,0.5654397689136302,0.0,0.6458561420440674,0.5716703666884265,0.009615384615384616,728
fusion_clean,44,valid,T30,20260924,6,0.5467032967032966,0.5369521667126208,0.5539402677459272,0.6591863632202148,0.5227172921643857,0.0,0.6689401865005493,0.5274308617855687,0.0027472527472527475,728
fusion_clean,44,valid,A30,20260924,6,0.5837912087912088,0.5632088297514872,0.5858174743686883,0.6353357434272766,0.5697500035104174,0.0,0.6417624354362488,0.5762077668587872,0.004120879120879121,728
fusion_clean,44,valid,V30,20260924,6,0.5824175824175825,0.5657218842584696,0.5869654194044438,0.6342315077781677,0.5660913609530064,0.0,0.6415435671806335,0.5743910085601626,0.006868131868131868,728
fusion_clean,44,valid,TAV30,20260924,6,0.5535714285714286,0.5433967088765644,0.5629897383141236,0.6482039093971252,0.5363612671878986,0.0,0.6566730737686157,0.5379660824693314,0.0027472527472527475,728
fusion_clean,44,valid,T30,20260925,6,0.5384615384615384,0.5283584136366158,0.5474995315047989,0.6739481687545776,0.4796838036263162,0.0,0.6839873194694519,0.4910394831286888,0.004120879120879121,728
fusion_clean,44,valid,A30,20260925,6,0.5810439560439561,0.5585563537076075,0.5818889645293318,0.6390348076820374,0.5674812228517678,0.0,0.6447318196296692,0.5745395279973509,0.0027472527472527475,728
fusion_clean,44,valid,V30,20260925,6,0.5892857142857143,0.572073004171299,0.5932549557864092,0.6345808506011963,0.5659416218472376,0.0,0.6428875923156738,0.5730302548585011,0.004120879120879121,728
fusion_clean,44,valid,TAV30,20260925,6,0.5343406593406593,0.5231258017007934,0.5445558740750911,0.6684132218360901,0.48287379433732425,0.0,0.6746765971183777,0.4952594026594006,0.005494505494505495,728
fusion_clean,44,valid,T30,20260926,6,0.5659340659340659,0.5529032282081062,0.5720863516787866,0.6569018363952637,0.5379124821519388,0.0,0.6667495369911194,0.5416652604694484,0.012362637362637362,728
fusion_clean,44,valid,A30,20260926,6,0.5796703296703297,0.5599988349144797,0.5813313921043263,0.6401500701904297,0.5656044934787088,0.0,0.6432411670684814,0.5755032014087345,0.0027472527472527475,728
fusion_clean,44,valid,V30,20260926,6,0.5879120879120879,0.571140169676755,0.5923755648145892,0.6352605223655701,0.564216456547694,0.0,0.6430779099464417,0.5709179668373255,0.005494505494505495,728
fusion_clean,44,valid,TAV30,20260926,6,0.5837912087912088,0.5697657424951781,0.5903208043737057,0.647714376449585,0.5404645020989384,0.0,0.6568150520324707,0.5468158713225071,0.004120879120879121,728
fusion_clean,44,test,clean,20260924,6,0.6038514442916093,0.5643077100130619,0.6077743800548333,0.7132313847541809,0.5587095857986202,0.0,0.716200053691864,0.5679665582525072,0.013755158184319119,727
fusion_clean,44,test,T30,20260924,6,0.5653370013755158,0.5407390987820668,0.577632874168407,0.7505185604095459,0.5059827866449988,0.0,0.7576618790626526,0.5165400932653629,0.016506189821182942,727
fusion_clean,44,test,A30,20260924,6,0.6148555708390646,0.5754338813472464,0.6187460807273975,0.7096483707427979,0.5618436102800838,0.0,0.7131991386413574,0.5702437371430435,0.013755158184319119,727
fusion_clean,44,test,V30,20260924,6,0.6134800550206327,0.5802512704686618,0.6196633714350956,0.7086746096611023,0.5559858568431445,0.0,0.7111584544181824,0.5678280788050891,0.012379642365887207,727
fusion_clean,44,test,TAV30,20260924,6,0.5639614855570839,0.5443839184200981,0.5798527066428117,0.7433467507362366,0.5108795758561063,0.0,0.7477222084999084,0.5192305554091565,0.005502063273727648,727
fusion_clean,44,test,T30,20260925,6,0.5859697386519945,0.5607149248673249,0.5948515278820032,0.7327609658241272,0.5169714631271715,0.0,0.7457084655761719,0.5206380307634604,0.013755158184319119,727
fusion_clean,44,test,A30,20260925,6,0.6121045392022009,0.5716002853121588,0.6157466091162289,0.7108135223388672,0.5608213044760723,0.0,0.713123083114624,0.5697010793550978,0.01925722145804677,727
fusion_clean,44,test,V30,20260925,6,0.6176066024759285,0.579505785856294,0.6225078939883764,0.7079069018363953,0.5595686315433365,0.0,0.7119296193122864,0.568849861856331,0.009628610729023384,727
fusion_clean,44,test,TAV30,20260925,6,0.5832187070151307,0.5600556845255548,0.5951928509131994,0.7295875549316406,0.5138350861429442,0.0,0.7365897297859192,0.5217573772724875,0.011004126547455296,727
fusion_clean,44,test,T30,20260926,6,0.5763411279229711,0.5500426257459505,0.584845951218635,0.7367516756057739,0.5234329553076766,0.0,0.7450688481330872,0.528825573789549,0.011004126547455296,727
fusion_clean,44,test,A30,20260926,6,0.6079779917469051,0.5659442616027236,0.6105051645019705,0.7136740684509277,0.5604948352169721,0.0,0.7152212262153625,0.5692146781709502,0.01925722145804677,727
fusion_clean,44,test,V30,20260926,6,0.6148555708390646,0.5810931529363228,0.6208728103160578,0.7088282108306885,0.555527315633448,0.0,0.7129693627357483,0.5655442300294775,0.012379642365887207,727
fusion_clean,44,test,TAV30,20260926,6,0.5777166437414031,0.5561788322874476,0.5880259128313504,0.734066903591156,0.5168434486391998,0.0,0.7382434606552124,0.5270792701262288,0.008253094910591471,727
robust_nogate,42,valid,clean,20260924,10,0.5741758241758241,0.54851696520668,0.5755806400755923,0.6447890996932983,0.5627212320469345,0.0,0.650831401348114,0.5742465693020661,0.008241758241758242,728
robust_nogate,42,valid,T30,20260924,10,0.5590659340659341,0.5310721550532888,0.5572655731805173,0.6533395051956177,0.5312587566387632,0.0,0.6662141680717468,0.5311050779570036,0.005494505494505495,728
robust_nogate,42,valid,A30,20260924,10,0.5782967032967034,0.5540190585332255,0.5800071855514829,0.6444112658500671,0.5665025970429078,0.0,0.6515278816223145,0.5779334340125238,0.006868131868131868,728
robust_nogate,42,valid,V30,20260924,10,0.5741758241758241,0.5503578383279929,0.5770114068661388,0.643437922000885,0.5684171642946555,0.0,0.6503897309303284,0.5758649488415956,0.004120879120879121,728
robust_nogate,42,valid,TAV30,20260924,10,0.5728021978021978,0.544989759344598,0.5710316123968199,0.6490908861160278,0.5383988341647221,0.0,0.6622340679168701,0.5387776128802536,0.008241758241758242,728
robust_nogate,42,valid,T30,20260925,10,0.5453296703296703,0.5183834350566165,0.5447687382606404,0.6847003102302551,0.4808227193805677,0.0,0.6922873258590698,0.4897581772727962,0.01098901098901099,728
robust_nogate,42,valid,A30,20260925,10,0.5741758241758241,0.5495426954144932,0.576043706521064,0.6454024314880371,0.5669495754617428,0.0,0.6516222953796387,0.5783258753479545,0.006868131868131868,728
robust_nogate,42,valid,V30,20260925,10,0.5796703296703297,0.5551054975892198,0.5819057879939017,0.6416603326797485,0.5686903593204516,0.0,0.6502895951271057,0.5756494213228852,0.004120879120879121,728
robust_nogate,42,valid,TAV30,20260925,10,0.5494505494505495,0.5219288261628349,0.5488179871573907,0.6822783946990967,0.49110545464617633,0.0,0.6927112936973572,0.4983504244520766,0.008241758241758242,728
robust_nogate,42,valid,T30,20260926,10,0.5673076923076923,0.5401224575401787,0.5665587413375902,0.6668262481689453,0.5346847507999555,0.0,0.6729485392570496,0.5441265989088455,0.012362637362637362,728
robust_nogate,42,valid,A30,20260926,10,0.5741758241758241,0.5495891148065061,0.5759617846574367,0.6467980742454529,0.5657691981658005,0.0,0.6519688367843628,0.5783028905182767,0.008241758241758242,728
robust_nogate,42,valid,V30,20260926,10,0.5755494505494505,0.5506427749474377,0.5779525244400492,0.6469117999076843,0.5640653286321029,0.0,0.6531262993812561,0.5726704925380411,0.005494505494505495,728
robust_nogate,42,valid,TAV30,20260926,10,0.5618131868131868,0.536587106126664,0.5627069610527735,0.6673777103424072,0.5385767647343304,0.0,0.6750049591064453,0.5493996668359995,0.01098901098901099,728
robust_nogate,42,test,clean,20260924,10,0.6162310866574966,0.5789959919210524,0.6196993706875142,0.7412972450256348,0.527098003810201,0.0,0.7482882738113403,0.536534669518799,0.009628610729023384,727
robust_nogate,42,test,T30,20260924,10,0.609353507565337,0.5717226890756303,0.61329551628079,0.7560151815414429,0.49556038436333255,0.0,0.768427848815918,0.497220022261989,0.012379642365887207,727
robust_nogate,42,test,A30,20260924,10,0.6176066024759285,0.5791725265220945,0.6196698215876515,0.7423843145370483,0.531464578762877,0.0,0.7471091747283936,0.5412319220232157,0.013755158184319119,727
robust_nogate,42,test,V30,20260924,10,0.6134800550206327,0.5773623441183626,0.6175870160523369,0.741859495639801,0.5280334707774665,0.0,0.7486281991004944,0.5375171493154254,0.011004126547455296,727
robust_nogate,42,test,TAV30,20260924,10,0.6176066024759285,0.5770796338097622,0.6203365391569152,0.7547444701194763,0.5075966118002959,0.0,0.7662464380264282,0.5087721597174617,0.009628610729023384,727
robust_nogate,42,test,T30,20260925,10,0.6024759284731774,0.5682664286467664,0.605677173054758,0.7543304562568665,0.49743164387603894,0.0,0.7645775079727173,0.499770307984251,0.008253094910591471,727
robust_nogate,42,test,A30,20260925,10,0.6189821182943603,0.5814445596441722,0.6218212946825777,0.7406836748123169,0.5325006482609711,0.0,0.7448878288269043,0.5424920598270214,0.012379642365887207,727
robust_nogate,42,test,V30,20260925,10,0.6134800550206327,0.5789000136511699,0.617938735443461,0.7411695718765259,0.5277087044296934,0.0,0.7466176152229309,0.5383156207764629,0.015130674002751032,727
robust_nogate,42,test,TAV30,20260925,10,0.6038514442916093,0.5699810023856197,0.6081564320910606,0.7562506198883057,0.5054934138606552,0.0,0.7637840509414673,0.5103467796301399,0.008253094910591471,727
robust_nogate,42,test,T30,20260926,10,0.579092159559835,0.5456823221154835,0.5822620873205859,0.768701434135437,0.48801275683096845,0.0,0.7711517214775085,0.4979154389367613,0.0068775790921595595,727
robust_nogate,42,test,A30,20260926,10,0.6107290233837689,0.5725583951174017,0.613908942905623,0.7445387244224548,0.5327314574649713,0.0,0.7476274967193604,0.5423650336765933,0.009628610729023384,727
robust_nogate,42,test,V30,20260926,10,0.6121045392022009,0.5766712833555774,0.6155462951599724,0.7453243732452393,0.5239452034623182,0.0,0.7494373321533203,0.5359985373565408,0.013755158184319119,727
robust_nogate,42,test,TAV30,20260926,10,0.5749656121045392,0.5392245272528247,0.5780706636755765,0.7713683247566223,0.4965843137473441,0.0,0.7721039652824402,0.5066497649898588,0.005502063273727648,727
robust_nogate,43,valid,clean,20260924,6,0.5851648351648352,0.5586838724093627,0.5834677723817996,0.6320091485977173,0.5751173937007495,0.0,0.6395509243011475,0.5785389839593162,0.019230769230769232,728
robust_nogate,43,valid,T30,20260924,6,0.5741758241758241,0.5501628755824416,0.5725484021051531,0.6517131924629211,0.5443947782655576,0.0,0.6624346375465393,0.5454563623839771,0.017857142857142856,728
robust_nogate,43,valid,A30,20260924,6,0.5879120879120879,0.5587494730583367,0.5844459740731338,0.6320456266403198,0.5784724426704452,0.0,0.6412697434425354,0.5808615407026757,0.019230769230769232,728
robust_nogate,43,valid,V30,20260924,6,0.5851648351648352,0.5593869731800766,0.5836554250347354,0.6314169764518738,0.5749935322155496,0.0,0.63808673620224,0.5776991030927521,0.01098901098901099,728
robust_nogate,43,valid,TAV30,20260924,6,0.5686813186813187,0.5412248503721372,0.5664674403314832,0.6519532799720764,0.5483946695592417,0.0,0.6615585684776306,0.5495754951784976,0.027472527472527472,728
robust_nogate,43,valid,T30,20260925,6,0.5453296703296703,0.5195142345328371,0.5466802807430765,0.6707193851470947,0.49970298550029646,0.0,0.6775663495063782,0.5078824988343337,0.019230769230769232,728
robust_nogate,43,valid,A30,20260925,6,0.5906593406593407,0.5620225881812685,0.5875946259096297,0.6334116458892822,0.5768946979581265,0.0,0.6427990198135376,0.5786369197898389,0.019230769230769232,728
robust_nogate,43,valid,V30,20260925,6,0.5837912087912088,0.5589929826555351,0.5828882420916994,0.6328908801078796,0.5761621165085368,0.0,0.6399248838424683,0.578909743238887,0.01510989010989011,728
robust_nogate,43,valid,TAV30,20260925,6,0.5453296703296703,0.5171811995838304,0.5443055708549587,0.6737602949142456,0.5050488749027073,0.0,0.6795864105224609,0.5088672838760397,0.016483516483516484,728
robust_nogate,43,valid,T30,20260926,6,0.5851648351648352,0.5589652706202016,0.5827376316368731,0.6537591218948364,0.5463184331512163,0.0,0.6619381904602051,0.5506712281572065,0.020604395604395604,728
robust_nogate,43,valid,A30,20260926,6,0.5865384615384616,0.5571780021501119,0.5833923131425625,0.634765625,0.5757339931641624,0.0,0.6406799554824829,0.5804044009196158,0.017857142857142856,728
robust_nogate,43,valid,V30,20260926,6,0.5865384615384616,0.5611315729561661,0.585147938532976,0.633678674697876,0.5734077278265203,0.0,0.6406499147415161,0.5764691430321516,0.016483516483516484,728
robust_nogate,43,valid,TAV30,20260926,6,0.5810439560439561,0.5549781178583361,0.5775360222620405,0.6549394726753235,0.5482108118376731,0.0,0.6599569320678711,0.5526113136275788,0.024725274725274724,728
robust_nogate,43,test,clean,20260924,6,0.6107290233837689,0.5706700657466083,0.6095265379352122,0.740921139717102,0.5359777467495807,0.0,0.7419328689575195,0.5485047259999081,0.017881705639614855,727
robust_nogate,43,test,T30,20260924,6,0.6024759284731774,0.5610236278670793,0.6022207962590485,0.7535871267318726,0.5078501892407278,0.0,0.7525229454040527,0.5204139151635717,0.02200825309491059,727
robust_nogate,43,test,A30,20260924,6,0.6107290233837689,0.56909554841958,0.6091832926541808,0.7404924631118774,0.539115626564509,0.0,0.7416700720787048,0.5513961307519459,0.015130674002751032,727
robust_nogate,43,test,V30,20260924,6,0.6162310866574966,0.5791774390356733,0.6159468072461953,0.7381143569946289,0.5365668635741508,0.0,0.7392074465751648,0.5486528254959155,0.024759284731774415,727
robust_nogate,43,test,TAV30,20260924,6,0.6038514442916093,0.5613661911516974,0.6039204776247171,0.7497885823249817,0.5123904720987491,0.0,0.7473843693733215,0.5258024362462294,0.02888583218707015,727
robust_nogate,43,test,T30,20260925,6,0.5845942228335625,0.5421602034183378,0.5831125362917681,0.7549187541007996,0.5023600576877528,0.0,0.7551809549331665,0.5115385103661622,0.024759284731774415,727
robust_nogate,43,test,A30,20260925,6,0.6148555708390646,0.5750196241797038,0.6132511617981863,0.7370221018791199,0.541677302128236,0.0,0.7376764416694641,0.5548272308450515,0.015130674002751032,727
robust_nogate,43,test,V30,20260925,6,0.6176066024759285,0.5803801169590643,0.6170658075725766,0.7358219027519226,0.5391280515267148,0.0,0.7376766800880432,0.550382102351088,0.01925722145804677,727
robust_nogate,43,test,TAV30,20260925,6,0.6038514442916093,0.5592439138654414,0.6013898298060281,0.7429437637329102,0.5159391799487448,0.0,0.7472598552703857,0.5215751261806829,0.026134800550206328,727
robust_nogate,43,test,T30,20260926,6,0.5859697386519945,0.5422484487000616,0.5831676703842477,0.7564756274223328,0.5218283471000115,0.0,0.7606456279754639,0.5252151326255782,0.033012379642365884,727
robust_nogate,43,test,A30,20260926,6,0.609353507565337,0.5657034416376785,0.6070266526884512,0.7410995960235596,0.5382741191961213,0.0,0.7419836521148682,0.5511802464016835,0.012379642365887207,727
robust_nogate,43,test,V30,20260926,6,0.6148555708390646,0.5771040329969187,0.6143142963276099,0.7382757067680359,0.5357067172465979,0.0,0.7390574812889099,0.5484953529484623,0.02200825309491059,727
robust_nogate,43,test,TAV30,20260926,6,0.5955983493810179,0.5540761100083135,0.5926406858213913,0.7498985528945923,0.5286281276789659,0.0,0.7544618844985962,0.5307894792018617,0.03163686382393398,727
robust_nogate,44,valid,clean,20260924,6,0.5906593406593407,0.5661275452942119,0.5881952042666329,0.6406630873680115,0.5656775968714486,0.0,0.6509912610054016,0.5674002086806935,0.004120879120879121,728
robust_nogate,44,valid,T30,20260924,6,0.5741758241758241,0.5452397138090967,0.5688181548195216,0.6636143326759338,0.5223876942876734,0.0,0.6697022318840027,0.5261236428971525,0.01098901098901099,728
robust_nogate,44,valid,A30,20260924,6,0.5851648351648352,0.5592667682590163,0.5823204847891789,0.639752209186554,0.5679560652409484,0.0,0.6492413282394409,0.5707923242149198,0.005494505494505495,728
robust_nogate,44,valid,V30,20260924,6,0.5824175824175825,0.5605796399493173,0.5828378281162013,0.6383872628211975,0.5665842784226084,0.0,0.645942747592926,0.5712671851948233,0.0027472527472527475,728
robust_nogate,44,valid,TAV30,20260924,6,0.5810439560439561,0.5524691580531259,0.5766328510926287,0.6576414108276367,0.5335959755728408,0.0,0.6641468405723572,0.5361526227570171,0.01098901098901099,728
robust_nogate,44,valid,T30,20260925,6,0.5631868131868132,0.5354799117580548,0.5617952753404234,0.675701379776001,0.4877114069051621,0.0,0.6811081171035767,0.4930628621270116,0.01510989010989011,728
robust_nogate,44,valid,A30,20260925,6,0.5865384615384616,0.5615611400785826,0.5845872123109538,0.641165554523468,0.5674431035897459,0.0,0.6504413485527039,0.5702403362860755,0.0027472527472527475,728
robust_nogate,44,valid,V30,20260925,6,0.5810439560439561,0.5577448263815231,0.5810258354240985,0.6397585868835449,0.5658903333814604,0.0,0.6475786566734314,0.5705426930100337,0.004120879120879121,728
robust_nogate,44,valid,TAV30,20260925,6,0.5590659340659341,0.5329123296820645,0.5584537419992109,0.673774242401123,0.49169096809625984,0.0,0.6789900660514832,0.500215936958295,0.01098901098901099,728
robust_nogate,44,valid,T30,20260926,6,0.5824175824175825,0.5498422431920672,0.5764152097872948,0.6609070897102356,0.5453455428960002,0.0,0.6670820116996765,0.5453229043889541,0.012362637362637362,728
robust_nogate,44,valid,A30,20260926,6,0.5879120879120879,0.5628744311663021,0.5858854456288852,0.6412190198898315,0.5664777346514465,0.0,0.6510112881660461,0.5699737363213979,0.0027472527472527475,728
robust_nogate,44,valid,V30,20260926,6,0.5810439560439561,0.5588720228243566,0.5817966801723363,0.6401402950286865,0.5639502233576834,0.0,0.648421585559845,0.568152233366061,0.0013736263736263737,728
robust_nogate,44,valid,TAV30,20260926,6,0.5851648351648352,0.5538968193430436,0.5807421484113213,0.657543957233429,0.5488164023665292,0.0,0.664007842540741,0.550107201652362,0.013736263736263736,728
robust_nogate,44,test,clean,20260924,6,0.6011004126547456,0.5532894190982426,0.6005282267570884,0.7249847650527954,0.5576149373753999,0.0,0.7262012362480164,0.5714559478692098,0.013755158184319119,727
robust_nogate,44,test,T30,20260924,6,0.6024759284731774,0.5457840444758452,0.5966975057494538,0.7446556091308594,0.5242165788970077,0.0,0.7492412328720093,0.532131868020854,0.016506189821182942,727
robust_nogate,44,test,A30,20260924,6,0.6052269601100413,0.5544129922225685,0.602767443812094,0.7240917086601257,0.5595452454532427,0.0,0.7249211668968201,0.5719938237112091,0.015130674002751032,727
robust_nogate,44,test,V30,20260924,6,0.6052269601100413,0.5622092849679056,0.6072208605320591,0.7194012999534607,0.561946576978993,0.0,0.7220336198806763,0.5728784176288387,0.008253094910591471,727
robust_nogate,44,test,TAV30,20260924,6,0.6024759284731774,0.5519039635568138,0.6004386955425554,0.741843044757843,0.5253900021660967,0.0,0.7455553412437439,0.534268391487048,0.016506189821182942,727
robust_nogate,44,test,T30,20260925,6,0.6024759284731774,0.5454721660999687,0.5947031694072485,0.7303199768066406,0.5334245754012136,0.0,0.7370069622993469,0.5346707863398784,0.01925722145804677,727
robust_nogate,44,test,A30,20260925,6,0.6121045392022009,0.5648296322563144,0.6101237479559326,0.7206420302391052,0.5648441572427062,0.0,0.7244147658348083,0.5735631165875673,0.017881705639614855,727
robust_nogate,44,test,V30,20260925,6,0.6066024759284732,0.5614663183580089,0.6074143134491189,0.71962571144104,0.5629538704389921,0.0,0.7224065065383911,0.5730508315620675,0.009628610729023384,727
robust_nogate,44,test,TAV30,20260925,6,0.6024759284731774,0.5491172126974596,0.5979747900630269,0.7287606000900269,0.536402976077511,0.0,0.7357646226882935,0.5366458391613548,0.02063273727647868,727
robust_nogate,44,test,T30,20260926,6,0.6107290233837689,0.5577348301892288,0.6060120045022084,0.726859450340271,0.5435325834335041,0.0,0.7341137528419495,0.547400450659219,0.02200825309491059,727
robust_nogate,44,test,A30,20260926,6,0.6121045392022009,0.5616159956973421,0.6090850284967785,0.724044919013977,0.5604342730166149,0.0,0.7274771928787231,0.5710662177875104,0.013755158184319119,727
robust_nogate,44,test,V30,20260926,6,0.6038514442916093,0.5600463285199129,0.6054310377735014,0.7212996482849121,0.5592421902544167,0.0,0.7236336469650269,0.5706204148953681,0.012379642365887207,727
robust_nogate,44,test,TAV30,20260926,6,0.5969738651994498,0.5461372099956402,0.5936270312869102,0.7320085763931274,0.5397993692484389,0.0,0.7361298203468323,0.5459295408085035,0.02063273727647868,727
robust_norec,42,valid,clean,20260924,10,0.5604395604395604,0.5399970460470292,0.5642948531046486,0.6385640501976013,0.5673498600116328,0.0,0.6401574015617371,0.5816137000084272,0.0013736263736263737,728
robust_norec,42,valid,T30,20260924,10,0.570054945054945,0.5445029456824406,0.5702124253084483,0.6488745808601379,0.5319178570906097,0.0,0.660101592540741,0.5384988540140792,0.013736263736263736,728
robust_norec,42,valid,A30,20260924,10,0.5673076923076923,0.5475939443092727,0.571467897471547,0.6394131183624268,0.5728793578899712,0.0,0.6437052488327026,0.5835033686597021,0.004120879120879121,728
robust_norec,42,valid,V30,20260924,10,0.570054945054945,0.5531032165128472,0.5750427985347164,0.6328768730163574,0.5710080330944187,0.0,0.6389960050582886,0.5822786684211066,0.004120879120879121,728
robust_norec,42,valid,TAV30,20260924,10,0.5728021978021978,0.5463987267056646,0.5733552648173063,0.6472176909446716,0.5396659782592588,0.0,0.6569409370422363,0.5437813176320008,0.009615384615384616,728
robust_norec,42,valid,T30,20260925,10,0.5508241758241759,0.5304022066985788,0.5537902981933763,0.6760647296905518,0.49059778723304376,0.0,0.6851940751075745,0.4948140514391505,0.01510989010989011,728
robust_norec,42,valid,A30,20260925,10,0.5741758241758241,0.5541253257650162,0.5775932072273837,0.636743426322937,0.5758583684345772,0.0,0.6443365812301636,0.5845489968405218,0.004120879120879121,728
robust_norec,42,valid,V30,20260925,10,0.5673076923076923,0.5501503977166715,0.5724402214083205,0.6341981291770935,0.5687204791027097,0.0,0.6390247941017151,0.5813078265279815,0.005494505494505495,728
robust_norec,42,valid,TAV30,20260925,10,0.5370879120879121,0.5153006591277902,0.5398921146467246,0.6794257164001465,0.4930991789278587,0.0,0.6848936080932617,0.49986932808668405,0.013736263736263736,728
robust_norec,42,valid,T30,20260926,10,0.5590659340659341,0.5391331146031538,0.5620139626269062,0.6680266857147217,0.5307094062337642,0.0,0.6731206178665161,0.541038623504625,0.01098901098901099,728
robust_norec,42,valid,A30,20260926,10,0.5673076923076923,0.5466594548402156,0.5709620390162004,0.6396106481552124,0.5718011022183034,0.0,0.6452130079269409,0.5808710360944412,0.005494505494505495,728
robust_norec,42,valid,V30,20260926,10,0.5659340659340659,0.5484754139088097,0.5712555880880912,0.6361363530158997,0.5669209798024119,0.0,0.6424717307090759,0.5777094270228446,0.004120879120879121,728
robust_norec,42,valid,TAV30,20260926,10,0.5590659340659341,0.5380900495495907,0.5621080196777827,0.6734138131141663,0.5251832570430743,0.0,0.6778897047042847,0.5372447550153402,0.01098901098901099,728
robust_norec,42,test,clean,20260924,10,0.5955983493810179,0.563001433813289,0.6022089210573658,0.7461035847663879,0.5139272369807909,0.0,0.7517957091331482,0.5206611273047372,0.008253094910591471,727
robust_norec,42,test,T30,20260924,10,0.5928473177441541,0.5539793578704966,0.5974756230876731,0.7606918215751648,0.4796184704278961,0.0,0.772645115852356,0.48294974135751534,0.009628610729023384,727
robust_norec,42,test,A30,20260924,10,0.609353507565337,0.5767282268644666,0.6148666482598246,0.741421639919281,0.5209715569156328,0.0,0.7495458722114563,0.5260856215180532,0.0068775790921595595,727
robust_norec,42,test,V30,20260924,10,0.6038514442916093,0.5746739042619192,0.611363892564146,0.7425627708435059,0.5139834747557741,0.0,0.7505825757980347,0.5219140338681123,0.002751031636863824,727
robust_norec,42,test,TAV30,20260924,10,0.6011004126547456,0.563995741194523,0.6067959584601414,0.7564208507537842,0.4929366545743561,0.0,0.7701405882835388,0.49345205312988977,0.009628610729023384,727
robust_norec,42,test,T30,20260925,10,0.5887207702888583,0.5542313986227034,0.5932200659898772,0.7618271112442017,0.4811048851567365,0.0,0.7733830809593201,0.48197040676595654,0.013755158184319119,727
robust_norec,42,test,A30,20260925,10,0.6052269601100413,0.5738813637676051,0.6109464064485012,0.7408291101455688,0.5212166959260777,0.0,0.7477725148200989,0.526843787969187,0.005502063273727648,727
robust_norec,42,test,V30,20260925,10,0.6038514442916093,0.5749925238714405,0.6113796661842441,0.7409718632698059,0.5140804816066671,0.0,0.7487213015556335,0.5218624062367487,0.0041265474552957355,727
robust_norec,42,test,TAV30,20260925,10,0.5804676753782668,0.5465820861003733,0.5866419267419554,0.7597939968109131,0.49089222277093925,0.0,0.7682732939720154,0.49229417069934206,0.005502063273727648,727
robust_norec,42,test,T30,20260926,10,0.5777166437414031,0.5435830004291675,0.5808665609486037,0.771916925907135,0.47599914593051446,0.0,0.7787152528762817,0.48151928512873693,0.016506189821182942,727
robust_norec,42,test,A30,20260926,10,0.6011004126547456,0.5677722079182841,0.6066469507878921,0.7455489039421082,0.521586805704296,0.0,0.7528838515281677,0.5260748116165542,0.0068775790921595595,727
robust_norec,42,test,V30,20260926,10,0.6024759284731774,0.5717949810680759,0.6094883495343338,0.7427610754966736,0.5132967240613477,0.0,0.7493054270744324,0.521059426560981,0.0041265474552957355,727
robust_norec,42,test,TAV30,20260926,10,0.5804676753782668,0.5506026269864052,0.5857140460627914,0.7705612778663635,0.4879783975992601,0.0,0.7790889143943787,0.4926509686452004,0.0068775790921595595,727
robust_norec,43,valid,clean,20260924,8,0.5906593406593407,0.5763476338326394,0.5957410154916987,0.6304687857627869,0.5801981732902288,0.0,0.6414574980735779,0.5816435071623397,0.006868131868131868,728
robust_norec,43,valid,T30,20260924,8,0.5439560439560439,0.528882417215113,0.5482803850195259,0.6669903993606567,0.534175837082656,0.0,0.6703510284423828,0.5390396233575088,0.01098901098901099,728
robust_norec,43,valid,A30,20260924,8,0.5879120879120879,0.5728280741043595,0.5928388697320264,0.6337738633155823,0.5793950405007997,0.0,0.6434726119041443,0.5843329908486974,0.009615384615384616,728
robust_norec,43,valid,V30,20260924,8,0.5906593406593407,0.5782917905356951,0.5969213311463034,0.6224488615989685,0.5813694413090701,0.0,0.633733868598938,0.5844088756129513,0.01098901098901099,728
robust_norec,43,valid,TAV30,20260924,8,0.5563186813186813,0.5424524418187796,0.5612186664652904,0.6594254374504089,0.542976273794782,0.0,0.6610926389694214,0.5487729222411443,0.01098901098901099,728
robust_norec,43,valid,T30,20260925,8,0.5384615384615384,0.523395968629121,0.5449294789900827,0.6818916201591492,0.48577765024665065,0.0,0.6874100565910339,0.49277761775733825,0.008241758241758242,728
robust_norec,43,valid,A30,20260925,8,0.5865384615384616,0.5711445724208578,0.5915623684555251,0.636603593826294,0.5776910469743912,0.0,0.645851194858551,0.582777755852599,0.012362637362637362,728
robust_norec,43,valid,V30,20260925,8,0.5989010989010989,0.5857413240514266,0.6051329670482843,0.6203530430793762,0.586929582760367,0.0,0.6349806785583496,0.5864454191118256,0.008241758241758242,728
robust_norec,43,valid,TAV30,20260925,8,0.532967032967033,0.5181555611937435,0.5401226867551991,0.678607702255249,0.49738852843627973,0.0,0.683503270149231,0.5009678480281687,0.012362637362637362,728
robust_norec,43,valid,T30,20260926,8,0.5714285714285714,0.5571228051712919,0.5743207121680203,0.6598207950592041,0.5415001196498849,0.0,0.6698464155197144,0.5424425480928329,0.012362637362637362,728
robust_norec,43,valid,A30,20260926,8,0.5851648351648352,0.5684356505486803,0.5892618593688865,0.6359034180641174,0.5791216234692752,0.0,0.6445151567459106,0.5832040445539387,0.01098901098901099,728
robust_norec,43,valid,V30,20260926,8,0.5906593406593407,0.5784478774674854,0.5967738688326923,0.6224700808525085,0.5835675112664728,0.0,0.6356242299079895,0.584366203077999,0.01098901098901099,728
robust_norec,43,valid,TAV30,20260926,8,0.5769230769230769,0.5622263603662996,0.5806655406394327,0.6535399556159973,0.5449848669441058,0.0,0.6635858416557312,0.5463146671190051,0.01510989010989011,728
robust_norec,43,test,clean,20260924,8,0.5804676753782668,0.5553552364623006,0.5885764729520543,0.745911717414856,0.5383629842842492,0.0,0.7459715008735657,0.5508970020114305,0.011004126547455296,727
robust_norec,43,test,T30,20260924,8,0.6011004126547456,0.5719056843137696,0.6070495688286796,0.7461833953857422,0.5182680560411644,0.0,0.7548964023590088,0.5258178841107813,0.02200825309491059,727
robust_norec,43,test,A30,20260924,8,0.5832187070151307,0.5555731352382022,0.5899127819967251,0.7479663491249084,0.5391163458089688,0.0,0.7488629221916199,0.5501113392255754,0.011004126547455296,727
robust_norec,43,test,V30,20260924,8,0.5818431911966988,0.5585218701037119,0.5908195994003148,0.7419194579124451,0.5402630497594976,0.0,0.7425298690795898,0.5518978847630938,0.011004126547455296,727
robust_norec,43,test,TAV30,20260924,8,0.5928473177441541,0.5642028185863363,0.6000731316607801,0.7471731305122375,0.5183392117843751,0.0,0.7526606917381287,0.527438580390548,0.012379642365887207,727
robust_norec,43,test,T30,20260925,8,0.5887207702888583,0.5595426203477789,0.593830383824597,0.7514543533325195,0.5159029258464959,0.0,0.7625811100006104,0.518165368946185,0.015130674002751032,727
robust_norec,43,test,A30,20260925,8,0.5873452544704264,0.5601356118388545,0.5944772025242556,0.7428653240203857,0.5420279731996382,0.0,0.7428150773048401,0.5547339443282988,0.012379642365887207,727
robust_norec,43,test,V30,20260925,8,0.5832187070151307,0.5598901009607491,0.5923508353075888,0.7372763752937317,0.5427185201666347,0.0,0.739122211933136,0.5536954097181372,0.009628610729023384,727
robust_norec,43,test,TAV30,20260925,8,0.5969738651994498,0.5696093436972007,0.6021888073593221,0.7431543469429016,0.5220704029803956,0.0,0.7532238364219666,0.5261939750148292,0.013755158184319119,727
robust_norec,43,test,T30,20260926,8,0.5708390646492435,0.5441251442550424,0.5761086276283804,0.7571398615837097,0.5237063304663176,0.0,0.7630549073219299,0.5304570448279999,0.023383768913342505,727
robust_norec,43,test,A30,20260926,8,0.5777166437414031,0.5488226751858608,0.5841007596390564,0.7455154657363892,0.5397532513955876,0.0,0.7462231516838074,0.5514538659584868,0.008253094910591471,727
robust_norec,43,test,V30,20260926,8,0.5804676753782668,0.5567848016314462,0.5895594892090624,0.7412824630737305,0.5393488103250285,0.0,0.7420372366905212,0.5506628084363575,0.011004126547455296,727
robust_norec,43,test,TAV30,20260926,8,0.5763411279229711,0.5510920303024663,0.5820857079592493,0.7535225749015808,0.5252428930468989,0.0,0.7580821514129639,0.5313910031203044,0.017881705639614855,727
robust_norec,44,valid,clean,20260924,4,0.5851648351648352,0.5675131401998191,0.5891062727000741,0.6326536536216736,0.567854370553625,0.0,0.6462559103965759,0.5676463029645976,0.009615384615384616,728
robust_norec,44,valid,T30,20260924,4,0.5796703296703297,0.5592431493033638,0.5808276357381911,0.6651492118835449,0.520510469710897,0.0,0.6726611852645874,0.5235985587749715,0.006868131868131868,728
robust_norec,44,valid,A30,20260924,4,0.5810439560439561,0.5642083845138334,0.5855108076900583,0.6330743432044983,0.5723000329519643,0.0,0.6464095711708069,0.5745452572083944,0.004120879120879121,728
robust_norec,44,valid,V30,20260924,4,0.5837912087912088,0.570238865135003,0.5899978574192078,0.6265823245048523,0.5733609847569913,0.0,0.6432614326477051,0.5709245216170843,0.006868131868131868,728
robust_norec,44,valid,TAV30,20260924,4,0.5769230769230769,0.558750826069615,0.5802935597065458,0.6551498770713806,0.5369901138992537,0.0,0.6655993461608887,0.5380779039762039,0.01098901098901099,728
robust_norec,44,valid,T30,20260925,4,0.5659340659340659,0.546635709758065,0.5696418044306762,0.6643676161766052,0.5002686097129811,0.0,0.6753002405166626,0.5024275302290104,0.012362637362637362,728
robust_norec,44,valid,A30,20260925,4,0.5851648351648352,0.5679354763676311,0.5896358786163609,0.632111132144928,0.5728623518958629,0.0,0.6466984152793884,0.5758779342944866,0.005494505494505495,728
robust_norec,44,valid,V30,20260925,4,0.5837912087912088,0.5700941102134421,0.590784291756753,0.627610445022583,0.5740896662103929,0.0,0.6451531052589417,0.5715371433937321,0.005494505494505495,728
robust_norec,44,valid,TAV30,20260925,4,0.5686813186813187,0.5529563176622,0.5751023902284407,0.6561740636825562,0.5186924880577036,0.0,0.6701990365982056,0.5185360870051164,0.006868131868131868,728
robust_norec,44,valid,T30,20260926,4,0.5782967032967034,0.5613855308214115,0.5818707280683193,0.6551223397254944,0.5351599859035066,0.0,0.663640022277832,0.5343774648364065,0.009615384615384616,728
robust_norec,44,valid,A30,20260926,4,0.5865384615384616,0.5709363231727448,0.5906751139824377,0.6312523484230042,0.5747234736649933,0.0,0.6462947726249695,0.5749839723515173,0.01098901098901099,728
robust_norec,44,valid,V30,20260926,4,0.5837912087912088,0.5695399539927372,0.5905941367841737,0.6282716989517212,0.5709136473225959,0.0,0.6460916996002197,0.568263810672038,0.005494505494505495,728
robust_norec,44,valid,TAV30,20260926,4,0.5741758241758241,0.558025585687405,0.5790819378375662,0.6495117545127869,0.5450435266607889,0.0,0.658479630947113,0.5450274746840483,0.009615384615384616,728
robust_norec,44,test,clean,20260924,4,0.5873452544704264,0.5531088116276724,0.5937680422373642,0.718588650226593,0.5660259238471813,0.0,0.7266879081726074,0.5727476158471663,0.012379642365887207,727
robust_norec,44,test,T30,20260924,4,0.5845942228335625,0.5396735564050711,0.5859223927978708,0.7425124645233154,0.5261568100291557,0.0,0.7493285536766052,0.5316818516569358,0.0068775790921595595,727
robust_norec,44,test,A30,20260924,4,0.5832187070151307,0.5503967833850728,0.5913856011242952,0.7189647555351257,0.5655435308557332,0.0,0.7274671792984009,0.5723556943752898,0.013755158184319119,727
robust_norec,44,test,V30,20260924,4,0.579092159559835,0.5524377217142938,0.5911516669839766,0.7173628807067871,0.5659600653975477,0.0,0.7268680930137634,0.5716578448550663,0.009628610729023384,727
robust_norec,44,test,TAV30,20260924,4,0.5749656121045392,0.5283315999203454,0.5789230620449562,0.7419574856758118,0.5289806866299972,0.0,0.7486828565597534,0.5315151757241551,0.008253094910591471,727
robust_norec,44,test,T30,20260925,4,0.5845942228335625,0.5408741817432091,0.5853580201590596,0.7299303412437439,0.5409312639701901,0.0,0.7360734939575195,0.5439415750174751,0.013755158184319119,727
robust_norec,44,test,A30,20260925,4,0.5873452544704264,0.5551175203716839,0.5949520841692332,0.718165397644043,0.5671722188979359,0.0,0.7276753783226013,0.5735451478865203,0.012379642365887207,727
robust_norec,44,test,V30,20260925,4,0.5818431911966988,0.5529413718302778,0.5915974252173073,0.7179306149482727,0.5652718374602642,0.0,0.727687656879425,0.5706894707487311,0.011004126547455296,727
robust_norec,44,test,TAV30,20260925,4,0.5955983493810179,0.5570846898594572,0.5989567342675669,0.7241986393928528,0.5436771989910439,0.0,0.7359514832496643,0.5421903469291645,0.012379642365887207,727
robust_norec,44,test,T30,20260926,4,0.579092159559835,0.5354395051158511,0.5806019869062056,0.725351870059967,0.5549055044813417,0.0,0.729895830154419,0.56182505170103,0.009628610729023384,727
robust_norec,44,test,A30,20260926,4,0.594222833562586,0.5592400058680076,0.6009758272782768,0.7167699933052063,0.5707500638807015,0.0,0.7297655344009399,0.5725357382517223,0.011004126547455296,727
robust_norec,44,test,V30,20260926,4,0.579092159559835,0.5517586596461498,0.5899617772600089,0.7190757393836975,0.5619528858510041,0.0,0.729203462600708,0.5674716152394692,0.012379642365887207,727
robust_norec,44,test,TAV30,20260926,4,0.5873452544704264,0.5516479375974391,0.5921320198671417,0.7260794043540955,0.550498599040048,0.0,0.7345543503761292,0.555859492778147,0.0068775790921595595,727
robust_rec,42,valid,clean,20260924,10,0.5618131868131868,0.5416507906641265,0.5656682317376863,0.6377940773963928,0.5697308879244265,0.0,0.6395223140716553,0.5829344469680221,0.004120879120879121,728
robust_rec,42,valid,T30,20260924,10,0.5728021978021978,0.5466785860486775,0.5725137143083109,0.647845447063446,0.533277947811341,0.0,0.6597890257835388,0.540012692359034,0.008241758241758242,728
robust_rec,42,valid,A30,20260924,10,0.5686813186813187,0.5483923897179493,0.5724395652471274,0.6388776302337646,0.5751067962572035,0.0,0.6431044936180115,0.5851959607668372,0.004120879120879121,728
robust_rec,42,valid,V30,20260924,10,0.5659340659340659,0.549239306466709,0.5710970589373545,0.6328943967819214,0.57120689897084,0.0,0.6380630135536194,0.5834773841713992,0.004120879120879121,728
robust_rec,42,valid,TAV30,20260924,10,0.5714285714285714,0.5457730529294401,0.5719497188026965,0.6477846503257751,0.5395703546082763,0.0,0.6564756631851196,0.5455646474027244,0.008241758241758242,728
robust_rec,42,valid,T30,20260925,10,0.5494505494505495,0.5268894213273349,0.5517607601990694,0.6757959127426147,0.4933587462362914,0.0,0.6831648349761963,0.4982850152940634,0.01098901098901099,728
robust_rec,42,valid,A30,20260925,10,0.5714285714285714,0.5519048079304678,0.5751195211433859,0.6368115544319153,0.5767693661734556,0.0,0.6435730457305908,0.5861124787824932,0.005494505494505495,728
robust_rec,42,valid,V30,20260925,10,0.5673076923076923,0.5497019362884553,0.5720914998370084,0.6328235864639282,0.570395053387424,0.0,0.6381101608276367,0.5825962483526868,0.004120879120879121,728
robust_rec,42,valid,TAV30,20260925,10,0.5412087912087912,0.5193325479271137,0.5439270071129101,0.6748341917991638,0.4989345838104799,0.0,0.6827236413955688,0.503677123503349,0.013736263736263736,728
robust_rec,42,valid,T30,20260926,10,0.5604395604395604,0.5383842374524136,0.5627559421471187,0.6660366654396057,0.5335704060235668,0.0,0.6720921993255615,0.5429085728119052,0.01098901098901099,728
robust_rec,42,valid,A30,20260926,10,0.5659340659340659,0.5458700622363203,0.5696741177635194,0.6400535106658936,0.5727053673863933,0.0,0.6445292830467224,0.5827300103561139,0.005494505494505495,728
robust_rec,42,valid,V30,20260926,10,0.5631868131868132,0.5468335508851939,0.5688931936428261,0.6363093256950378,0.5668156945612441,0.0,0.6417756676673889,0.5788455489943356,0.006868131868131868,728
robust_rec,42,valid,TAV30,20260926,10,0.5618131868131868,0.5408206241992356,0.564518081056815,0.6719818711280823,0.5256601133809647,0.0,0.6768019795417786,0.5393697978150027,0.01098901098901099,728
robust_rec,42,test,clean,20260924,10,0.6011004126547456,0.5698974439449364,0.6077924855160769,0.7444563508033752,0.514619211482259,0.0,0.7513253688812256,0.5214005758198227,0.009628610729023384,727
robust_rec,42,test,T30,20260924,10,0.594222833562586,0.5553467703549716,0.5982512056448477,0.7606424689292908,0.4796402763803571,0.0,0.7719175815582275,0.48371589709539387,0.008253094910591471,727
robust_rec,42,test,A30,20260924,10,0.6107290233837689,0.5786079942926244,0.6164771539085112,0.7409203052520752,0.5217604040446279,0.0,0.749178409576416,0.5268306494595075,0.0068775790921595595,727
robust_rec,42,test,V30,20260924,10,0.6052269601100413,0.5756206848036017,0.6124759784036469,0.7425563931465149,0.5152201984179899,0.0,0.7505220174789429,0.5224502847180124,0.0068775790921595595,727
robust_rec,42,test,TAV30,20260924,10,0.6038514442916093,0.56570113869219,0.6084211015750625,0.7573262453079224,0.49190745517717527,0.0,0.7698647975921631,0.49364673151108257,0.008253094910591471,727
robust_rec,42,test,T30,20260925,10,0.5955983493810179,0.5615440311340393,0.599978487724371,0.7604994177818298,0.4814194080230559,0.0,0.7722987532615662,0.4819744964736719,0.009628610729023384,727
robust_rec,42,test,A30,20260925,10,0.6079779917469051,0.5771005051782371,0.6137484091890033,0.7400487661361694,0.5218862600646665,0.0,0.7474167346954346,0.5275956853926982,0.0068775790921595595,727
robust_rec,42,test,V30,20260925,10,0.6066024759284732,0.5767936033731539,0.6138156721597428,0.7412280440330505,0.5148990176673998,0.0,0.7484079599380493,0.5222460654823313,0.005502063273727648,727
robust_rec,42,test,TAV30,20260925,10,0.5873452544704264,0.553996325007629,0.5931236801566241,0.7569602727890015,0.4915840150403864,0.0,0.7676504254341125,0.49181664132267405,0.0041265474552957355,727
robust_rec,42,test,T30,20260926,10,0.5832187070151307,0.5497704068522725,0.5866979978719608,0.770060658454895,0.4784291277146098,0.0,0.7774644494056702,0.48278291306968996,0.015130674002751032,727
robust_rec,42,test,A30,20260926,10,0.6079779917469051,0.5737677586323003,0.6129303557637819,0.7434829473495483,0.5238487458252017,0.0,0.7525283098220825,0.5269142760791522,0.009628610729023384,727
robust_rec,42,test,V30,20260926,10,0.6079779917469051,0.5769702159946063,0.6145826996365461,0.7416248321533203,0.5145319450946332,0.0,0.7489985227584839,0.5217817464587369,0.008253094910591471,727
robust_rec,42,test,TAV30,20260926,10,0.5832187070151307,0.5519084438332788,0.5878490075183948,0.7689988017082214,0.4891758572345706,0.0,0.7779020667076111,0.49363750975131077,0.005502063273727648,727
robust_rec,43,valid,clean,20260924,6,0.5906593406593407,0.5701800614844093,0.5917665667665668,0.6304954886436462,0.5697662797290041,0.0,0.6392123699188232,0.5718169459371613,0.01098901098901099,728
robust_rec,43,valid,T30,20260924,6,0.5631868131868132,0.5420720661085139,0.5636238418252575,0.6596180200576782,0.5313203151378196,0.0,0.6686444878578186,0.5291955149924163,0.017857142857142856,728
robust_rec,43,valid,A30,20260924,6,0.5851648351648352,0.5635600386216479,0.5860108047523052,0.6317715048789978,0.5740973286129804,0.0,0.6402431726455688,0.5766270648131755,0.013736263736263736,728
robust_rec,43,valid,V30,20260924,6,0.5865384615384616,0.5678619969954325,0.5890777373003855,0.6232499480247498,0.5746658868139691,0.0,0.6322864294052124,0.575877269623703,0.016483516483516484,728
robust_rec,43,valid,TAV30,20260924,6,0.5618131868131868,0.539594326637239,0.5622810356116317,0.6520092487335205,0.5432113563596991,0.0,0.6587070226669312,0.5417506980800759,0.024725274725274724,728
robust_rec,43,valid,T30,20260925,6,0.5508241758241759,0.529299098152526,0.5535081955737984,0.6700183153152466,0.48265029972884765,0.0,0.6803518533706665,0.48196992877139033,0.019230769230769232,728
robust_rec,43,valid,A30,20260925,6,0.5851648351648352,0.5642889311507838,0.5865190630218984,0.6342834830284119,0.5727016381172493,0.0,0.6413655281066895,0.5752999528828167,0.016483516483516484,728
robust_rec,43,valid,V30,20260925,6,0.5851648351648352,0.5667898961854176,0.5878224017502296,0.623187780380249,0.5773633056673679,0.0,0.6333836317062378,0.5777437201393264,0.013736263736263736,728
robust_rec,43,valid,TAV30,20260925,6,0.5576923076923077,0.5356581534909096,0.560221955184845,0.6638078093528748,0.49688363476750985,0.0,0.6759098768234253,0.493508684112519,0.01510989010989011,728
robust_rec,43,valid,T30,20260926,6,0.5892857142857143,0.568220506577254,0.5879344176017837,0.654971182346344,0.5334110873688515,0.0,0.6659404039382935,0.5327540301117109,0.019230769230769232,728
robust_rec,43,valid,A30,20260926,6,0.5892857142857143,0.5676939721623852,0.5900141533808714,0.6316813230514526,0.5737595801949708,0.0,0.6403741836547852,0.5753840909137629,0.016483516483516484,728
robust_rec,43,valid,V30,20260926,6,0.5865384615384616,0.5683390467059417,0.5896472051222855,0.6233733892440796,0.5753668765676413,0.0,0.6339316964149475,0.5746330416598027,0.01510989010989011,728
robust_rec,43,valid,TAV30,20260926,6,0.5961538461538461,0.5753301861919867,0.5950395881250355,0.6495969295501709,0.5388698414164891,0.0,0.6580298542976379,0.5413364476135726,0.023351648351648352,728
robust_rec,43,test,clean,20260924,6,0.6011004126547456,0.5610805461382395,0.6010507673847826,0.7425013184547424,0.5341425666714887,0.0,0.7447252869606018,0.5456515707348777,0.015130674002751032,727
robust_rec,43,test,T30,20260924,6,0.6107290233837689,0.5724349008328926,0.6113344907026449,0.7461034655570984,0.5176043824133406,0.0,0.7496759295463562,0.526474768561969,0.02888583218707015,727
robust_rec,43,test,A30,20260924,6,0.5969738651994498,0.5574857628739264,0.5968663720096496,0.7443896532058716,0.5348958689865513,0.0,0.7460923790931702,0.5454512926750611,0.015130674002751032,727
robust_rec,43,test,V30,20260924,6,0.5983493810178817,0.559042979607816,0.5999489750658318,0.7386372089385986,0.5349503992578399,0.0,0.7406517863273621,0.545629915850911,0.01925722145804677,727
robust_rec,43,test,TAV30,20260924,6,0.6024759284731774,0.5671922277165156,0.6050993426116973,0.7416492104530334,0.5218232490831459,0.0,0.7460216283798218,0.527669208834221,0.023383768913342505,727
robust_rec,43,test,T30,20260925,6,0.5914718019257221,0.5454323937122855,0.5895069689671304,0.7472764253616333,0.5135302748242095,0.0,0.7555540204048157,0.5146874246956918,0.02888583218707015,727
robust_rec,43,test,A30,20260925,6,0.5983493810178817,0.5588187007266083,0.5971626500532116,0.7404810190200806,0.5390384076802905,0.0,0.7414672374725342,0.5499801438872759,0.013755158184319119,727
robust_rec,43,test,V30,20260925,6,0.6024759284731774,0.5638613620487002,0.6046124158836712,0.7354263663291931,0.5370906262660535,0.0,0.7379692792892456,0.5478236090010516,0.017881705639614855,727
robust_rec,43,test,TAV30,20260925,6,0.5873452544704264,0.5489549466263887,0.5873673681039224,0.741513192653656,0.5200330401355524,0.0,0.74568772315979,0.5238655840603763,0.024759284731774415,727
robust_rec,43,test,T30,20260926,6,0.5928473177441541,0.5461791053205608,0.5890678182745587,0.74881511926651,0.531316511140139,0.0,0.7547972798347473,0.5309614914453894,0.02888583218707015,727
robust_rec,43,test,A30,20260926,6,0.5900962861072903,0.548470437336572,0.5894185914720066,0.7455594539642334,0.5337177724739418,0.0,0.7452078461647034,0.5457121549020141,0.013755158184319119,727
robust_rec,43,test,V30,20260926,6,0.5983493810178817,0.5619727268596946,0.600911680646136,0.739459216594696,0.5317926983747985,0.0,0.7404612302780151,0.5450782445056774,0.017881705639614855,727
robust_rec,43,test,TAV30,20260926,6,0.5832187070151307,0.5416295032976488,0.5836697872489355,0.7431787252426147,0.5341310405431906,0.0,0.7486401796340942,0.5343207969884842,0.027510316368638238,727
robust_rec,44,valid,clean,20260924,4,0.5865384615384616,0.5664016542121109,0.5897318523987345,0.6324918866157532,0.5688632103157901,0.0,0.6445664763450623,0.5678128983055809,0.008241758241758242,728
robust_rec,44,valid,T30,20260924,4,0.5824175824175825,0.5603194754346253,0.5825750917973387,0.6658063530921936,0.518754690007456,0.0,0.672928512096405,0.522883239784886,0.005494505494505495,728
robust_rec,44,valid,A30,20260924,4,0.5782967032967034,0.5600698318094518,0.582338248488808,0.6326563358306885,0.5724187727346126,0.0,0.6440972089767456,0.5750620994508983,0.009615384615384616,728
robust_rec,44,valid,V30,20260924,4,0.5824175824175825,0.5669515804109361,0.5881314653718286,0.6273288130760193,0.5731359946548078,0.0,0.6415064930915833,0.5709441254777287,0.006868131868131868,728
robust_rec,44,valid,TAV30,20260924,4,0.5837912087912088,0.5638211865130663,0.5851620891824292,0.6571915745735168,0.5352993645941775,0.0,0.6656588315963745,0.5373436882719703,0.012362637362637362,728
robust_rec,44,valid,T30,20260925,4,0.5659340659340659,0.5452149847736899,0.5689129439417718,0.6643630266189575,0.5015980846655177,0.0,0.6750279068946838,0.502771200878387,0.01510989010989011,728
robust_rec,44,valid,A30,20260925,4,0.5810439560439561,0.562844009405726,0.5851090595458782,0.6320818662643433,0.5736512661556394,0.0,0.6442462801933289,0.576022198029795,0.008241758241758242,728
robust_rec,44,valid,V30,20260925,4,0.5851648351648352,0.5695643562049238,0.5911523782123943,0.6281378865242004,0.5735723605449311,0.0,0.6433898210525513,0.5713827581484974,0.004120879120879121,728
robust_rec,44,valid,TAV30,20260925,4,0.5673076923076923,0.5495838892065307,0.5724728625672022,0.6571683883666992,0.5186983117670643,0.0,0.6701385378837585,0.5182009412578047,0.008241758241758242,728
robust_rec,44,valid,T30,20260926,4,0.5755494505494505,0.5582716349071489,0.5786915354338584,0.6567927598953247,0.5341127148694362,0.0,0.6642192006111145,0.5333848843265853,0.008241758241758242,728
robust_rec,44,valid,A30,20260926,4,0.5851648351648352,0.5676569146344553,0.5890013580449911,0.6305614709854126,0.5757996241932632,0.0,0.6438103914260864,0.5754852318936229,0.009615384615384616,728
robust_rec,44,valid,V30,20260926,4,0.5810439560439561,0.564700457884237,0.5866512720882251,0.6292417645454407,0.5701692697467826,0.0,0.6443302035331726,0.5684445636345073,0.005494505494505495,728
robust_rec,44,valid,TAV30,20260926,4,0.5741758241758241,0.5571165354783042,0.578750462591386,0.6499156951904297,0.5442984030852627,0.0,0.658422589302063,0.5442535816180262,0.009615384615384616,728
robust_rec,44,test,clean,20260924,4,0.5887207702888583,0.5539744588345606,0.5950708976575788,0.7170625329017639,0.5664420632213523,0.0,0.7250306606292725,0.5725196803956856,0.016506189821182942,727
robust_rec,44,test,T30,20260924,4,0.5859697386519945,0.5393469734223159,0.5861154674748728,0.7430082559585571,0.5253792350372517,0.0,0.7490324974060059,0.5309375708993541,0.009628610729023384,727
robust_rec,44,test,A30,20260924,4,0.5818431911966988,0.5468445299927424,0.589490694119632,0.7183058857917786,0.5663001981476313,0.0,0.7249688506126404,0.5726153020458222,0.015130674002751032,727
robust_rec,44,test,V30,20260924,4,0.5818431911966988,0.5542307537150778,0.5927844770286568,0.715858519077301,0.5652144570777827,0.0,0.7247879505157471,0.5713214561024399,0.011004126547455296,727
robust_rec,44,test,TAV30,20260924,4,0.5722145804676754,0.5226873116971459,0.5742907117262182,0.7424741387367249,0.5279881037901316,0.0,0.7478480935096741,0.5314206282259436,0.008253094910591471,727
robust_rec,44,test,T30,20260925,4,0.5873452544704264,0.5424627329568968,0.5874910855704142,0.7287453413009644,0.5397216653722653,0.0,0.735562801361084,0.5435284152503022,0.013755158184319119,727
robust_rec,44,test,A30,20260925,4,0.5914718019257221,0.5575746730721918,0.598447856052884,0.7160918116569519,0.568585352714114,0.0,0.7253696918487549,0.5735698860202636,0.013755158184319119,727
robust_rec,44,test,V30,20260925,4,0.5845942228335625,0.5525226777279125,0.5935047313628948,0.7169119715690613,0.5658251725504078,0.0,0.7257264852523804,0.5704770767167288,0.012379642365887207,727
robust_rec,44,test,TAV30,20260925,4,0.5955983493810179,0.5526673850708185,0.5966041207308453,0.7241500020027161,0.542852618833361,0.0,0.7353006601333618,0.5418527976569862,0.011004126547455296,727
robust_rec,44,test,T30,20260926,4,0.5804676753782668,0.536136077247951,0.5809471001320999,0.7250271439552307,0.5544065863053359,0.0,0.7299798130989075,0.5611555158976254,0.015130674002751032,727
robust_rec,44,test,A30,20260926,4,0.5845942228335625,0.5478078458847689,0.5911461286818392,0.7198650240898132,0.5674614632844637,0.0,0.7274972796440125,0.5726128137320599,0.016506189821182942,727
robust_rec,44,test,V30,20260926,4,0.5832187070151307,0.5546620877315568,0.5932481580199345,0.7166371941566467,0.562863859532471,0.0,0.7269622683525085,0.5672932783741489,0.011004126547455296,727
robust_rec,44,test,TAV30,20260926,4,0.5900962861072903,0.5542093161112779,0.5946536163383624,0.7250964045524597,0.5516976017409438,0.0,0.7339832782745361,0.5557846168307504,0.0068775790921595595,727
text_only,42,valid,clean,20260924,7,0.5590659340659341,0.5313156348200039,0.5606345368989858,0.6486698389053345,0.5658513171080746,0.0,0.6564652919769287,0.5705868525213051,0.01098901098901099,728
text_only,42,valid,T30,20260924,7,0.5357142857142857,0.5133199687916122,0.539880224553472,0.6596477031707764,0.5164971241195153,0.0,0.6698644757270813,0.5205457794608475,0.0027472527472527475,728
text_only,42,valid,A30,20260924,7,0.5590659340659341,0.5313156348200039,0.5606345368989858,0.6486698389053345,0.5658513171080746,0.0,0.6564652919769287,0.5705868525213051,0.01098901098901099,728
text_only,42,valid,V30,20260924,7,0.5590659340659341,0.5313156348200039,0.5606345368989858,0.6486698389053345,0.5658513171080746,0.0,0.6564652919769287,0.5705868525213051,0.01098901098901099,728
text_only,42,valid,TAV30,20260924,7,0.5357142857142857,0.5133199687916122,0.539880224553472,0.6596477031707764,0.5164971241195153,0.0,0.6698644757270813,0.5205457794608475,0.0027472527472527475,728
text_only,42,valid,T30,20260925,7,0.5302197802197802,0.5080360221030077,0.5337034151388218,0.6864466667175293,0.4631263852848007,0.0,0.6938384771347046,0.469619589111935,0.005494505494505495,728
text_only,42,valid,A30,20260925,7,0.5590659340659341,0.5313156348200039,0.5606345368989858,0.6486698389053345,0.5658513171080746,0.0,0.6564652919769287,0.5705868525213051,0.01098901098901099,728
text_only,42,valid,V30,20260925,7,0.5590659340659341,0.5313156348200039,0.5606345368989858,0.6486698389053345,0.5658513171080746,0.0,0.6564652919769287,0.5705868525213051,0.01098901098901099,728
text_only,42,valid,TAV30,20260925,7,0.5302197802197802,0.5080360221030077,0.5337034151388218,0.6864466667175293,0.4631263852848007,0.0,0.6938384771347046,0.469619589111935,0.005494505494505495,728
text_only,42,valid,T30,20260926,7,0.5535714285714286,0.5323640176065153,0.5566430058604591,0.6772081851959229,0.5072233363785952,0.0,0.685386061668396,0.5153932413319283,0.005494505494505495,728
text_only,42,valid,A30,20260926,7,0.5590659340659341,0.5313156348200039,0.5606345368989858,0.6486698389053345,0.5658513171080746,0.0,0.6564652919769287,0.5705868525213051,0.01098901098901099,728
text_only,42,valid,V30,20260926,7,0.5590659340659341,0.5313156348200039,0.5606345368989858,0.6486698389053345,0.5658513171080746,0.0,0.6564652919769287,0.5705868525213051,0.01098901098901099,728
text_only,42,valid,TAV30,20260926,7,0.5535714285714286,0.5323640176065153,0.5566430058604591,0.6772081851959229,0.5072233363785952,0.0,0.685386061668396,0.5153932413319283,0.005494505494505495,728
text_only,42,test,clean,20260924,7,0.6134800550206327,0.5822593896735337,0.6182528927362969,0.7406190633773804,0.5143500956672671,0.0,0.7465804219245911,0.5244984880035833,0.012379642365887207,727
text_only,42,test,T30,20260924,7,0.5955983493810179,0.5660658670943003,0.6034202831727402,0.7505401372909546,0.48484809620124036,0.0,0.7606565356254578,0.4874204561940044,0.009628610729023384,727
text_only,42,test,A30,20260924,7,0.6134800550206327,0.5822593896735337,0.6182528927362969,0.7406190633773804,0.5143500956672671,0.0,0.7465804219245911,0.5244984880035833,0.012379642365887207,727
text_only,42,test,V30,20260924,7,0.6134800550206327,0.5822593896735337,0.6182528927362969,0.7406190633773804,0.5143500956672671,0.0,0.7465804219245911,0.5244984880035833,0.012379642365887207,727
text_only,42,test,TAV30,20260924,7,0.5955983493810179,0.5660658670943003,0.6034202831727402,0.7505401372909546,0.48484809620124036,0.0,0.7606565356254578,0.4874204561940044,0.009628610729023384,727
text_only,42,test,T30,20260925,7,0.5997248968363136,0.5711397686604123,0.6072160306425113,0.761357843875885,0.47650303928238325,0.0,0.7698701024055481,0.47976601846834704,0.0068775790921595595,727
text_only,42,test,A30,20260925,7,0.6134800550206327,0.5822593896735337,0.6182528927362969,0.7406190633773804,0.5143500956672671,0.0,0.7465804219245911,0.5244984880035833,0.012379642365887207,727
text_only,42,test,V30,20260925,7,0.6134800550206327,0.5822593896735337,0.6182528927362969,0.7406190633773804,0.5143500956672671,0.0,0.7465804219245911,0.5244984880035833,0.012379642365887207,727
text_only,42,test,TAV30,20260925,7,0.5997248968363136,0.5711397686604123,0.6072160306425113,0.761357843875885,0.47650303928238325,0.0,0.7698701024055481,0.47976601846834704,0.0068775790921595595,727
text_only,42,test,T30,20260926,7,0.5928473177441541,0.5686406908921925,0.6004620732038368,0.7570564150810242,0.4897180555543759,0.0,0.7609908580780029,0.5010375680677029,0.008253094910591471,727
text_only,42,test,A30,20260926,7,0.6134800550206327,0.5822593896735337,0.6182528927362969,0.7406190633773804,0.5143500956672671,0.0,0.7465804219245911,0.5244984880035833,0.012379642365887207,727
text_only,42,test,V30,20260926,7,0.6134800550206327,0.5822593896735337,0.6182528927362969,0.7406190633773804,0.5143500956672671,0.0,0.7465804219245911,0.5244984880035833,0.012379642365887207,727
text_only,42,test,TAV30,20260926,7,0.5928473177441541,0.5686406908921925,0.6004620732038368,0.7570564150810242,0.4897180555543759,0.0,0.7609908580780029,0.5010375680677029,0.008253094910591471,727
text_only,43,valid,clean,20260924,6,0.5879120879120879,0.5688261430802856,0.5886501616533968,0.6429842114448547,0.5836199664166188,0.0,0.6519496440887451,0.5827635825756209,0.009615384615384616,728
text_only,43,valid,T30,20260924,6,0.5467032967032966,0.5341939472211256,0.5540213400024767,0.6649588942527771,0.5172165440208556,0.0,0.6732116937637329,0.5205550328602521,0.0,728
text_only,43,valid,A30,20260924,6,0.5879120879120879,0.5688261430802856,0.5886501616533968,0.6429842114448547,0.5836199664166188,0.0,0.6519496440887451,0.5827635825756209,0.009615384615384616,728
text_only,43,valid,V30,20260924,6,0.5879120879120879,0.5688261430802856,0.5886501616533968,0.6429842114448547,0.5836199664166188,0.0,0.6519496440887451,0.5827635825756209,0.009615384615384616,728
text_only,43,valid,TAV30,20260924,6,0.5467032967032966,0.5341939472211256,0.5540213400024767,0.6649588942527771,0.5172165440208556,0.0,0.6732116937637329,0.5205550328602521,0.0,728
text_only,43,valid,T30,20260925,6,0.5425824175824175,0.5308860803948553,0.5509766252828467,0.6762604117393494,0.4755138074193398,0.0,0.6822910904884338,0.48192453836419297,0.004120879120879121,728
text_only,43,valid,A30,20260925,6,0.5879120879120879,0.5688261430802856,0.5886501616533968,0.6429842114448547,0.5836199664166188,0.0,0.6519496440887451,0.5827635825756209,0.009615384615384616,728
text_only,43,valid,V30,20260925,6,0.5879120879120879,0.5688261430802856,0.5886501616533968,0.6429842114448547,0.5836199664166188,0.0,0.6519496440887451,0.5827635825756209,0.009615384615384616,728
text_only,43,valid,TAV30,20260925,6,0.5425824175824175,0.5308860803948553,0.5509766252828467,0.6762604117393494,0.4755138074193398,0.0,0.6822910904884338,0.48192453836419297,0.004120879120879121,728
text_only,43,valid,T30,20260926,6,0.5645604395604396,0.55184836877095,0.5705511131758619,0.661334216594696,0.5281032986886803,0.0,0.6688922643661499,0.5333123989007673,0.005494505494505495,728
text_only,43,valid,A30,20260926,6,0.5879120879120879,0.5688261430802856,0.5886501616533968,0.6429842114448547,0.5836199664166188,0.0,0.6519496440887451,0.5827635825756209,0.009615384615384616,728
text_only,43,valid,V30,20260926,6,0.5879120879120879,0.5688261430802856,0.5886501616533968,0.6429842114448547,0.5836199664166188,0.0,0.6519496440887451,0.5827635825756209,0.009615384615384616,728
text_only,43,valid,TAV30,20260926,6,0.5645604395604396,0.55184836877095,0.5705511131758619,0.661334216594696,0.5281032986886803,0.0,0.6688922643661499,0.5333123989007673,0.005494505494505495,728
text_only,43,test,clean,20260924,6,0.6162310866574966,0.5837601154084862,0.621153200423904,0.727060079574585,0.5474075402629156,0.0,0.7324317693710327,0.55468790366777,0.008253094910591471,727
text_only,43,test,T30,20260924,6,0.6011004126547456,0.5820238095238096,0.6126537630182747,0.7378749847412109,0.5134793520207743,0.0,0.7425997257232666,0.5230712176440137,0.002751031636863824,727
text_only,43,test,A30,20260924,6,0.6162310866574966,0.5837601154084862,0.621153200423904,0.727060079574585,0.5474075402629156,0.0,0.7324317693710327,0.55468790366777,0.008253094910591471,727
text_only,43,test,V30,20260924,6,0.6162310866574966,0.5837601154084862,0.621153200423904,0.727060079574585,0.5474075402629156,0.0,0.7324317693710327,0.55468790366777,0.008253094910591471,727
text_only,43,test,TAV30,20260924,6,0.6011004126547456,0.5820238095238096,0.6126537630182747,0.7378749847412109,0.5134793520207743,0.0,0.7425997257232666,0.5230712176440137,0.002751031636863824,727
text_only,43,test,T30,20260925,6,0.5763411279229711,0.5574055608324388,0.587005936703029,0.748022198677063,0.5072485939318206,0.0,0.7537704110145569,0.5131430270397197,0.005502063273727648,727
text_only,43,test,A30,20260925,6,0.6162310866574966,0.5837601154084862,0.621153200423904,0.727060079574585,0.5474075402629156,0.0,0.7324317693710327,0.55468790366777,0.008253094910591471,727
text_only,43,test,V30,20260925,6,0.6162310866574966,0.5837601154084862,0.621153200423904,0.727060079574585,0.5474075402629156,0.0,0.7324317693710327,0.55468790366777,0.008253094910591471,727
text_only,43,test,TAV30,20260925,6,0.5763411279229711,0.5574055608324388,0.587005936703029,0.748022198677063,0.5072485939318206,0.0,0.7537704110145569,0.5131430270397197,0.005502063273727648,727
text_only,43,test,T30,20260926,6,0.5749656121045392,0.556424349173594,0.586121304313436,0.7485867738723755,0.5136083037247342,0.0,0.7509008646011353,0.522399633961235,0.001375515818431912,727
text_only,43,test,A30,20260926,6,0.6162310866574966,0.5837601154084862,0.621153200423904,0.727060079574585,0.5474075402629156,0.0,0.7324317693710327,0.55468790366777,0.008253094910591471,727
text_only,43,test,V30,20260926,6,0.6162310866574966,0.5837601154084862,0.621153200423904,0.727060079574585,0.5474075402629156,0.0,0.7324317693710327,0.55468790366777,0.008253094910591471,727
text_only,43,test,TAV30,20260926,6,0.5749656121045392,0.556424349173594,0.586121304313436,0.7485867738723755,0.5136083037247342,0.0,0.7509008646011353,0.522399633961235,0.001375515818431912,727
text_only,44,valid,clean,20260924,6,0.5837912087912088,0.5714523104581096,0.5880074256388862,0.6489396691322327,0.5608879180677132,0.0,0.6578449010848999,0.570638223246483,0.0027472527472527475,728
text_only,44,valid,T30,20260924,6,0.5453296703296703,0.5398043291453609,0.5554579564951967,0.6523100733757019,0.5189016205743836,0.0,0.6618086099624634,0.5364169523449295,0.0027472527472527475,728
text_only,44,valid,A30,20260924,6,0.5837912087912088,0.5714523104581096,0.5880074256388862,0.6489396691322327,0.5608879180677132,0.0,0.6578449010848999,0.570638223246483,0.0027472527472527475,728
text_only,44,valid,V30,20260924,6,0.5837912087912088,0.5714523104581096,0.5880074256388862,0.6489396691322327,0.5608879180677132,0.0,0.6578449010848999,0.570638223246483,0.0027472527472527475,728
text_only,44,valid,TAV30,20260924,6,0.5453296703296703,0.5398043291453609,0.5554579564951967,0.6523100733757019,0.5189016205743836,0.0,0.6618086099624634,0.5364169523449295,0.0027472527472527475,728
text_only,44,valid,T30,20260925,6,0.532967032967033,0.5291034254018142,0.542902600454503,0.6680757999420166,0.47501610291872154,0.0,0.674306333065033,0.4926738098413971,0.006868131868131868,728
text_only,44,valid,A30,20260925,6,0.5837912087912088,0.5714523104581096,0.5880074256388862,0.6489396691322327,0.5608879180677132,0.0,0.6578449010848999,0.570638223246483,0.0027472527472527475,728
text_only,44,valid,V30,20260925,6,0.5837912087912088,0.5714523104581096,0.5880074256388862,0.6489396691322327,0.5608879180677132,0.0,0.6578449010848999,0.570638223246483,0.0027472527472527475,728
text_only,44,valid,TAV30,20260925,6,0.532967032967033,0.5291034254018142,0.542902600454503,0.6680757999420166,0.47501610291872154,0.0,0.674306333065033,0.4926738098413971,0.006868131868131868,728
text_only,44,valid,T30,20260926,6,0.5631868131868132,0.5558151957369281,0.5728634213095312,0.6586283445358276,0.5301269417432724,0.0,0.6621252298355103,0.5485886602460471,0.008241758241758242,728
text_only,44,valid,A30,20260926,6,0.5837912087912088,0.5714523104581096,0.5880074256388862,0.6489396691322327,0.5608879180677132,0.0,0.6578449010848999,0.570638223246483,0.0027472527472527475,728
text_only,44,valid,V30,20260926,6,0.5837912087912088,0.5714523104581096,0.5880074256388862,0.6489396691322327,0.5608879180677132,0.0,0.6578449010848999,0.570638223246483,0.0027472527472527475,728
text_only,44,valid,TAV30,20260926,6,0.5631868131868132,0.5558151957369281,0.5728634213095312,0.6586283445358276,0.5301269417432724,0.0,0.6621252298355103,0.5485886602460471,0.008241758241758242,728
text_only,44,test,clean,20260924,6,0.6148555708390646,0.5879476100478818,0.6219841564709713,0.7289248108863831,0.5402436322926911,0.0,0.7384211421012878,0.5458707593666468,0.008253094910591471,727
text_only,44,test,T30,20260924,6,0.5680880330123796,0.553345405812511,0.5835354787650632,0.7576813697814941,0.4809645124178661,0.0,0.7647636532783508,0.4937768711727545,0.008253094910591471,727
text_only,44,test,A30,20260924,6,0.6148555708390646,0.5879476100478818,0.6219841564709713,0.7289248108863831,0.5402436322926911,0.0,0.7384211421012878,0.5458707593666468,0.008253094910591471,727
text_only,44,test,V30,20260924,6,0.6148555708390646,0.5879476100478818,0.6219841564709713,0.7289248108863831,0.5402436322926911,0.0,0.7384211421012878,0.5458707593666468,0.008253094910591471,727
text_only,44,test,TAV30,20260924,6,0.5680880330123796,0.553345405812511,0.5835354787650632,0.7576813697814941,0.4809645124178661,0.0,0.7647636532783508,0.4937768711727545,0.008253094910591471,727
text_only,44,test,T30,20260925,6,0.5667125171939478,0.5563472552639864,0.5811667835946783,0.7458510994911194,0.4919619415844048,0.0,0.7562595009803772,0.5013276358785017,0.005502063273727648,727
text_only,44,test,A30,20260925,6,0.6148555708390646,0.5879476100478818,0.6219841564709713,0.7289248108863831,0.5402436322926911,0.0,0.7384211421012878,0.5458707593666468,0.008253094910591471,727
text_only,44,test,V30,20260925,6,0.6148555708390646,0.5879476100478818,0.6219841564709713,0.7289248108863831,0.5402436322926911,0.0,0.7384211421012878,0.5458707593666468,0.008253094910591471,727
text_only,44,test,TAV30,20260925,6,0.5667125171939478,0.5563472552639864,0.5811667835946783,0.7458510994911194,0.4919619415844048,0.0,0.7562595009803772,0.5013276358785017,0.005502063273727648,727
text_only,44,test,T30,20260926,6,0.5598349381017882,0.5469505679494634,0.5741171523785984,0.7515365481376648,0.49056545632145176,0.0,0.7601035237312317,0.5000760165394127,0.002751031636863824,727
text_only,44,test,A30,20260926,6,0.6148555708390646,0.5879476100478818,0.6219841564709713,0.7289248108863831,0.5402436322926911,0.0,0.7384211421012878,0.5458707593666468,0.008253094910591471,727
text_only,44,test,V30,20260926,6,0.6148555708390646,0.5879476100478818,0.6219841564709713,0.7289248108863831,0.5402436322926911,0.0,0.7384211421012878,0.5458707593666468,0.008253094910591471,727
text_only,44,test,TAV30,20260926,6,0.5598349381017882,0.5469505679494634,0.5741171523785984,0.7515365481376648,0.49056545632145176,0.0,0.7601035237312317,0.5000760165394127,0.002751031636863824,727
