,,,clean_mae,clean_mae,missing_mae,missing_mae,mae_increase,mae_increase,relative_mae_increase,relative_mae_increase,clean_macro_f1,clean_macro_f1,missing_macro_f1,missing_macro_f1,macro_f1_drop,macro_f1_drop
,,,mean,std,mean,std,mean,std,mean,std,mean,std,mean,std,mean,std
variant,split,condition,,,,,,,,,,,,,,
fusion_aug,test,A30,0.7346409956614176,0.008827801981872573,0.7330428229437934,0.009671002047098289,-0.0015981727176241996,0.001033298557438896,-0.0021846856071672193,0.0014285855746410262,0.5646083679599551,0.0188838442099452,0.5702060775021563,0.015982507877139757,-0.005597709542201334,0.0036345279154881074
fusion_aug,test,T30,0.7346409956614176,0.008827801981872573,0.750828484694163,0.009960963352815839,0.016187489032745323,0.0022691660208639802,0.02202668521500908,0.0029736332308333132,0.5646083679599551,0.0188838442099452,0.5488452306820005,0.011692273949096775,0.015763137277954534,0.010100909619612962
fusion_aug,test,TAV30,0.7346409956614176,0.008827801981872573,0.7468292978074816,0.011699364545792646,0.012188302146063867,0.005883337113935704,0.016577388883853034,0.007910687954267973,0.5646083679599551,0.0188838442099452,0.5522272122978755,0.011864384359348244,0.0123811556620795,0.0070374552815394495
fusion_aug,test,V30,0.7346409956614176,0.008827801981872573,0.7322364317046272,0.011262573412448563,-0.002404563956790478,0.002903687771072023,-0.003298582937360444,0.003985948655112556,0.5646083679599551,0.0188838442099452,0.5665545448226906,0.018974165775133767,-0.0019461768627356336,0.0018637971158559949
fusion_aug,valid,A30,0.6411205927530924,0.005688577944756661,0.6400328212314182,0.004831170620390797,-0.0010877715216742333,0.002280473919449599,-0.0016852531378817222,0.003531821274000612,0.5544789232321762,0.01002168605038083,0.5536981080332026,0.008042708846579339,0.0007808151989735004,0.006239023942159227
fusion_aug,valid,T30,0.6411205927530924,0.005688577944756661,0.6628961563110352,0.005198548844033071,0.02177556355794265,0.0016488134292089091,0.033973141011577244,0.0027015719664207705,0.5544789232321762,0.01002168605038083,0.5443476780668944,0.009549684556561038,0.010131245165281744,0.0024571666463381737
fusion_aug,valid,TAV30,0.6411205927530924,0.005688577944756661,0.6600894199477302,0.004516626871676515,0.018968827194637678,0.006271509483189553,0.029630143140727264,0.009938690345920318,0.5544789232321762,0.01002168605038083,0.5444387466641211,0.011738998801519894,0.010040176568055144,0.0038632438319838864
fusion_aug,valid,V30,0.6411205927530924,0.005688577944756661,0.6379309429062737,0.003895201500155623,-0.0031896498468186665,0.002651681667312397,-0.0049557215743873005,0.004090341842901614,0.5544789232321762,0.01002168605038083,0.5563700947290001,0.0061195999404220665,-0.0018911714968238883,0.003902731985397775
fusion_clean,test,A30,0.7177737951278687,0.005676793947722895,0.716808021068573,0.0065268488031666105,-0.0009657740592956436,0.0008822271389893401,-0.0013517621037964442,0.0012379014502639971,0.5764732300148787,0.01115359822393555,0.5807857715618417,0.008520818928212423,-0.004312541546962978,0.0035034871901456384
fusion_clean,test,T30,0.7177737951278687,0.005676793947722895,0.7436195413271586,0.0059349490166691445,0.02584574619928989,0.0012491484944634674,0.03600880274413495,0.0017413170032155696,0.5764732300148787,0.01115359822393555,0.5549413234291609,0.009911963415532507,0.0215319065857177,0.008642780972406413
fusion_clean,test,TAV30,0.7177737951278687,0.005676793947722895,0.7400253415107727,0.009051054817745442,0.022251546382903987,0.004136815856539539,0.03098112311283492,0.005581397158027582,0.5764732300148787,0.01115359822393555,0.5574372440153694,0.007669460759325054,0.01903598599950928,0.007853140923148311
fusion_clean,test,V30,0.7177737951278687,0.005676793947722895,0.7159415814611646,0.008821416300596035,-0.0018322136667039445,0.003171180362385697,-0.0025756653107811885,0.004428188585734407,0.5764732300148787,0.01115359822393555,0.5843426172534837,0.006495402530742959,-0.007869387238604955,0.007247580253964056
fusion_clean,valid,A30,0.636067807674408,0.01051343549084433,0.6369994547632006,0.010802910172952715,0.0009316470887925445,0.0005077165278175592,0.0014601390204640552,0.0007776889584501905,0.562899419214533,0.005080651712889725,0.5622737340031075,0.0034369342130016593,0.0006256852114255108,0.004250013354782358
fusion_clean,valid,T30,0.636067807674408,0.01051343549084433,0.6599834163983663,0.007156714264294036,0.023915608723958277,0.004166849055487819,0.03766914363140031,0.0070691437827912484,0.562899419214533,0.005080651712889725,0.5340634785254449,0.004628728066126859,0.028835940689088135,0.004655763026983879
fusion_clean,valid,TAV30,0.636067807674408,0.01051343549084433,0.6585599581400553,0.009854200141340677,0.022492150465647325,0.0048081342589122444,0.03539862500287385,0.007825074029737476,0.562899419214533,0.005080651712889725,0.5350479694014064,0.00919125141262716,0.027851449813126542,0.00895483203179237
fusion_clean,valid,V30,0.636067807674408,0.01051343549084433,0.6367915206485325,0.011908386281479371,0.0007237129741244665,0.0034886990682132155,0.001122708762342145,0.005438947523402877,0.562899419214533,0.005080651712889725,0.5604621711559088,0.00990379686339908,0.002437248058624167,0.005568035815215552
robust_nogate,test,A30,0.7357343832651774,0.009311341610356554,0.7349999480777316,0.010563023846804466,-0.000734435187445722,0.00174152294414989,-0.0010118864163919778,0.0023733701291444175,0.5676518255886345,0.01311637533055575,0.5693169684107617,0.008736130224714306,-0.0016651428221272889,0.004625236134652336
robust_nogate,test,T30,0.7357343832651774,0.009311341610356554,0.7495404018296136,0.01370794271980589,0.013806018564436135,0.004718088491498147,0.018718001486221412,0.006225597836139163,0.5676518255886345,0.01311637533055575,0.5533438622876002,0.007425315107487256,0.014307963301034234,0.00959438143304425
robust_nogate,test,TAV30,0.7357343832651774,0.009311341610356554,0.747511837217543,0.013291894109463503,0.01177745395236541,0.006804767818378016,0.015982415666582143,0.009126468921091648,0.5676518255886345,0.01311637533055575,0.5564588627470636,0.006698841325369735,0.011192962841570777,0.006423785589054197
robust_nogate,test,V30,0.7357343832651774,0.009311341610356554,0.7334324518839518,0.011848015305468465,-0.0023019313812255664,0.003351100248862384,-0.0031554094296953224,0.004578289499862092,0.5676518255886345,0.01311637533055575,0.5725907957736215,0.009849137228808083,-0.004938970184987044,0.005449281395377528
robust_nogate,valid,A30,0.639153778553009,0.006522292336720572,0.6398857169681125,0.00610690840548777,0.0007319384151034599,0.0006748012427412929,0.001149942354877875,0.001068039956478791,0.5577761276367516,0.008840312957355979,0.557200363516427,0.005411717568167624,0.0005757641203245684,0.003858066402109764
robust_nogate,valid,T30,0.639153778553009,0.006522292336720572,0.6645867294735378,0.005130289370985229,0.02543295092052879,0.0017049822923429685,0.039809987318702104,0.00301845496985021,0.5577761276367516,0.008840312957355979,0.5387535885716425,0.00770927789574401,0.019022539065108934,0.003416569680180042
robust_nogate,valid,TAV30,0.639153778553009,0.006522292336720572,0.6631510721312629,0.003019021803030523,0.0239972935782538,0.0036725113320991765,0.03758647992948602,0.006152349300433936,0.5577761276367516,0.008840312957355979,0.5395742407251817,0.006158058188977276,0.01820188691156988,0.0036742007811598606
robust_nogate,valid,V30,0.639153778553009,0.006522292336720572,0.6386980811754862,0.00570578028683114,-0.00045569737752278877,0.000986037891256535,-0.0007040218159306777,0.0015456249569305738,0.5577761276367516,0.008840312957355979,0.5569793476457362,0.004298959937311298,0.0007967799910154338,0.005553253273157082
robust_norec,test,A30,0.7368679841359457,0.01583065821112164,0.735338548819224,0.015111746268386956,-0.0015294353167215665,0.0017116168650169376,-0.0020605892119598223,0.002285620966378092,0.5571551606344207,0.005186114990614387,0.5608519478264485,0.010342129118086407,-0.003696787192027911,0.0054050636649701726
robust_norec,test,T30,0.7368679841359457,0.01583065821112164,0.749667571650611,0.016192905237518367,0.012799587514665344,0.006597522962741245,0.017395553214574866,0.008916914854889515,0.5571551606344207,0.005186114990614387,0.5492616054558989,0.009998236951763453,0.0078935551785218,0.009634963829170968
robust_norec,test,TAV30,0.7368679841359457,0.01583065821112164,0.7469846341345044,0.015778930525703456,0.010116649998558845,0.007276125273051017,0.01376750327960521,0.00984542586473168,0.5571551606344207,0.005186114990614387,0.5536832082493941,0.007973416980253337,0.003471952385026622,0.008495719713646559
robust_norec,test,V30,0.7368679841359457,0.01583065821112164,0.7334603601031833,0.01331781598453221,-0.0034076240327622783,0.002693509167487106,-0.004575851933242844,0.003597918759854643,0.5571551606344207,0.005186114990614387,0.5615328816764515,0.011058830474517308,-0.004377721042030877,0.00588873957396485
robust_norec,valid,A30,0.6338954965273539,0.004188073175003554,0.6353873213132223,0.0032217443870620394,0.0014918247858683,0.003013739362827629,0.002366974507029722,0.004779356414140759,0.5612859400264959,0.018958502699021718,0.5626519117825124,0.01153019340321212,-0.0013659717560164332,0.0075736342503434605
robust_norec,valid,T30,0.6338954965273539,0.004188073175003554,0.6651453309588962,0.004073497496606777,0.031249834431542254,0.006975789756077,0.04934062997433012,0.011295830604339235,0.5612859400264959,0.018958502699021718,0.5434115386536155,0.01071747656825695,0.017874401372880423,0.019674517210472593
robust_norec,valid,TAV30,0.6338954965273539,0.004188073175003554,0.6613851123385959,0.006878705977426758,0.027489615811241947,0.006239392138748345,0.04337511129134241,0.00993232707413219,0.5612859400264959,0.018958502699021718,0.5435951697978987,0.0118810382887564,0.017690770228597223,0.015482303276335145
robust_norec,valid,V30,0.6338954965273539,0.004188073175003554,0.6278830899132622,0.006332471506457098,-0.006012406614091599,0.0023908740604490037,-0.009499090364385378,0.003829683373384491,0.5612859400264959,0.018958502699021718,0.5671203277260132,0.015323618876603402,-0.005834387699517112,0.004233294844891909
robust_rec,test,A30,0.7346734007199606,0.01528275292130137,0.7343494296073914,0.014118380941041613,-0.0003239711125691778,0.0022936930319628636,-0.00041649436966944447,0.003097572654926737,0.5616508163059122,0.007976795707200677,0.5607198008877746,0.013818368427207248,0.0009310154181375554,0.006679319565955581
robust_rec,test,T30,0.7346734007199606,0.01528275292130137,0.7477975885073344,0.01574076529530804,0.0131241877873738,0.007411246644551455,0.017894961439479246,0.010064099357767638,0.5616508163059122,0.007976795707200677,0.5498503768704651,0.00913408010533566,0.011800439435447035,0.004680950958698989
robust_rec,test,TAV30,0.7346734007199606,0.01528275292130137,0.7445941103829278,0.015411235465805712,0.009920709662967243,0.00906321230290195,0.013556768023277701,0.012318121176934245,0.5616508163059122,0.007976795707200677,0.5509940664503215,0.007142365722873208,0.0106567498555907,0.0021065741727241912
robust_rec,test,V30,0.7346734007199606,0.01528275292130137,0.7320377495553757,0.01362750225133981,-0.0026356511645846334,0.002033598785151575,-0.0035560134442921445,0.0027246066201951154,0.5616508163059122,0.007976795707200677,0.5639641213180133,0.011507758290891932,-0.0023133050121011,0.0036985503157227245
robust_rec,valid,A30,0.6335938175519308,0.0037720071959778446,0.63430874215232,0.003722017177823016,0.0007149246003892556,0.0014056849566925582,0.001130359265839889,0.002227286068658522,0.5594108354535489,0.015496240949680584,0.5591423286299096,0.009061876866219969,0.00026850682363913314,0.006444600188399005
robust_rec,valid,T30,0.6335938175519308,0.0037720071959778446,0.6623608536190456,0.0008457992670986747,0.02876703606711489,0.0029511255257693913,0.045422437865926334,0.0049146805630537775,0.5594108354535489,0.015496240949680584,0.5461500011980204,0.008648590125756826,0.013260834255528377,0.009740614095081236
robust_rec,valid,TAV30,0.6335938175519308,0.0037720071959778446,0.6582544843355814,0.005729665678388218,0.024660666783650666,0.0024031319232451047,0.03891220560401316,0.003624533245839779,0.5594108354535489,0.015496240949680584,0.547447833619314,0.011025495017091456,0.011963001834234833,0.007131973194915604
robust_rec,valid,V30,0.6335938175519308,0.0037720071959778446,0.6285052100817362,0.005374418657676215,-0.005088607470194456,0.0018651822905108738,-0.008040806307545166,0.002987112732390193,0.5594108354535489,0.015496240949680584,0.5611091253363608,0.010844530545406138,-0.0016982898828119002,0.004811658900518986
text_only,test,A30,0.7322013179461161,0.007349362851667992,0.7322013179461161,0.007349362851667992,0.0,0.0,0.0,0.0,0.5846557050433006,0.002947969360810458,0.5846557050433006,0.002947969360810458,0.0,0.0
text_only,test,T30,0.7322013179461161,0.007349362851667992,0.7509452634387546,0.005781130876642623,0.018743945492638442,0.0036326088135239533,0.025621993872723514,0.005120469852288558,0.5846557050433006,0.002947969360810458,0.5620381416891899,0.008669080409652525,0.02261756335411071,0.01161253752694853
text_only,test,TAV30,0.7322013179461161,0.007349362851667992,0.7509452634387546,0.005781130876642623,0.018743945492638442,0.0036326088135239533,0.025621993872723514,0.005120469852288558,0.5846557050433006,0.002947969360810458,0.5620381416891899,0.008669080409652525,0.02261756335411071,0.01161253752694853
text_only,test,V30,0.7322013179461161,0.007349362851667992,0.7322013179461161,0.007349362851667992,0.0,0.0,0.0,0.0,0.5846557050433006,0.002947969360810458,0.5846557050433006,0.002947969360810458,0.0,0.0
text_only,valid,A30,0.6468645731608073,0.0033631989790688472,0.6468645731608073,0.0033631989790688472,0.0,0.0,0.0,0.0,0.5571980294527997,0.022453239247821728,0.5571980294527997,0.022453239247821728,0.0,0.0
text_only,valid,T30,0.6468645731608073,0.0033631989790688472,0.667207810613844,0.007386271087937568,0.02034323745303679,0.008346518689339137,0.03147065298831362,0.012956213802156606,0.5571980294527997,0.022453239247821728,0.5328190394635743,0.012979665800220799,0.02437898998922529,0.009500330346742294
text_only,valid,TAV30,0.6468645731608073,0.0033631989790688472,0.667207810613844,0.007386271087937568,0.02034323745303679,0.008346518689339137,0.03147065298831362,0.012956213802156606,0.5571980294527997,0.022453239247821728,0.5328190394635743,0.012979665800220799,0.02437898998922529,0.009500330346742294
text_only,valid,V30,0.6468645731608073,0.0033631989790688472,0.6468645731608073,0.0033631989790688472,0.0,0.0,0.0,0.0,0.5571980294527997,0.022453239247821728,0.5571980294527997,0.022453239247821728,0.0,0.0
