variant,seed,split,condition,accuracy,macro_f1,weighted_f1,mae,pearson,raw_mae
fusion_aug,42,test,A30,0.005726729021915107,0.005224018323846803,0.005190665560465589,0.001635793479040462,0.0006499458271563674,0.001650105971073139
fusion_aug,42,test,T30,0.015622856522146603,0.011921226222997724,0.0151913082284025,0.0075124167527208284,0.005885188688736702,0.003216895628414886
fusion_aug,42,test,TAV30,0.016060779356384315,0.013036014252202854,0.015502278764754695,0.008259270878709118,0.006234561605854254,0.005097880725446725
fusion_aug,42,test,V30,0.0023824632841388006,0.0032991408645443106,0.0024222367744376593,0.001799524457238747,0.0017454844788221964,0.0015977430162823977
fusion_aug,42,test,clean,0.0,0.0,0.0,0.0,0.0,0.0
fusion_aug,42,valid,A30,0.004952680323439528,0.0041373378633167,0.004334263993037556,0.0010143799871434225,0.0015395030120558936,0.0003441457241495335
fusion_aug,42,valid,T30,0.008578293953843923,0.007944486592722712,0.008374024183762237,0.01531739778615504,0.03083821271453272,0.01379821467861582
fusion_aug,42,valid,TAV30,0.014472051858314234,0.013623174821947541,0.013123200081788751,0.016643085142874964,0.029221827094243976,0.015218295474052184
fusion_aug,42,valid,V30,0.003634273778934943,0.003561340097591559,0.003218249976260919,0.0012045747244989607,0.0003873487259815736,0.0017058247595568914
fusion_aug,42,valid,clean,0.0,0.0,0.0,0.0,0.0,0.0
fusion_aug,43,test,A30,0.002863364510957522,0.003422442889895146,0.002835879087325074,0.0026550178522429103,0.00209946906295409,0.0023732747940557117
fusion_aug,43,test,T30,0.011991468895572748,0.012933821817528127,0.012965997087742862,0.0016407078066654353,0.0105448271196269,0.004024497584812849
fusion_aug,43,test,TAV30,0.005726729021915107,0.005866728556896907,0.006576197239967848,0.0036631750373054108,0.010189307402877587,0.004008772747567943
fusion_aug,43,test,V30,0.002863364510957582,0.0027854714183896036,0.002585404451681659,0.0008115129337040125,0.0014958874067597873,0.0006767843741887412
fusion_aug,43,test,clean,0.0,0.0,0.0,0.0,0.0,0.0
fusion_aug,43,valid,A30,0.0015861271131583068,0.003425609848370152,0.0019724639757911604,0.0010012581522124168,0.0011961845926071399,0.00128667887775841
fusion_aug,43,valid,T30,0.022487232889759515,0.022298508196146167,0.02034838259560775,0.012093242812097858,0.027589163814978657,0.00951070562938889
fusion_aug,43,valid,TAV30,0.015192912109008307,0.015381651800970935,0.013197752157114004,0.012112570899082133,0.027150046692551902,0.011314129478793022
fusion_aug,43,valid,V30,0.0013736263736263687,0.001285997113736579,0.0013436107273012302,0.0019391845897947777,0.001511732699730276,0.0013237615704587437
fusion_aug,43,valid,clean,0.0,0.0,0.0,0.0,0.0,0.0
fusion_aug,44,test,A30,0.001588308856092515,0.0027132008498720536,0.0016476447185458185,0.0015099844267232412,0.0016446613724533236,0.0016334097378715277
fusion_aug,44,test,T30,0.00483065279819019,0.008656438336299609,0.00613137724041363,0.009893493271819622,0.012026180455819324,0.00858771173174884
fusion_aug,44,test,TAV30,0.00840454047676445,0.012286183797817363,0.008151816556729646,0.007673874146242345,0.01016338194271235,0.005608037226200973
fusion_aug,44,test,V30,0.0021011351191911162,0.0006918703511966033,0.0015051241754643746,0.001169663903546596,0.001555351477206782,0.0008855780880040099
fusion_aug,44,test,clean,0.0,0.0,0.0,0.0,0.0,0.0
fusion_aug,44,valid,A30,0.0031722542263166137,0.005313868451863829,0.004169982396218235,0.0003140019999766552,0.0009003864918562661,0.0007958008047622032
fusion_aug,44,valid,T30,0.01197499709763924,0.00920000245654976,0.009685078560554197,0.008657140128417055,0.021329641772013616,0.00926092658296236
fusion_aug,44,valid,TAV30,0.011682555697960733,0.011982203827027738,0.011220294024572482,0.007578610391569429,0.01905873085830584,0.00804213739162165
fusion_aug,44,valid,V30,0.0007930635565791534,0.000750077196463574,0.0009102011042327919,0.0004256373442712853,0.0017117195884876109,0.0007861682513969962
fusion_aug,44,valid,clean,0.0,0.0,0.0,0.0,0.0,0.0
fusion_clean,42,test,A30,0.0,0.0020266448277485565,0.0010490434940606142,0.0011416047043315484,0.0008801503985295309,0.0014226399534766345
fusion_clean,42,test,T30,0.0049594928135680855,0.0028220110723879035,0.005781420583454717,0.0004459123984151144,0.009811927929289038,0.0024901335248754936
fusion_clean,42,test,TAV30,0.005502063273727681,0.003294285706189439,0.0052625100597994785,0.0017232496439349983,0.012269833862502667,0.0012624203713059274
fusion_clean,42,test,V30,0.0034616388974189624,0.004416866523102192,0.0033269139527536615,0.00156620068258425,0.0015003494438384326,0.0014249938142137418
fusion_clean,42,test,clean,0.0,0.0,0.0,0.0,0.0,0.0
fusion_clean,42,valid,A30,0.0,0.0010579057184328885,0.0007412140690445572,0.0011195176367324111,0.0007142033228249628,0.0013036210283124466
fusion_clean,42,valid,T30,0.01037065169680048,0.008591781430617802,0.008330105419607634,0.006743454873995484,0.025380012684029785,0.008391020563170279
fusion_clean,42,valid,TAV30,0.009648034572209505,0.009465691879353118,0.008546995974012931,0.006142277248572028,0.024097641316851885,0.00846312180115247
fusion_clean,42,valid,V30,0.0044155910077806415,0.003935177385331892,0.0040341025301963845,0.0008360971457976232,0.0009911646904835814,0.000913299768183332
fusion_clean,42,valid,clean,0.0,0.0,0.0,0.0,0.0,0.0
fusion_clean,43,test,A30,0.0015883088560925632,0.0017014427663189712,0.0019577440701401628,0.0018133209545455069,0.0018134589252527466,0.0018230771568152955
fusion_clean,43,test,T30,0.0049594928135680855,0.0055239594462995175,0.004877474117905758,0.0007378154984708572,0.010178332703122362,0.001965098476752081
fusion_clean,43,test,TAV30,0.005559080996323831,0.007322512902549732,0.007305875769544751,0.003956954662337003,0.00682193558455865,0.003026759249446657
fusion_clean,43,test,V30,0.0052076188407155595,0.004796658330292391,0.0044353934263259495,0.0015382351554865952,0.001558302826727245,0.00015532491632178617
fusion_clean,43,test,clean,0.0,0.0,0.0,0.0,0.0,0.0
fusion_clean,43,valid,A30,0.0007930635565791534,0.0009700931385377714,0.000882263406342987,0.0003027731170641565,0.0014163222350874935,0.00036813791576609516
fusion_clean,43,valid,T30,0.01352865082664303,0.01363476399673087,0.013951275747405732,0.00770649105048292,0.02381872627887623,0.006596816552668417
fusion_clean,43,valid,TAV30,0.011017591039849818,0.010220066143244805,0.011343955608456248,0.007085904629006598,0.020984485253088443,0.009101802482251953
fusion_clean,43,valid,V30,0.0,0.0002279816436264617,0.00023617152828595984,0.0007902394931293077,0.00273025938377257,0.0007638575231921815
fusion_clean,43,valid,clean,0.0,0.0,0.0,0.0,0.0,0.0
fusion_clean,44,test,A30,0.0034616388974189165,0.004773886356306319,0.004170976540832513,0.0020714948040118854,0.0007036672396482312,0.001190015901243152
fusion_clean,44,test,T30,0.010324007564601317,0.009995725839013017,0.008646984836806869,0.009316518012127266,0.008822417264979773,0.007093161406656291
fusion_clean,44,test,TAV30,0.009918985627136117,0.008162457036930812,0.00767557084853991,0.007017782135864735,0.0029819754229202964,0.006007128665299902
fusion_clean,44,test,V30,0.0021011351191911466,0.0007941712287443173,0.001427559080995038,0.0004935887097540954,0.002212794947453076,0.0009087675367551525
fusion_clean,44,test,clean,0.0,0.0,0.0,0.0,0.0,0.0
fusion_clean,44,valid,A30,0.002098248944576842,0.0023815384462104023,0.002445029333486957,0.0025200737094341064,0.002075842489198164,0.0014846960848647354
fusion_clean,44,valid,T30,0.014097806152326631,0.012454830904197701,0.012749347510717116,0.00925299422126391,0.03020307362216161,0.00938399613373133
fusion_clean,44,valid,TAV30,0.02492794430186119,0.02338631967986133,0.02302615674971032,0.011811704308981489,0.03213107506542472,0.010353596828226085
fusion_clean,44,valid,V30,0.0036342737789348645,0.0034294003658403138,0.00340590834042608,0.0005232693914825731,0.0010419439875864404,0.0008363444353443537
fusion_clean,44,valid,clean,0.0,0.0,0.0,0.0,0.0,0.0
robust_nogate,42,test,A30,0.004421664723059598,0.004616506412559111,0.004091085233152709,0.0019319707090730302,0.0006747461917086595,0.0014553817060217976
robust_nogate,42,test,T30,0.015863222276025865,0.014142656017568327,0.016172915148875172,0.007856041298999118,0.00498637688605984,0.0033031522846103424
robust_nogate,42,test,TAV30,0.021763309099139507,0.0201219632206832,0.0217558907711983,0.009193893177979867,0.005846169897311114,0.0042738536543388255
robust_nogate,42,test,V30,0.0007941544280462134,0.0011408499244333374,0.0012917700260163057,0.002226497474856795,0.00227241950177154,0.0014518922936073366
robust_nogate,42,test,clean,0.0,0.0,0.0,0.0,0.0,0.0
robust_nogate,42,valid,A30,0.0023791906697374844,0.0025711340867602497,0.002312327312826535,0.0011991026050414658,0.0005959522045464695,0.000232180374456772
robust_nogate,42,valid,T30,0.0111028897921082,0.010920139565644872,0.01093418257502415,0.01573146752542336,0.030156949776476958,0.013534831482158395
robust_nogate,42,valid,TAV30,0.011682555697960648,0.011671021033687107,0.011222362809322298,0.01662252016861189,0.02735635418892199,0.015305071260294068
robust_nogate,42,valid,V30,0.002859431317948054,0.002662622476534766,0.0025970804646096575,0.002671003542742252,0.00259499576185113,0.0016096441165267448
robust_nogate,42,valid,clean,0.0,0.0,0.0,0.0,0.0,0.0
robust_nogate,43,test,A30,0.002863364510957522,0.004715087825054184,0.003160779676274745,0.00219992333033883,0.0017725673665751347,0.0024013703763230156
robust_nogate,43,test,T30,0.009950726462269886,0.0108654185524284,0.011016277686120764,0.0014457133318749955,0.010037801338336712,0.004141369303985847
robust_nogate,43,test,TAV30,0.004764926568277489,0.0037495675453449503,0.005918690761372219,0.003983983085807464,0.008536823966857213,0.004122619497243613
robust_nogate,43,test,V30,0.001375515818431941,0.0016572151799522337,0.001383718887691157,0.001372499808972316,0.0017797501551933702,0.0008438352506553085
robust_nogate,43,test,clean,0.0,0.0,0.0,0.0,0.0,0.0
robust_nogate,43,valid,A30,0.002098248944576842,0.0024715992540808624,0.0021864599369886555,0.0013600036211630082,0.0013745071658865771,0.0010936917371816718
robust_nogate,43,valid,T30,0.020573847929176756,0.020709118784385895,0.01858813534996439,0.0104328944303919,0.02637567297210261,0.008883078686633586
robust_nogate,43,valid,TAV30,0.01813672373657364,0.019130501565243235,0.016921016839847387,0.011822905715164532,0.02497280026364076,0.010900189236748951
robust_nogate,43,valid,V30,0.0013736263736263687,0.0011381582627292617,0.0011490861744036204,0.001148062952628205,0.0013824508322602175,0.001321258287647081
robust_nogate,43,valid,clean,0.0,0.0,0.0,0.0,0.0,0.0
robust_nogate,44,test,A30,0.003970772140231275,0.005334121430054572,0.003981331959274435,0.001978304092465301,0.0028377195964506456,0.0016415526316605762
robust_nogate,44,test,T30,0.004764926568277489,0.006991560124590459,0.0060363760605446955,0.00943564929102626,0.00966149623726637,0.00803003413721827
robust_nogate,44,test,TAV30,0.003176617712184982,0.0028839164080081293,0.00344897585086225,0.00681195611368431,0.007532716869969156,0.005550254999246452
robust_nogate,44,test,V30,0.001375515818431941,0.0010989958386053427,0.0010934861638864303,0.0010373163661225489,0.001919414731248031,0.000837158363835738
robust_nogate,44,test,clean,0.0,0.0,0.0,0.0,0.0,0.0
robust_nogate,44,valid,A30,0.0013736263736263687,0.0018259293149931804,0.0018042731313190619,0.0008318590852248557,0.0007506139902878503,0.0009034782839014154
robust_nogate,44,valid,T30,0.0096480345722095,0.007333866386123265,0.00731184613705872,0.007877149342926108,0.02901494256059508,0.007457562205101647
robust_nogate,44,valid,TAV30,0.014030726598941928,0.01172501996462849,0.011861277279978487,0.00934255415117812,0.029583233663572586,0.008610145995692172
robust_nogate,44,valid,V30,0.0007930635565791534,0.0014272757284623054,0.0009093503343169457,0.0009218959370534881,0.0013652736422632,0.0012603812448004918
robust_nogate,44,valid,clean,0.0,0.0,0.0,0.0,0.0,0.0
robust_norec,42,test,A30,0.004126547455295698,0.004575964197994131,0.004111306389435665,0.002571052097511514,0.00030973253362814656,0.0025952734377301927
robust_norec,42,test,T30,0.007821514034494262,0.006076404593133847,0.008627280357069339,0.006179215293068935,0.0026260715784114943,0.0033121798798869204
robust_norec,42,test,TAV30,0.011912316420693828,0.009117525623270345,0.011912829130689017,0.007385392503403315,0.0024917995759765315,0.005781248039313939
robust_norec,42,test,V30,0.0007941544280462134,0.0017613440507639247,0.0010874273258472717,0.000980781324276435,0.00042726118773340945,0.0009518975163094683
robust_norec,42,test,clean,0.0,0.0,0.0,0.0,0.0,0.0
robust_norec,42,valid,A30,0.003965317782895767,0.00406758411005006,0.003691153934900818,0.0016014178426335041,0.0021015291364493553,0.0007571923838723987
robust_norec,42,valid,T30,0.009648034572209434,0.0071168190290003056,0.008211066780464888,0.013968520947344442,0.02351506788340369,0.012549210277620938
robust_norec,42,valid,TAV30,0.01801494100082969,0.016101139912850684,0.01702855141087278,0.017125695613996652,0.023831366173944858,0.014544514132640298
robust_norec,42,valid,V30,0.002098248944576842,0.0023431199479037046,0.0019373403921038625,0.0016394429622595943,0.0020483776347987306,0.0019984523004785157
robust_norec,42,valid,clean,0.0,0.0,0.0,0.0,0.0,0.0
robust_norec,43,test,A30,0.004830652798190112,0.0056916230749585765,0.0052007067722887905,0.002551161095657956,0.0015306633678564376,0.0030320451591029627
robust_norec,43,test,T30,0.015213810199942264,0.013918227411394942,0.01552497631351207,0.00547954002476867,0.004001287151689718,0.0045796728170723515
robust_norec,43,test,TAV30,0.010917818340019005,0.009522028657781555,0.011046553765533972,0.00522759052900512,0.0034556064575759354,0.002980843881983417
robust_norec,43,test,V30,0.001375515818431941,0.0015562961629060849,0.0013978658817152666,0.0025170325759315292,0.0017426088239802103,0.0018417466001374187
robust_norec,43,test,clean,0.0,0.0,0.0,0.0,0.0,0.0
robust_norec,43,valid,A30,0.0013736263736263687,0.002216070859291304,0.0018127695525827121,0.00147380597367273,0.0009151411474816497,0.0011923055017147531
robust_norec,43,valid,T30,0.017662364031122646,0.018097514254470336,0.016089187865036707,0.011258855238708763,0.030279319676780166,0.009997887804100918
robust_norec,43,valid,TAV30,0.021992325931360458,0.022074048120432364,0.020277016036849088,0.013108458471764908,0.026918668901782412,0.012282483511802165
robust_norec,43,valid,V30,0.00475838133947492,0.004256647268392638,0.004784127093813309,0.0012161931354747804,0.0028003038295311934,0.0009610895980838751
robust_norec,43,valid,clean,0.0,0.0,0.0,0.0,0.0,0.0
robust_norec,44,test,A30,0.005559080996323831,0.004424982641149403,0.004847296841850697,0.00111078857519941,0.0026633808589710687,0.001271123875609133
robust_norec,44,test,T30,0.003176617712184982,0.0028549489652845103,0.002922472914894671,0.008885927328633303,0.014376203252970995,0.009928837475676577
robust_norec,44,test,TAV30,0.010384916692256886,0.015274979862929817,0.01018496699486263,0.009755574172408988,0.010996511027697024,0.007785183937110609
robust_norec,44,test,V30,0.001588308856092515,0.0005935201263377459,0.0008455651165542444,0.000872498040936621,0.0021426846632400685,0.001184856040636603
robust_norec,44,test,clean,0.0,0.0,0.0,0.0,0.0,0.0
robust_norec,44,valid,A30,0.0028594313179479743,0.003370495854531411,0.0027314916491007458,0.0009114960239547389,0.0012684006808947163,0.00020798117609335438
robust_norec,44,valid,T30,0.007565344158360062,0.007969677449119049,0.006779348997564306,0.005577098914018219,0.017520223330585314,0.006114282236892386
robust_norec,44,valid,TAV30,0.004196497889153684,0.003156996980437719,0.0027157892430837945,0.003587565276382366,0.013503319369734692,0.005904686918870357
robust_norec,44,valid,V30,0.0,0.0003688992385113125,0.0004103224264630026,0.0008513004345816086,0.001663707363789668,0.0014416307680354202
robust_norec,44,valid,clean,0.0,0.0,0.0,0.0,0.0,0.0
robust_rec,42,test,A30,0.0015883088560924511,0.002476812609548904,0.0018571948484302065,0.0017851384426527278,0.0011710651483850764,0.002596585267794464
robust_rec,42,test,T30,0.006785258407587662,0.005889540160406027,0.007220705458906676,0.005479356421747393,0.0015041036542114681,0.003098318130793701
robust_rec,42,test,TAV30,0.010917818340018917,0.007434159251494966,0.010685225994881677,0.006847246251129765,0.0014925071110852362,0.005394399683761273
robust_rec,42,test,V30,0.001375515818431941,0.0007335035133238772,0.0010662539459436104,0.0006818795181543442,0.0003443815677749164,0.0010907978650476439
robust_rec,42,test,clean,0.0,0.0,0.0,0.0,0.0,0.0
robust_rec,42,valid,A30,0.0027472527472527375,0.0030308792238459,0.0027228135374996057,0.0016412213050389225,0.0020431628051149594,0.0007261721333048872
robust_rec,42,valid,T30,0.011682555697960648,0.009937622592570004,0.010382623688008168,0.014185625738829229,0.0231322493827806,0.01169330146471592
robust_rec,42,valid,TAV30,0.015439299725354757,0.014055629222144015,0.014517196332845313,0.014862250399848934,0.020651935382089082,0.01376699904286716
robust_rec,42,valid,V30,0.002098248944576842,0.0015399849074803462,0.0016368209763173837,0.001992365912262357,0.0023364352842423835,0.002130022058814056
robust_rec,42,valid,clean,0.0,0.0,0.0,0.0,0.0,0.0
robust_rec,43,test,A30,0.004421664723059598,0.005629377897144521,0.004388007500090969,0.002659459735064947,0.0027945690550657616,0.0024551472087708977
robust_rec,43,test,T30,0.010743121975112261,0.015378880361336182,0.012730791147612894,0.0013599313386910925,0.009318181413721911,0.0031977293299854637
robust_rec,43,test,TAV30,0.010139085001144407,0.013163797712146083,0.01145513616366924,0.0009248346823603134,0.007675069969211555,0.001616854075041891
robust_rec,43,test,V30,0.0023824632841387603,0.002427865014907199,0.002462042634148002,0.0021310829841899677,0.0026651981306707578,0.0014967729369055167
robust_rec,43,test,clean,0.0,0.0,0.0,0.0,0.0,0.0
robust_rec,43,valid,A30,0.00237919066973746,0.0022066186473481634,0.002179479422853039,0.0014770129502276652,0.000728156049387275,0.0006136787281040737
robust_rec,43,valid,T30,0.019635331174351258,0.019840050752272215,0.01769413818562057,0.007704711250742528,0.028722230908784455,0.0076601169686141245
robust_rec,43,valid,TAV30,0.021116946076190857,0.02185717005084705,0.019534713284028733,0.007604542735517029,0.025586285677735993,0.01013321233742985
robust_rec,43,valid,V30,0.0007930635565791534,0.0007933939656492203,0.0009336370003317951,9.447504166436104e-05,0.0013995942421323353,0.0008377680016598848
robust_rec,43,valid,clean,0.0,0.0,0.0,0.0,0.0,0.0
robust_rec,44,test,A30,0.004959492813568055,0.005936537449308711,0.004765963282998045,0.0018960559314185974,0.0011426282248117865,0.0013589368939103418
robust_rec,44,test,T30,0.003639272780006318,0.003163447069770071,0.0034503162065596753,0.009491892285065941,0.014514012380948784,0.009794617984588413
robust_rec,44,test,TAV30,0.012225852018315796,0.017770852132583476,0.01235813209345817,0.010317099965686319,0.011981428846242245,0.007652958913599703
robust_rec,44,test,V30,0.0013755158184318717,0.0011314185620564848,0.00036505621667057037,0.0005464429915314681,0.0015635247039264958,0.0010905400327122833
robust_rec,44,test,clean,0.0,0.0,0.0,0.0,0.0,0.0
robust_rec,44,valid,A30,0.003456883898933481,0.003838922241764047,0.003347247886395511,0.0010824413615237428,0.001710976274731153,0.00022154215264362542
robust_rec,44,valid,T30,0.008279826611733113,0.008193649997201246,0.0070398525745075605,0.004841435597938672,0.016265603850958,0.005731313063503624
robust_rec,44,valid,TAV30,0.008279826611733113,0.007122660317001044,0.006344731274834645,0.004194053661763783,0.01298680307230341,0.005911773875526507
robust_rec,44,valid,V30,0.002098248944576842,0.0024341890112123564,0.0022940808939585183,0.0009602542939842033,0.0018517063684793747,0.0014378562791162667
robust_rec,44,valid,clean,0.0,0.0,0.0,0.0,0.0,0.0
text_only,42,test,A30,0.0,0.0,0.0,0.0,0.0,0.0
text_only,42,test,T30,0.0034616388974189126,0.0025370450128839243,0.0033856226940259205,0.005446511753288508,0.006683226941994291,0.005225619008655058
text_only,42,test,TAV30,0.0034616388974189126,0.0025370450128839243,0.0033856226940259205,0.005446511753288508,0.006683226941994291,0.005225619008655058
text_only,42,test,V30,0.0,0.0,0.0,0.0,0.0,0.0
text_only,42,test,clean,0.0,0.0,0.0,0.0,0.0,0.0
text_only,42,valid,A30,0.0,0.0,0.0,0.0,0.0,0.0
text_only,42,valid,T30,0.012209058265543426,0.01279614038874685,0.011869910377133,0.013613134080492197,0.028516018885869084,0.012159466139880717
text_only,42,valid,TAV30,0.012209058265543426,0.01279614038874685,0.011869910377133,0.013613134080492197,0.028516018885869084,0.012159466139880717
text_only,42,valid,V30,0.0,0.0,0.0,0.0,0.0,0.0
text_only,42,valid,clean,0.0,0.0,0.0,0.0,0.0,0.0
text_only,43,test,A30,0.0,0.0,0.0,0.0,0.0,0.0
text_only,43,test,T30,0.014707945834337922,0.014504903281143115,0.015069643515390401,0.0060280887269742916,0.0036351268559959085,0.005801255800334558
text_only,43,test,TAV30,0.014707945834337922,0.014504903281143115,0.015069643515390401,0.0060280887269742916,0.0036351268559959085,0.005801255800334558
text_only,43,test,V30,0.0,0.0,0.0,0.0,0.0,0.0
text_only,43,test,clean,0.0,0.0,0.0,0.0,0.0,0.0
text_only,43,valid,A30,0.0,0.0,0.0,0.0,0.0,0.0
text_only,43,valid,T30,0.011682555697960728,0.01126970952865688,0.010532997873043992,0.007785177017047236,0.02775876515991797,0.0068388773038222635
text_only,43,valid,TAV30,0.011682555697960728,0.01126970952865688,0.010532997873043992,0.007785177017047236,0.02775876515991797,0.0068388773038222635
text_only,43,valid,V30,0.0,0.0,0.0,0.0,0.0,0.0
text_only,43,valid,clean,0.0,0.0,0.0,0.0,0.0,0.0
text_only,44,test,A30,0.0,0.0,0.0,0.0,0.0,0.0
text_only,44,test,T30,0.004421664723059598,0.004799353843850747,0.004899198727256565,0.005916621424573068,0.00598709366335177,0.004258597668484897
text_only,44,test,TAV30,0.004421664723059598,0.004799353843850747,0.004899198727256565,0.005916621424573068,0.00598709366335177,0.004258597668484897
text_only,44,test,V30,0.0,0.0,0.0,0.0,0.0,0.0
text_only,44,test,clean,0.0,0.0,0.0,0.0,0.0,0.0
text_only,44,valid,A30,0.0,0.0,0.0,0.0,0.0,0.0
text_only,44,valid,T30,0.015192912109008314,0.013443560195483161,0.015045696821232676,0.00793445123358264,0.029123733309209508,0.007125922241843485
text_only,44,valid,TAV30,0.015192912109008314,0.013443560195483161,0.015045696821232676,0.00793445123358264,0.029123733309209508,0.007125922241843485
text_only,44,valid,V30,0.0,0.0,0.0,0.0,0.0,0.0
text_only,44,valid,clean,0.0,0.0,0.0,0.0,0.0,0.0
