variant,split,condition,accuracy_mean,accuracy_std,macro_f1_mean,macro_f1_std,mae_mean,mae_std,pearson_mean,pearson_std,raw_mae_mean,raw_mae_std
fusion_aug,test,A30,0.6134800550206327,0.007575750408921729,0.5702060775021563,0.015982507877139757,0.7330428229437934,0.009671002047098289,0.5481767602484665,0.018720054527166755,0.7376520699924893,0.009020691235749879
fusion_aug,test,T30,0.5943756686535228,0.0016102175993967763,0.5488452306820005,0.011692273949096775,0.750828484694163,0.009960963352815839,0.5150099622296476,0.022331478436471226,0.7563287880685595,0.009379309399595307
fusion_aug,test,TAV30,0.596821030108513,0.004523505605058378,0.5522272122978755,0.011864384359348244,0.7468292978074816,0.011699364545792646,0.5211316339297993,0.01812852842201246,0.7519964045948453,0.011850718196481723
fusion_aug,test,V30,0.6079779917469051,0.012665041097600301,0.5665545448226906,0.018974165775133767,0.7322364317046272,0.011262573412448563,0.546042472552227,0.021434280667828574,0.7365942332479688,0.010844783929500737
fusion_aug,test,clean,0.6075194864740944,0.011118161992647566,0.5646083679599551,0.0188838442099452,0.7346409956614176,0.008827801981872573,0.5457652872900867,0.02080170882221672,0.7395848234494528,0.008491785520281013
fusion_aug,valid,A30,0.5828754578754579,0.01133646373913922,0.5536981080332026,0.008042708846579339,0.6400328212314182,0.004831170620390797,0.5696965442936083,0.005990642592275375,0.6479736036724515,0.004611323276388665
fusion_aug,valid,T30,0.571886446886447,0.012001229324250177,0.5443476780668944,0.009549684556561038,0.6628961563110352,0.005198548844033071,0.5236079471435838,0.007918010134143385,0.6733333733346728,0.0056009808298596265
fusion_aug,valid,TAV30,0.571886446886447,0.013302050408730798,0.5444387466641211,0.011738998801519894,0.6600894199477302,0.004516626871676515,0.5293712307970594,0.0075987402256529404,0.6697642935646905,0.004535994669908152
fusion_aug,valid,V30,0.5825702075702076,0.007895309619278094,0.5563700947290001,0.0061195999404220665,0.6379309429062737,0.003895201500155623,0.5687867783457187,0.005634001569964034,0.6463174621264139,0.005072954289011129
fusion_aug,valid,clean,0.5828754578754579,0.01298300996223249,0.5544789232321762,0.01002168605038083,0.6411205927530924,0.005688577944756661,0.56628524608973,0.006479575258731675,0.6480907400449117,0.0077155280454254795
fusion_clean,test,A30,0.6255540272046461,0.01743727160100636,0.5807857715618417,0.008520818928212423,0.716808021068573,0.0065268488031666105,0.5628559350747939,0.004274078338099503,0.7219809161292181,0.00869162613638826
fusion_clean,test,T30,0.5881094299251108,0.01342515131040672,0.5549413234291609,0.009911963415532507,0.7436195413271586,0.0059349490166691445,0.5149362964993075,0.0027506223523517687,0.7526640097300211,0.006761178275166837
fusion_clean,test,TAV30,0.587956594834174,0.014660223626006351,0.5574372440153694,0.007669460759325054,0.7400253415107727,0.009051054817745442,0.5174339475908655,0.003667716745161552,0.7471094330151876,0.011516842904356315
fusion_clean,test,V30,0.6261653675683937,0.01395494022150511,0.5843426172534837,0.006495402530742959,0.7159415814611646,0.008821416300596035,0.5592579822532372,0.005103557765883164,0.7222570776939392,0.010997663561977733
fusion_clean,test,clean,0.6221916552040349,0.019322611192760682,0.5764732300148787,0.01115359822393555,0.7177737951278687,0.005676793947722895,0.561236251642172,0.005778387622607843,0.7249389886856079,0.008798415638664556
fusion_clean,valid,A30,0.5915750915750916,0.01475893906711185,0.5622737340031075,0.0034369342130016593,0.6369994547632006,0.010802910172952715,0.5769120459672745,0.008923766147474022,0.6448109414842393,0.007285839768311085
fusion_clean,valid,T30,0.5561660561660561,0.01855007888185415,0.5340634785254449,0.004628728066126859,0.6599834163983663,0.007156714264294036,0.5213658227155363,0.006998031012683927,0.6711330413818359,0.003698445824777309
fusion_clean,valid,TAV30,0.5567765567765568,0.019921529228761115,0.5350479694014064,0.00919125141262716,0.6585599581400553,0.009854200141340677,0.5243640708307732,0.004945719791478217,0.6676045523749458,0.008965913022996055
fusion_clean,valid,V30,0.5882173382173382,0.009498386985654186,0.5604621711559088,0.00990379686339908,0.6367915206485325,0.011908386281479371,0.5741177424385321,0.008486510433559209,0.6455864972538419,0.009376598111200594
fusion_clean,valid,clean,0.592032967032967,0.013103560459023932,0.562899419214533,0.005080651712889725,0.636067807674408,0.01051343549084433,0.57512469284494,0.009493294944184287,0.645047128200531,0.007160244725427882
robust_nogate,test,A30,0.6124102093840746,0.0030528785504261614,0.5693169684107617,0.008736130224714306,0.7349999480777316,0.010563023846804466,0.5445097120100276,0.015269634502613786,0.7375297546386719,0.010768367883866302
robust_nogate,test,T30,0.5977380406541342,0.007137578742983754,0.5533438622876002,0.007425315107487256,0.7495404018296136,0.01370794271980589,0.5126907907589509,0.020103756298806827,0.7547631727324592,0.01401494727910497
robust_nogate,test,TAV30,0.6001834021091242,0.001213090926668776,0.5564588627470636,0.006698841325369735,0.747511837217543,0.013291894109463503,0.518691607402978,0.015321788273220109,0.7520767052968343,0.01426314962939785
robust_nogate,test,V30,0.6114931988384533,0.00565902753525099,0.5725907957736215,0.009849137228808083,0.7334324518839518,0.011848015305468465,0.5416924054099271,0.017851210600820778,0.7365220586458842,0.012900187817067503
robust_nogate,test,clean,0.609353507565337,0.0076585479543741656,0.5676518255886345,0.01311637533055575,0.7357343832651774,0.009311341610356554,0.5402302293117272,0.015696608376070027,0.7388074596722921,0.011370375740540017
robust_nogate,valid,A30,0.5834859584859585,0.006933954024176134,0.557200363516427,0.005411717568167624,0.6398857169681125,0.00610690840548777,0.5702443786605919,0.005896368607022275,0.6478401886092292,0.005468921756780961
robust_nogate,valid,T30,0.5662393162393162,0.00819499008465133,0.5387535885716425,0.00770927789574401,0.6645867294735378,0.005130289370985229,0.5214030075361324,0.007702385781258332,0.6723646190431384,0.004923874452465722
robust_nogate,valid,TAV30,0.5671550671550672,0.007113052623767478,0.5395742407251817,0.006158058188977276,0.6631510721312629,0.003019021803030523,0.5270931950978311,0.005966717614997739,0.6709107756614685,0.0050714172278684255
robust_nogate,valid,V30,0.5810439560439561,0.004367853486341311,0.5569793476457362,0.004298959937311298,0.6386980811754862,0.00570578028683114,0.5691290071066187,0.0050211364452973474,0.6460455722279019,0.005959516790382449
robust_nogate,valid,clean,0.5833333333333334,0.008392995778307485,0.5577761276367516,0.008840312957355979,0.639153778553009,0.006522292336720572,0.5678387408730442,0.0064744971606761365,0.6471245288848877,0.006559420978306343
robust_norec,test,A30,0.5920831422894697,0.011710599269136849,0.5608519478264485,0.010342129118086407,0.735338548819224,0.015111746268386956,0.543126493620508,0.02341019214891934,0.7414457201957703,0.01156535906935817
robust_norec,test,T30,0.585358398288247,0.002261752802529172,0.5492616054558989,0.009998236951763453,0.749667571650611,0.016192905237518367,0.5129548213722014,0.0313625028914854,0.7578415274620056,0.018352764368732476
robust_norec,test,TAV30,0.5873452544704264,0.001375515818431955,0.5536832082493941,0.007973416980253337,0.7469846341345044,0.015778930525703456,0.5178462519352571,0.02546610614828208,0.7556286851565043,0.016407342357721278
robust_norec,test,V30,0.5884151001069845,0.01300356305756115,0.5615328816764515,0.011058830474517308,0.7334603601031833,0.01331781598453221,0.5396528721537517,0.025322731460152834,0.7395619816250271,0.010904427799506716
robust_norec,test,clean,0.587803759743237,0.007575750408921736,0.5571551606344207,0.005186114990614387,0.7368679841359457,0.01583065821112164,0.5394387150374071,0.026065996830938885,0.7414850393931071,0.013141410492419053
robust_norec,valid,A30,0.5801282051282052,0.009191785668445465,0.5626519117825124,0.01153019340321212,0.6353873213132223,0.0032217443870620394,0.575181377555571,0.003080233012999731,0.6451662845081754,0.0011311576944126117
robust_norec,valid,T30,0.561965811965812,0.01180158633835373,0.5434115386536155,0.01071747656825695,0.6651453309588962,0.004073497496606777,0.518957524762666,0.0013976513804410504,0.6730694704585605,0.002677457887315553
robust_norec,valid,TAV30,0.5616605616605616,0.010055901349224178,0.5435951697978987,0.0118810382887564,0.6613851123385959,0.006878705977426758,0.5271138013359006,0.0072229022659818275,0.6691315571467081,0.004247121296311328
robust_norec,valid,V30,0.5816544566544567,0.012953371424126267,0.5671203277260132,0.015323618876603402,0.6278830899132622,0.006332471506457098,0.5752089250694922,0.007822353512456486,0.6399263938268026,0.0050321253165859494
robust_norec,valid,clean,0.5787545787545788,0.01609743207989652,0.5612859400264959,0.018958502699021718,0.6338954965273539,0.004188073175003554,0.5718008012851622,0.007276711150331075,0.6426236033439636,0.003212133812338456
robust_rec,test,A30,0.5966681950175761,0.011538796324729884,0.5607198008877746,0.013818368427207248,0.7343494296073914,0.014118380941041613,0.5419438303579432,0.023079832156538384,0.7399696376588608,0.012447616215170355
robust_rec,test,T30,0.5913189668347852,0.006882671709734184,0.5498503768704651,0.00913408010533566,0.7477975885073344,0.01574076529530804,0.5134941630233961,0.03066602889515566,0.7551425695419312,0.017918891773979498
robust_rec,test,TAV30,0.5894849457435427,0.0030528785504260786,0.5509940664503215,0.007142365722873208,0.7445941103829278,0.015411235465805712,0.5190214423976064,0.0255688372580194,0.7525443169805738,0.017123847650321922
robust_rec,test,V30,0.5965153599266392,0.012017737205026304,0.5639641213180133,0.011507758290891932,0.7320377495553757,0.01362750225133981,0.538043152693264,0.02505231406179189,0.7382763889100817,0.011805981170599044
robust_rec,test,clean,0.5969738651994497,0.007147389852416338,0.5616508163059122,0.007976795707200677,0.7346734007199606,0.01528275292130137,0.5384012804583667,0.02617259010743719,0.7403604388237,0.013679979713343681
robust_rec,valid,A30,0.578907203907204,0.009206978712976668,0.5591423286299096,0.009061876866219969,0.63430874215232,0.003722017177823016,0.5741121933139742,0.000683910841454603,0.6428159541553922,0.0018729414117829599
robust_rec,valid,T30,0.5677655677655679,0.006868131868131955,0.5461500011980204,0.008648590125756826,0.6623608536190456,0.0008457992670986747,0.5180060324276808,0.0021414643817873435,0.6713509360949198,0.0005422038823471734
robust_rec,valid,TAV30,0.5683760683760685,0.008999708783764188,0.547447833619314,0.011025495017091456,0.6582544843355814,0.005729665678388218,0.5268251070877693,0.005705192023113943,0.6669853329658508,0.004351107127473022
robust_rec,valid,V30,0.5781440781440782,0.011087143237890179,0.5611091253363608,0.010844530545406138,0.6285052100817362,0.005374418657676215,0.5725212601016675,0.0031692661876401183,0.6385307908058167,0.004984100446439495
robust_rec,valid,clean,0.5796703296703297,0.015601396554396409,0.5594108354535489,0.015496240949680584,0.6335938175519308,0.0037720071959778446,0.5694534593230736,0.0005114768449374255,0.6411003867785136,0.0030057193826057553
text_only,test,A30,0.6148555708390647,0.001375515818431955,0.5846557050433006,0.002947969360810458,0.7322013179461161,0.007349362851667992,0.5340004227409579,0.017390569568841937,0.7391444444656372,0.007102004435582488
text_only,test,T30,0.5816903561057619,0.015732366477099493,0.5620381416891899,0.008669080409652525,0.7509452634387546,0.005781130876642623,0.4943219278932278,0.014973215238568139,0.7577683528264364,0.007712337689169463
text_only,test,TAV30,0.5816903561057619,0.015732366477099493,0.5620381416891899,0.008669080409652525,0.7509452634387546,0.005781130876642623,0.4943219278932278,0.014973215238568139,0.7577683528264364,0.007712337689169463
text_only,test,V30,0.6148555708390647,0.001375515818431955,0.5846557050433006,0.002947969360810458,0.7322013179461161,0.007349362851667992,0.5340004227409579,0.017390569568841937,0.7391444444656372,0.007102004435582488
text_only,test,clean,0.6148555708390647,0.001375515818431955,0.5846557050433006,0.002947969360810458,0.7322013179461161,0.007349362851667992,0.5340004227409579,0.017390569568841937,0.7391444444656372,0.007102004435582488
text_only,valid,A30,0.576923076923077,0.015601396554396409,0.5571980294527997,0.022453239247821728,0.6468645731608073,0.0033631989790688472,0.5701197338641356,0.011952030862443926,0.6554199457168579,0.0030835167204445305
text_only,valid,T30,0.546092796092796,0.005797747226258398,0.5328190394635743,0.012979665800220799,0.667207810613844,0.007386271087937568,0.5035250179053515,0.006870618145359037,0.6746360262235006,0.008475972769612587
text_only,valid,TAV30,0.546092796092796,0.005797747226258398,0.5328190394635743,0.012979665800220799,0.667207810613844,0.007386271087937568,0.5035250179053515,0.006870618145359037,0.6746360262235006,0.008475972769612587
text_only,valid,V30,0.576923076923077,0.015601396554396409,0.5571980294527997,0.022453239247821728,0.6468645731608073,0.0033631989790688472,0.5701197338641356,0.011952030862443926,0.6554199457168579,0.0030835167204445305
text_only,valid,clean,0.576923076923077,0.015601396554396409,0.5571980294527997,0.022453239247821728,0.6468645731608073,0.0033631989790688472,0.5701197338641356,0.011952030862443926,0.6554199457168579,0.0030835167204445305
