variant,scenario,group,rate,position,pattern,mask_seed,population_sha256,excluded_short,realized_T,realized_A,realized_V,accuracy,macro_f1,weighted_f1,mae,pearson,polarity_regression_conflict,raw_mae,raw_pearson,raw_polarity_regression_conflict,n
robust_norec,clean,clean,0,random,block,20260924,fd3fbc69795bed881f3c67b5714787a0316376125bb6d0a73004f38886a31266,0,0.0,0.0,0.0,0.5604395604395604,0.5399970460470292,0.5642948531046486,0.6385640501976013,0.5673498600116328,0.0,0.6401574015617371,0.5816137000084272,0.0013736263736263737,728
robust_norec,T,rate,0.1,random,block,20260924,fd3fbc69795bed881f3c67b5714787a0316376125bb6d0a73004f38886a31266,0,0.10191008618681574,0.0,0.0,0.5659340659340659,0.5492751460724766,0.5702220541213745,0.6401715278625488,0.55703506230099,0.0,0.6460875868797302,0.5667565385936016,0.008241758241758242,728
robust_norec,T,rate,0.1,random,block,20260925,fd3fbc69795bed881f3c67b5714787a0316376125bb6d0a73004f38886a31266,0,0.10191008618681574,0.0,0.0,0.5879120879120879,0.5708308756567901,0.5915885192974545,0.6420277953147888,0.5439704283158002,0.0,0.6532303690910339,0.5495976597356854,0.005494505494505495,728
robust_norec,T,rate,0.1,random,block,20260926,fd3fbc69795bed881f3c67b5714787a0316376125bb6d0a73004f38886a31266,0,0.10191008618681574,0.0,0.0,0.554945054945055,0.5357005200699749,0.5593482604520459,0.6520361304283142,0.5495431518273748,0.0,0.65620356798172,0.5623717385287518,0.01098901098901099,728
robust_norec,T,rate,0.3,random,block,20260924,fd3fbc69795bed881f3c67b5714787a0316376125bb6d0a73004f38886a31266,0,0.2996156533892383,0.0,0.0,0.570054945054945,0.5445029456824406,0.5702124253084483,0.6488745808601379,0.5319178570906097,0.0,0.660101592540741,0.5384988540140792,0.013736263736263736,728
robust_norec,T,rate,0.3,random,block,20260925,fd3fbc69795bed881f3c67b5714787a0316376125bb6d0a73004f38886a31266,0,0.2996156533892383,0.0,0.0,0.5508241758241759,0.5304022066985788,0.5537902981933763,0.6760647296905518,0.49059778723304376,0.0,0.6851940751075745,0.4948140514391505,0.01510989010989011,728
robust_norec,T,rate,0.3,random,block,20260926,fd3fbc69795bed881f3c67b5714787a0316376125bb6d0a73004f38886a31266,0,0.2996156533892383,0.0,0.0,0.5590659340659341,0.5391331146031538,0.5620139626269062,0.6680266857147217,0.5307094062337642,0.0,0.6731206178665161,0.541038623504625,0.01098901098901099,728
robust_norec,T,rate,0.5,random,block,20260924,fd3fbc69795bed881f3c67b5714787a0316376125bb6d0a73004f38886a31266,0,0.49953412532028885,0.0,0.0,0.5412087912087912,0.5056738010346818,0.5368850337550801,0.6886817216873169,0.4859013205559257,0.0,0.6929938793182373,0.4917895591614619,0.020604395604395604,728
robust_norec,T,rate,0.5,random,block,20260925,fd3fbc69795bed881f3c67b5714787a0316376125bb6d0a73004f38886a31266,0,0.49953412532028885,0.0,0.0,0.5398351648351648,0.510017336887833,0.5370512588518244,0.694846510887146,0.46542913387110185,0.0,0.7069512009620667,0.4693615664501646,0.012362637362637362,728
robust_norec,T,rate,0.5,random,block,20260926,fd3fbc69795bed881f3c67b5714787a0316376125bb6d0a73004f38886a31266,0,0.49953412532028885,0.0,0.0,0.5370879120879121,0.5108807063535016,0.536092627137108,0.6949589252471924,0.48005670352083746,0.0,0.7015920877456665,0.4888750677742921,0.016483516483516484,728
robust_norec,T,rate,0.7,random,block,20260924,fd3fbc69795bed881f3c67b5714787a0316376125bb6d0a73004f38886a31266,0,0.6993361285814116,0.0,0.0,0.5233516483516484,0.48875723899357854,0.5185283876435323,0.7194687724113464,0.4143531756988473,0.0,0.7276090979576111,0.41691153497777406,0.0260989010989011,728
robust_norec,T,rate,0.7,random,block,20260925,fd3fbc69795bed881f3c67b5714787a0316376125bb6d0a73004f38886a31266,0,0.6993361285814116,0.0,0.0,0.5137362637362637,0.4771582504511726,0.5087538605579666,0.7147507071495056,0.42370326912816497,0.0,0.7205718159675598,0.42558961827603325,0.019230769230769232,728
robust_norec,T,rate,0.7,random,block,20260926,fd3fbc69795bed881f3c67b5714787a0316376125bb6d0a73004f38886a31266,0,0.6993361285814116,0.0,0.0,0.5206043956043956,0.48697484964950033,0.514505012302275,0.7337141633033752,0.4042835117040374,0.0,0.7382320165634155,0.40830285918764936,0.016483516483516484,728
robust_norec,A,rate,0.1,random,block,20260924,fd3fbc69795bed881f3c67b5714787a0316376125bb6d0a73004f38886a31266,0,0.0,0.10161891451199627,0.0,0.5618131868131868,0.5412517695847558,0.5653416142175137,0.6392974853515625,0.5706637284360387,0.0,0.6410683989524841,0.5834473679506834,0.0027472527472527475,728
robust_norec,A,rate,0.1,random,block,20260925,fd3fbc69795bed881f3c67b5714787a0316376125bb6d0a73004f38886a31266,0,0.0,0.10161891451199627,0.0,0.5673076923076923,0.5477539426734983,0.5711155035578039,0.6373695135116577,0.5717205694429591,0.0,0.6414159536361694,0.5831890833753687,0.0027472527472527475,728
robust_norec,A,rate,0.1,random,block,20260926,fd3fbc69795bed881f3c67b5714787a0316376125bb6d0a73004f38886a31266,0,0.0,0.10161891451199627,0.0,0.554945054945055,0.53566377711069,0.5592271659012127,0.641631543636322,0.5677299366105446,0.0,0.6419966816902161,0.581323507090683,0.004120879120879121,728
robust_norec,A,rate,0.3,random,block,20260924,fd3fbc69795bed881f3c67b5714787a0316376125bb6d0a73004f38886a31266,0,0.0,0.29880037269974374,0.0,0.5673076923076923,0.5475939443092727,0.571467897471547,0.6394131183624268,0.5728793578899712,0.0,0.6437052488327026,0.5835033686597021,0.004120879120879121,728
robust_norec,A,rate,0.3,random,block,20260925,fd3fbc69795bed881f3c67b5714787a0316376125bb6d0a73004f38886a31266,0,0.0,0.29880037269974374,0.0,0.5741758241758241,0.5541253257650162,0.5775932072273837,0.636743426322937,0.5758583684345772,0.0,0.6443365812301636,0.5845489968405218,0.004120879120879121,728
robust_norec,A,rate,0.3,random,block,20260926,fd3fbc69795bed881f3c67b5714787a0316376125bb6d0a73004f38886a31266,0,0.0,0.29880037269974374,0.0,0.5673076923076923,0.5466594548402156,0.5709620390162004,0.6396106481552124,0.5718011022183034,0.0,0.6452130079269409,0.5808710360944412,0.005494505494505495,728
robust_norec,A,rate,0.5,random,block,20260924,fd3fbc69795bed881f3c67b5714787a0316376125bb6d0a73004f38886a31266,0,0.0,0.4981365012811554,0.0,0.5659340659340659,0.5456452926468779,0.5702592518730691,0.6423506140708923,0.5707055854325848,0.0,0.6465603113174438,0.5823682398438558,0.0027472527472527475,728
robust_norec,A,rate,0.5,random,block,20260925,fd3fbc69795bed881f3c67b5714787a0316376125bb6d0a73004f38886a31266,0,0.0,0.4981365012811554,0.0,0.5714285714285714,0.5503530814318413,0.5749550249755889,0.6381704807281494,0.5778001161316852,0.0,0.6455854773521423,0.5865126642627148,0.005494505494505495,728
robust_norec,A,rate,0.5,random,block,20260926,fd3fbc69795bed881f3c67b5714787a0316376125bb6d0a73004f38886a31266,0,0.0,0.4981365012811554,0.0,0.5673076923076923,0.5448686415545185,0.5705349822981928,0.6428793668746948,0.5707744804785841,0.0,0.6476026177406311,0.5814203997905781,0.005494505494505495,728
robust_norec,A,rate,0.7,random,block,20260924,fd3fbc69795bed881f3c67b5714787a0316376125bb6d0a73004f38886a31266,0,0.0,0.6973561611926392,0.0,0.5645604395604396,0.5399438161487516,0.5670659147143602,0.6425017714500427,0.5766833328042545,0.0,0.6480696797370911,0.5857330435918247,0.008241758241758242,728
robust_norec,A,rate,0.7,random,block,20260925,fd3fbc69795bed881f3c67b5714787a0316376125bb6d0a73004f38886a31266,0,0.0,0.6973561611926392,0.0,0.570054945054945,0.5478632826699125,0.5736353512596606,0.639978289604187,0.5810969925702978,0.0,0.6494972109794617,0.586212929540424,0.005494505494505495,728
robust_norec,A,rate,0.7,random,block,20260926,fd3fbc69795bed881f3c67b5714787a0316376125bb6d0a73004f38886a31266,0,0.0,0.6973561611926392,0.0,0.570054945054945,0.5457256161589235,0.5720504377255262,0.644057035446167,0.5741817942225595,0.0,0.649221658706665,0.5853880795911262,0.005494505494505495,728
robust_norec,V,rate,0.1,random,block,20260924,fd3fbc69795bed881f3c67b5714787a0316376125bb6d0a73004f38886a31266,0,0.0,0.0,0.09602841835546239,0.5618131868131868,0.5417458168414727,0.5662788530225408,0.6366782784461975,0.5686271975506902,0.0,0.6401570439338684,0.5814331450102745,0.0013736263736263737,728
robust_norec,V,rate,0.1,random,block,20260925,fd3fbc69795bed881f3c67b5714787a0316376125bb6d0a73004f38886a31266,0,0.0,0.0,0.09538784067085954,0.5604395604395604,0.5401912993709995,0.5648111519115188,0.6367154717445374,0.5694952686043089,0.0,0.6401097774505615,0.5815230012046527,0.004120879120879121,728
robust_norec,V,rate,0.1,random,block,20260926,fd3fbc69795bed881f3c67b5714787a0316376125bb6d0a73004f38886a31266,0,0.0,0.0,0.09678546470999301,0.5604395604395604,0.5401912993709995,0.5648111519115188,0.6368560194969177,0.568962761033847,0.0,0.6411246657371521,0.5803940213552061,0.004120879120879121,728
robust_norec,V,rate,0.3,random,block,20260924,fd3fbc69795bed881f3c67b5714787a0316376125bb6d0a73004f38886a31266,0,0.0,0.0,0.282611227579781,0.570054945054945,0.5531032165128472,0.5750427985347164,0.6328768730163574,0.5710080330944187,0.0,0.6389960050582886,0.5822786684211066,0.004120879120879121,728
robust_norec,V,rate,0.3,random,block,20260925,fd3fbc69795bed881f3c67b5714787a0316376125bb6d0a73004f38886a31266,0,0.0,0.0,0.28156300955043095,0.5673076923076923,0.5501503977166715,0.5724402214083205,0.6341981291770935,0.5687204791027097,0.0,0.6390247941017151,0.5813078265279815,0.005494505494505495,728
robust_norec,V,rate,0.3,random,block,20260926,fd3fbc69795bed881f3c67b5714787a0316376125bb6d0a73004f38886a31266,0,0.0,0.0,0.28348474260423945,0.5659340659340659,0.5484754139088097,0.5712555880880912,0.6361363530158997,0.5669209798024119,0.0,0.6424717307090759,0.5777094270228446,0.004120879120879121,728
robust_norec,V,rate,0.5,random,block,20260924,fd3fbc69795bed881f3c67b5714787a0316376125bb6d0a73004f38886a31266,0,0.0,0.0,0.47175634754251106,0.5618131868131868,0.5453921122028645,0.5671041815905867,0.6338052153587341,0.5671716646649458,0.0,0.6389718651771545,0.5799152106328344,0.004120879120879121,728
robust_norec,V,rate,0.5,random,block,20260925,fd3fbc69795bed881f3c67b5714787a0316376125bb6d0a73004f38886a31266,0,0.0,0.0,0.4701840204984859,0.5659340659340659,0.5486888973285081,0.5706364490127055,0.6327676177024841,0.5679970854833007,0.0,0.6382157802581787,0.5807222434426065,0.005494505494505495,728
robust_norec,V,rate,0.5,random,block,20260926,fd3fbc69795bed881f3c67b5714787a0316376125bb6d0a73004f38886a31266,0,0.0,0.0,0.47198928488236663,0.5631868131868132,0.5468307216487431,0.5681089349730946,0.6375799775123596,0.5623626911123152,0.0,0.6420553922653198,0.5754688072607167,0.004120879120879121,728
robust_norec,V,rate,0.7,random,block,20260924,fd3fbc69795bed881f3c67b5714787a0316376125bb6d0a73004f38886a31266,0,0.0,0.0,0.6596203121360354,0.5604395604395604,0.5439113562492769,0.566111998553466,0.6364968419075012,0.5627865371492182,0.0,0.6415729522705078,0.5754074277367963,0.004120879120879121,728
robust_norec,V,rate,0.7,random,block,20260925,fd3fbc69795bed881f3c67b5714787a0316376125bb6d0a73004f38886a31266,0,0.0,0.0,0.658746797111577,0.5563186813186813,0.539203326848512,0.5617337800406246,0.6374269127845764,0.562768845438842,0.0,0.6410261392593384,0.5763666343732239,0.006868131868131868,728
robust_norec,V,rate,0.7,random,block,20260926,fd3fbc69795bed881f3c67b5714787a0316376125bb6d0a73004f38886a31266,0,0.0,0.0,0.6601444211507105,0.5590659340659341,0.5431390564767026,0.5645407380436984,0.6394205689430237,0.5587602901567628,0.0,0.6440731287002563,0.57254277743637,0.005494505494505495,728
robust_norec,TA,rate,0.1,random,block,20260924,fd3fbc69795bed881f3c67b5714787a0316376125bb6d0a73004f38886a31266,0,0.10191008618681574,0.10161891451199627,0.0,0.5673076923076923,0.5487155972769976,0.571335290152709,0.6412314772605896,0.5595163380620564,0.0,0.6465002298355103,0.569323775345205,0.01098901098901099,728
robust_norec,TA,rate,0.1,random,block,20260925,fd3fbc69795bed881f3c67b5714787a0316376125bb6d0a73004f38886a31266,0,0.10191008618681574,0.10161891451199627,0.0,0.5824175824175825,0.5661998700178165,0.5864220866339379,0.6456871032714844,0.5433000755520412,0.0,0.654866635799408,0.5508525676368883,0.004120879120879121,728
robust_norec,TA,rate,0.1,random,block,20260926,fd3fbc69795bed881f3c67b5714787a0316376125bb6d0a73004f38886a31266,0,0.10191008618681574,0.10161891451199627,0.0,0.5535714285714286,0.534135051062027,0.5579593988863758,0.6544557213783264,0.549713650821167,0.0,0.6579216122627258,0.5621934104609408,0.009615384615384616,728
robust_norec,TA,rate,0.3,random,block,20260924,fd3fbc69795bed881f3c67b5714787a0316376125bb6d0a73004f38886a31266,0,0.2996156533892383,0.29880037269974374,0.0,0.5631868131868132,0.5362479628355997,0.5630691035259537,0.6524544954299927,0.5365948941623213,0.0,0.6602269411087036,0.5440133866356551,0.006868131868131868,728
robust_norec,TA,rate,0.3,random,block,20260925,fd3fbc69795bed881f3c67b5714787a0316376125bb6d0a73004f38886a31266,0,0.2996156533892383,0.29880037269974374,0.0,0.5480769230769231,0.525682098635099,0.5500570115947423,0.6797757148742676,0.4949937540308881,0.0,0.6872903108596802,0.5002363146213432,0.013736263736263736,728
robust_norec,TA,rate,0.3,random,block,20260926,fd3fbc69795bed881f3c67b5714787a0316376125bb6d0a73004f38886a31266,0,0.2996156533892383,0.29880037269974374,0.0,0.5673076923076923,0.5447658154273741,0.5694777231230604,0.6719358563423157,0.5298301701445255,0.0,0.6760462522506714,0.5419374306812628,0.013736263736263736,728
robust_norec,TA,rate,0.5,random,block,20260924,fd3fbc69795bed881f3c67b5714787a0316376125bb6d0a73004f38886a31266,0,0.49953412532028885,0.4981365012811554,0.0,0.5453296703296703,0.5090211614462545,0.5401573143241322,0.6958885788917542,0.48621729704635847,0.0,0.7016668915748596,0.49385807962156214,0.01098901098901099,728
robust_norec,TA,rate,0.5,random,block,20260925,fd3fbc69795bed881f3c67b5714787a0316376125bb6d0a73004f38886a31266,0,0.49953412532028885,0.4981365012811554,0.0,0.5384615384615384,0.5087169052048138,0.5353889674351312,0.7025928497314453,0.47416020507897,0.0,0.71409010887146,0.4759394569305039,0.01510989010989011,728
robust_norec,TA,rate,0.5,random,block,20260926,fd3fbc69795bed881f3c67b5714787a0316376125bb6d0a73004f38886a31266,0,0.49953412532028885,0.4981365012811554,0.0,0.5521978021978022,0.5289190043000652,0.5512492690508577,0.6920883655548096,0.49123650947169745,0.0,0.7031481266021729,0.4972030927485524,0.01098901098901099,728
robust_norec,TA,rate,0.7,random,block,20260924,fd3fbc69795bed881f3c67b5714787a0316376125bb6d0a73004f38886a31266,0,0.6993361285814116,0.6973561611926392,0.0,0.5274725274725275,0.48898149980689193,0.5199335788379444,0.7293362617492676,0.4209492381840341,0.0,0.7367281317710876,0.42822004113076445,0.019230769230769232,728
robust_norec,TA,rate,0.7,random,block,20260925,fd3fbc69795bed881f3c67b5714787a0316376125bb6d0a73004f38886a31266,0,0.6993361285814116,0.6973561611926392,0.0,0.5137362637362637,0.47605660340752937,0.507069358854854,0.7302458882331848,0.4358142843262651,0.0,0.7387886643409729,0.43335134614898174,0.02197802197802198,728
robust_norec,TA,rate,0.7,random,block,20260926,fd3fbc69795bed881f3c67b5714787a0316376125bb6d0a73004f38886a31266,0,0.6993361285814116,0.6973561611926392,0.0,0.5247252747252747,0.48905905398499555,0.5165355778342158,0.7414472103118896,0.4255648549807196,0.0,0.7471868395805359,0.4281409038336256,0.02197802197802198,728
robust_norec,TV,rate,0.1,random,block,20260924,fd3fbc69795bed881f3c67b5714787a0316376125bb6d0a73004f38886a31266,0,0.10191008618681574,0.0,0.09602841835546239,0.5645604395604396,0.5475609985525554,0.5692127594270601,0.6397576332092285,0.5561862619970751,0.0,0.6454740166664124,0.56659223630898,0.01098901098901099,728
robust_norec,TV,rate,0.1,random,block,20260925,fd3fbc69795bed881f3c67b5714787a0316376125bb6d0a73004f38886a31266,0,0.10191008618681574,0.0,0.09538784067085954,0.5824175824175825,0.5661132345914955,0.5864263990906371,0.6431160569190979,0.5423764814736296,0.0,0.6527954936027527,0.5492686529960606,0.0027472527472527475,728
robust_norec,TV,rate,0.1,random,block,20260926,fd3fbc69795bed881f3c67b5714787a0316376125bb6d0a73004f38886a31266,0,0.10191008618681574,0.0,0.09678546470999301,0.5521978021978022,0.5335298032560334,0.5568086270147472,0.6530787348747253,0.5475211476929419,0.0,0.6566779017448425,0.561199381418608,0.01098901098901099,728
robust_norec,TV,rate,0.3,random,block,20260924,fd3fbc69795bed881f3c67b5714787a0316376125bb6d0a73004f38886a31266,0,0.2996156533892383,0.0,0.282611227579781,0.5686813186813187,0.5443646096175357,0.5705323897780712,0.6466494798660278,0.5327005224731245,0.0,0.6571589708328247,0.5387512145684501,0.009615384615384616,728
robust_norec,TV,rate,0.3,random,block,20260925,fd3fbc69795bed881f3c67b5714787a0316376125bb6d0a73004f38886a31266,0,0.2996156533892383,0.0,0.28156300955043095,0.5494505494505495,0.5280975142006005,0.5529516704605504,0.672837495803833,0.49298049183720455,0.0,0.6833834648132324,0.49455210286049983,0.016483516483516484,728
robust_norec,TV,rate,0.3,random,block,20260926,fd3fbc69795bed881f3c67b5714787a0316376125bb6d0a73004f38886a31266,0,0.2996156533892383,0.0,0.28348474260423945,0.5631868131868132,0.543172422056376,0.5658075375136106,0.6671972274780273,0.5259285509754333,0.0,0.6735002994537354,0.5375173925290686,0.009615384615384616,728
robust_norec,TV,rate,0.5,random,block,20260924,fd3fbc69795bed881f3c67b5714787a0316376125bb6d0a73004f38886a31266,0,0.49953412532028885,0.0,0.47175634754251106,0.5467032967032966,0.5170802683176726,0.5453929072519302,0.6771484017372131,0.49038890933662677,0.0,0.6868969202041626,0.4952432521339879,0.019230769230769232,728
robust_norec,TV,rate,0.5,random,block,20260925,fd3fbc69795bed881f3c67b5714787a0316376125bb6d0a73004f38886a31266,0,0.49953412532028885,0.0,0.4701840204984859,0.5343406593406593,0.5099676428671558,0.5339955918098641,0.6888214349746704,0.46747356509461124,0.0,0.6999680995941162,0.4731189415385753,0.017857142857142856,728
robust_norec,TV,rate,0.5,random,block,20260926,fd3fbc69795bed881f3c67b5714787a0316376125bb6d0a73004f38886a31266,0,0.49953412532028885,0.0,0.47198928488236663,0.5398351648351648,0.5185587102793393,0.5415777665608663,0.6907119750976562,0.4797831748194182,0.0,0.7007935047149658,0.48543329628809073,0.012362637362637362,728
robust_norec,TV,rate,0.7,random,block,20260924,fd3fbc69795bed881f3c67b5714787a0316376125bb6d0a73004f38886a31266,0,0.6993361285814116,0.0,0.6596203121360354,0.5096153846153846,0.4788049706979171,0.508915138637425,0.7154380083084106,0.41614750972050646,0.0,0.7241734266281128,0.41590997823146036,0.023351648351648352,728
robust_norec,TV,rate,0.7,random,block,20260925,fd3fbc69795bed881f3c67b5714787a0316376125bb6d0a73004f38886a31266,0,0.6993361285814116,0.0,0.658746797111577,0.5068681318681318,0.47430402033085217,0.5045946371023771,0.7114350199699402,0.42073781294865864,0.0,0.7206966876983643,0.4214885793242507,0.012362637362637362,728
robust_norec,TV,rate,0.7,random,block,20260926,fd3fbc69795bed881f3c67b5714787a0316376125bb6d0a73004f38886a31266,0,0.6993361285814116,0.0,0.6601444211507105,0.5123626373626373,0.4838496787455546,0.5114356311987999,0.7256923913955688,0.4016407716933762,0.0,0.7341660857200623,0.4075085489809661,0.024725274725274724,728
robust_norec,AV,rate,0.1,random,block,20260924,fd3fbc69795bed881f3c67b5714787a0316376125bb6d0a73004f38886a31266,0,0.0,0.10161891451199627,0.09602841835546239,0.5631868131868132,0.5421622543627991,0.567346536193181,0.637153685092926,0.571784211777607,0.0,0.6408520936965942,0.5833627677745099,0.0027472527472527475,728
robust_norec,AV,rate,0.1,random,block,20260925,fd3fbc69795bed881f3c67b5714787a0316376125bb6d0a73004f38886a31266,0,0.0,0.10161891451199627,0.09538784067085954,0.5631868131868132,0.5428039222221569,0.5672109036133662,0.6376943588256836,0.5711463207008028,0.0,0.6411269903182983,0.5832613445486168,0.004120879120879121,728
robust_norec,AV,rate,0.1,random,block,20260926,fd3fbc69795bed881f3c67b5714787a0316376125bb6d0a73004f38886a31266,0,0.0,0.10161891451199627,0.09678546470999301,0.5590659340659341,0.5398708120582122,0.5634409565251718,0.6396373510360718,0.5680116580380911,0.0,0.6426898241043091,0.5800613124795929,0.004120879120879121,728
robust_norec,AV,rate,0.3,random,block,20260924,fd3fbc69795bed881f3c67b5714787a0316376125bb6d0a73004f38886a31266,0,0.0,0.29880037269974374,0.282611227579781,0.5631868131868132,0.5441382569170554,0.5683996891172102,0.6380509734153748,0.5732449940359444,0.0,0.6422420740127563,0.5840292269647512,0.005494505494505495,728
robust_norec,AV,rate,0.3,random,block,20260925,fd3fbc69795bed881f3c67b5714787a0316376125bb6d0a73004f38886a31266,0,0.0,0.29880037269974374,0.28156300955043095,0.5659340659340659,0.5475102533046518,0.5704989750825382,0.6365790367126465,0.5745530652420365,0.0,0.641908586025238,0.5843796067908886,0.004120879120879121,728
robust_norec,AV,rate,0.3,random,block,20260926,fd3fbc69795bed881f3c67b5714787a0316376125bb6d0a73004f38886a31266,0,0.0,0.29880037269974374,0.28348474260423945,0.5604395604395604,0.5420443047679102,0.5652295592715997,0.6426019668579102,0.5664202722267528,0.0,0.6476333737373352,0.576164611444772,0.005494505494505495,728
robust_norec,AV,rate,0.5,random,block,20260924,fd3fbc69795bed881f3c67b5714787a0316376125bb6d0a73004f38886a31266,0,0.0,0.4981365012811554,0.47175634754251106,0.5659340659340659,0.5456734865065488,0.5703431787709337,0.6358059644699097,0.5725092294817955,0.0,0.6434995532035828,0.5809050819971068,0.004120879120879121,728
robust_norec,AV,rate,0.5,random,block,20260925,fd3fbc69795bed881f3c67b5714787a0316376125bb6d0a73004f38886a31266,0,0.0,0.4981365012811554,0.4701840204984859,0.570054945054945,0.5504107839148172,0.5746491456496182,0.632439374923706,0.5804793992278185,0.0,0.6418795585632324,0.5863351343022771,0.0027472527472527475,728
robust_norec,AV,rate,0.5,random,block,20260926,fd3fbc69795bed881f3c67b5714787a0316376125bb6d0a73004f38886a31266,0,0.0,0.4981365012811554,0.47198928488236663,0.5659340659340659,0.545334429464965,0.5693718922854654,0.6434920430183411,0.5640356737461569,0.0,0.6500658988952637,0.5737161410136267,0.004120879120879121,728
robust_norec,AV,rate,0.7,random,block,20260924,fd3fbc69795bed881f3c67b5714787a0316376125bb6d0a73004f38886a31266,0,0.0,0.6973561611926392,0.6596203121360354,0.5741758241758241,0.5511422736964217,0.5769965580720781,0.6332698464393616,0.5788296577031333,0.0,0.6439489126205444,0.5820845945938242,0.004120879120879121,728
robust_norec,AV,rate,0.7,random,block,20260925,fd3fbc69795bed881f3c67b5714787a0316376125bb6d0a73004f38886a31266,0,0.0,0.6973561611926392,0.658746797111577,0.5631868131868132,0.542129401276909,0.5671815401117871,0.6388003826141357,0.5746716986272099,0.0,0.6475537419319153,0.581748920461208,0.006868131868131868,728
robust_norec,AV,rate,0.7,random,block,20260926,fd3fbc69795bed881f3c67b5714787a0316376125bb6d0a73004f38886a31266,0,0.0,0.6973561611926392,0.6601444211507105,0.5714285714285714,0.5507577366285901,0.5743581450816853,0.6423284411430359,0.5667825935493386,0.0,0.6520600914955139,0.575372760477581,0.006868131868131868,728
robust_norec,TAV,rate,0.1,random,block,20260924,fd3fbc69795bed881f3c67b5714787a0316376125bb6d0a73004f38886a31266,0,0.10191008618681574,0.10161891451199627,0.09602841835546239,0.5645604395604396,0.5460935089020229,0.5689252416772853,0.6410192251205444,0.5593253926309041,0.0,0.6458827257156372,0.5691836339259007,0.01098901098901099,728
robust_norec,TAV,rate,0.1,random,block,20260925,fd3fbc69795bed881f3c67b5714787a0316376125bb6d0a73004f38886a31266,0,0.10191008618681574,0.10161891451199627,0.09538784067085954,0.5810439560439561,0.5637755435533692,0.5850483044165251,0.6448765993118286,0.5439257037700943,0.0,0.6542261838912964,0.5507023552367568,0.004120879120879121,728
robust_norec,TAV,rate,0.1,random,block,20260926,fd3fbc69795bed881f3c67b5714787a0316376125bb6d0a73004f38886a31266,0,0.10191008618681574,0.10161891451199627,0.09678546470999301,0.5508241758241759,0.5319800843114763,0.5552317592053884,0.6550078392028809,0.548480990747604,0.0,0.6585364937782288,0.5609680581484322,0.012362637362637362,728
robust_norec,TAV,rate,0.3,random,block,20260924,fd3fbc69795bed881f3c67b5714787a0316376125bb6d0a73004f38886a31266,0,0.2996156533892383,0.29880037269974374,0.282611227579781,0.5728021978021978,0.5463987267056646,0.5733552648173063,0.6472176909446716,0.5396659782592588,0.0,0.6569409370422363,0.5437813176320008,0.009615384615384616,728
robust_norec,TAV,rate,0.3,random,block,20260925,fd3fbc69795bed881f3c67b5714787a0316376125bb6d0a73004f38886a31266,0,0.2996156533892383,0.29880037269974374,0.28156300955043095,0.5370879120879121,0.5153006591277902,0.5398921146467246,0.6794257164001465,0.4930991789278587,0.0,0.6848936080932617,0.49986932808668405,0.013736263736263736,728
robust_norec,TAV,rate,0.3,random,block,20260926,fd3fbc69795bed881f3c67b5714787a0316376125bb6d0a73004f38886a31266,0,0.2996156533892383,0.29880037269974374,0.28348474260423945,0.5590659340659341,0.5380900495495907,0.5621080196777827,0.6734138131141663,0.5251832570430743,0.0,0.6778897047042847,0.5372447550153402,0.01098901098901099,728
robust_norec,TAV,rate,0.5,random,block,20260924,fd3fbc69795bed881f3c67b5714787a0316376125bb6d0a73004f38886a31266,0,0.49953412532028885,0.4981365012811554,0.47175634754251106,0.5535714285714286,0.5216244349812847,0.5500594285664308,0.6831551790237427,0.49461532980337186,0.0,0.6941310167312622,0.49486096229991106,0.016483516483516484,728
robust_norec,TAV,rate,0.5,random,block,20260925,fd3fbc69795bed881f3c67b5714787a0316376125bb6d0a73004f38886a31266,0,0.49953412532028885,0.4981365012811554,0.4701840204984859,0.5357142857142857,0.5099077023605325,0.534588053455978,0.6993077993392944,0.474513826078745,0.0,0.7094109654426575,0.47792721928186055,0.019230769230769232,728
robust_norec,TAV,rate,0.5,random,block,20260926,fd3fbc69795bed881f3c67b5714787a0316376125bb6d0a73004f38886a31266,0,0.49953412532028885,0.4981365012811554,0.47198928488236663,0.5467032967032966,0.5235926452768558,0.5461981808297597,0.696323037147522,0.4822171029792899,0.0,0.7073764801025391,0.4887864623695092,0.009615384615384616,728
robust_norec,TAV,rate,0.7,random,block,20260924,fd3fbc69795bed881f3c67b5714787a0316376125bb6d0a73004f38886a31266,0,0.6993361285814116,0.6973561611926392,0.6596203121360354,0.5137362637362637,0.4771273639107374,0.5091047570662786,0.7233802080154419,0.42067207610507207,0.0,0.7302311658859253,0.427642792179138,0.013736263736263736,728
robust_norec,TAV,rate,0.7,random,block,20260925,fd3fbc69795bed881f3c67b5714787a0316376125bb6d0a73004f38886a31266,0,0.6993361285814116,0.6973561611926392,0.658746797111577,0.5164835164835165,0.48205676093353805,0.5125289010601607,0.7195727825164795,0.42764171240736726,0.0,0.7332747578620911,0.4254203242061193,0.01510989010989011,728
robust_norec,TAV,rate,0.7,random,block,20260926,fd3fbc69795bed881f3c67b5714787a0316376125bb6d0a73004f38886a31266,0,0.6993361285814116,0.6973561611926392,0.6601444211507105,0.5137362637362637,0.4815487664423834,0.5095616435755552,0.7384713292121887,0.4161195864721764,0.0,0.7484199404716492,0.41722243793053204,0.009615384615384616,728
robust_norec,T,position,0.3,front,block,20260924,fd3fbc69795bed881f3c67b5714787a0316376125bb6d0a73004f38886a31266,0,0.2996156533892383,0.0,0.0,0.5604395604395604,0.5372821837938117,0.5619245294558354,0.6676809787750244,0.5268865890770881,0.0,0.674333393573761,0.5302547353535338,0.016483516483516484,728
robust_norec,T,position,0.3,middle,block,20260924,fd3fbc69795bed881f3c67b5714787a0316376125bb6d0a73004f38886a31266,0,0.2996156533892383,0.0,0.0,0.5631868131868132,0.5425084074468346,0.5653428551730711,0.6672314405441284,0.50470282391398,0.0,0.6769563555717468,0.5158301234260095,0.009615384615384616,728
robust_norec,T,position,0.3,back,block,20260924,fd3fbc69795bed881f3c67b5714787a0316376125bb6d0a73004f38886a31266,0,0.2996156533892383,0.0,0.0,0.5439560439560439,0.5197672405314799,0.5463703894309518,0.6687995791435242,0.5085652250140233,0.0,0.6805453300476074,0.5131143166110708,0.01098901098901099,728
robust_norec,T,pattern,0.3,random,block,20260924,bbcc1ce77f89ecc3dd04539f22327053e878ea0d0bd9a4973b6e7f54756c15de,10,0.29965014577259474,0.0,0.0,0.5668523676880223,0.5400714609315683,0.5671021600219122,0.6527833938598633,0.5310956097937548,0.0,0.662930965423584,0.5379200052144519,0.013927576601671309,718
robust_norec,T,pattern,0.3,random,block,20260925,bbcc1ce77f89ecc3dd04539f22327053e878ea0d0bd9a4973b6e7f54756c15de,10,0.29965014577259474,0.0,0.0,0.5501392757660167,0.5273277601761016,0.5527065539304028,0.6808028221130371,0.4899386277683405,0.0,0.6896331310272217,0.4933926316766018,0.01532033426183844,718
robust_norec,T,pattern,0.3,random,block,20260926,bbcc1ce77f89ecc3dd04539f22327053e878ea0d0bd9a4973b6e7f54756c15de,10,0.29965014577259474,0.0,0.0,0.5571030640668524,0.5350492309303593,0.5598058823498401,0.6726818680763245,0.5304775893092849,0.0,0.677695095539093,0.5400285319950995,0.011142061281337047,718
robust_norec,T,pattern,0.3,random,two_blocks,20260924,bbcc1ce77f89ecc3dd04539f22327053e878ea0d0bd9a4973b6e7f54756c15de,10,0.29965014577259474,0.0,0.0,0.552924791086351,0.5243552795879491,0.5543483606423302,0.6568605303764343,0.5359213785966781,0.0,0.6653351187705994,0.5447096921528141,0.01532033426183844,718
robust_norec,T,pattern,0.3,random,two_blocks,20260925,bbcc1ce77f89ecc3dd04539f22327053e878ea0d0bd9a4973b6e7f54756c15de,10,0.29965014577259474,0.0,0.0,0.5501392757660167,0.526151625293223,0.5520325472957065,0.6722954511642456,0.5046804073224606,0.0,0.6772501468658447,0.5155974675712279,0.016713091922005572,718
robust_norec,T,pattern,0.3,random,two_blocks,20260926,bbcc1ce77f89ecc3dd04539f22327053e878ea0d0bd9a4973b6e7f54756c15de,10,0.29965014577259474,0.0,0.0,0.5487465181058496,0.522787077231964,0.5507566824751682,0.6754004955291748,0.5111868320132233,0.0,0.6785222887992859,0.5207297487050992,0.012534818941504178,718
robust_norec,T,pattern,0.3,random,points,20260924,bbcc1ce77f89ecc3dd04539f22327053e878ea0d0bd9a4973b6e7f54756c15de,10,0.29965014577259474,0.0,0.0,0.5278551532033426,0.5038667046630262,0.5296058451519339,0.6860259771347046,0.4876058368044848,0.0,0.6872813701629639,0.49794359401804533,0.011142061281337047,718
robust_norec,T,pattern,0.3,random,points,20260925,bbcc1ce77f89ecc3dd04539f22327053e878ea0d0bd9a4973b6e7f54756c15de,10,0.29965014577259474,0.0,0.0,0.5431754874651811,0.5176822513315847,0.5450495601281041,0.663764238357544,0.5378456655641107,0.0,0.6697582602500916,0.5440735124653753,0.008356545961002786,718
robust_norec,T,pattern,0.3,random,points,20260926,bbcc1ce77f89ecc3dd04539f22327053e878ea0d0bd9a4973b6e7f54756c15de,10,0.29965014577259474,0.0,0.0,0.5431754874651811,0.5193618148000324,0.5453156881393909,0.679839551448822,0.5107874764637009,0.0,0.6891973614692688,0.5132176651300143,0.019498607242339833,718
robust_norec,A,position,0.3,front,block,20260924,fd3fbc69795bed881f3c67b5714787a0316376125bb6d0a73004f38886a31266,0,0.0,0.29880037269974374,0.0,0.5673076923076923,0.5476072185943056,0.5706368745770704,0.6402323842048645,0.5721155359539459,0.0,0.645563006401062,0.581980842122569,0.004120879120879121,728
robust_norec,A,position,0.3,middle,block,20260924,fd3fbc69795bed881f3c67b5714787a0316376125bb6d0a73004f38886a31266,0,0.0,0.29880037269974374,0.0,0.5631868131868132,0.5425564301502919,0.567126322755752,0.642427384853363,0.5701474705574706,0.0,0.6452643275260925,0.5829386761396105,0.005494505494505495,728
robust_norec,A,position,0.3,back,block,20260924,fd3fbc69795bed881f3c67b5714787a0316376125bb6d0a73004f38886a31266,0,0.0,0.29891684136967156,0.0,0.5796703296703297,0.5601621546827026,0.5834818766325616,0.6314539909362793,0.5766625693835786,0.0,0.6379372477531433,0.5859835751354865,0.006868131868131868,728
robust_norec,A,pattern,0.3,random,block,20260924,bbcc1ce77f89ecc3dd04539f22327053e878ea0d0bd9a4973b6e7f54756c15de,10,0.0,0.2988338192419825,0.0,0.5682451253481894,0.5475349766639374,0.5725038474856582,0.6406871676445007,0.5750432339994072,0.0,0.6452668905258179,0.5847800256494594,0.004178272980501393,718
robust_norec,A,pattern,0.3,random,block,20260925,bbcc1ce77f89ecc3dd04539f22327053e878ea0d0bd9a4973b6e7f54756c15de,10,0.0,0.2988338192419825,0.0,0.575208913649025,0.5535070260097815,0.5784178371114319,0.6380146145820618,0.5787240296592484,0.0,0.6458770036697388,0.5861309343897709,0.004178272980501393,718
robust_norec,A,pattern,0.3,random,block,20260926,bbcc1ce77f89ecc3dd04539f22327053e878ea0d0bd9a4973b6e7f54756c15de,10,0.0,0.2988338192419825,0.0,0.5696378830083565,0.5475460524963224,0.5731482248731846,0.6404926776885986,0.5747258127626792,0.0,0.6467193365097046,0.5822979110290837,0.005571030640668524,718
robust_norec,A,pattern,0.3,random,two_blocks,20260924,bbcc1ce77f89ecc3dd04539f22327053e878ea0d0bd9a4973b6e7f54756c15de,10,0.0,0.29895043731778426,0.0,0.5682451253481894,0.5462726142837281,0.5722365842228182,0.6394601464271545,0.5753482885786173,0.0,0.6433183550834656,0.5853827694492075,0.002785515320334262,718
robust_norec,A,pattern,0.3,random,two_blocks,20260925,bbcc1ce77f89ecc3dd04539f22327053e878ea0d0bd9a4973b6e7f54756c15de,10,0.0,0.2988338192419825,0.0,0.5738161559888579,0.5530275957911455,0.5768730304480255,0.6418811678886414,0.5726675308279963,0.0,0.6471264958381653,0.5825664753506778,0.006963788300835654,718
robust_norec,A,pattern,0.3,random,two_blocks,20260926,bbcc1ce77f89ecc3dd04539f22327053e878ea0d0bd9a4973b6e7f54756c15de,10,0.0,0.2988338192419825,0.0,0.5682451253481894,0.5478796677514963,0.5720428293152259,0.6413777470588684,0.5727097271706407,0.0,0.6453642845153809,0.5830195910316521,0.008356545961002786,718
robust_norec,A,pattern,0.3,random,points,20260924,bbcc1ce77f89ecc3dd04539f22327053e878ea0d0bd9a4973b6e7f54756c15de,10,0.0,0.2988921282798834,0.0,0.5682451253481894,0.5467432551899386,0.5722466374776528,0.6402440667152405,0.5744145941809468,0.0,0.6434822678565979,0.585261101848742,0.005571030640668524,718
robust_norec,A,pattern,0.3,random,points,20260925,bbcc1ce77f89ecc3dd04539f22327053e878ea0d0bd9a4973b6e7f54756c15de,10,0.0,0.2988338192419825,0.0,0.564066852367688,0.5428906779573958,0.5682390204627895,0.6427646279335022,0.5734161818828094,0.0,0.6465095281600952,0.5833787626011029,0.006963788300835654,718
robust_norec,A,pattern,0.3,random,points,20260926,bbcc1ce77f89ecc3dd04539f22327053e878ea0d0bd9a4973b6e7f54756c15de,10,0.0,0.2988338192419825,0.0,0.564066852367688,0.5420165397058913,0.5681694471198225,0.642242431640625,0.5750960953509473,0.0,0.6448501348495483,0.5858045565596238,0.005571030640668524,718
robust_norec,V,position,0.3,front,block,20260924,fd3fbc69795bed881f3c67b5714787a0316376125bb6d0a73004f38886a31266,0,0.0,0.0,0.28400885161891454,0.5618131868131868,0.5430083974033746,0.5665133392346249,0.6375447511672974,0.5657754065534005,0.0,0.6407646536827087,0.5789560165545383,0.005494505494505495,728
robust_norec,V,position,0.3,middle,block,20260924,fd3fbc69795bed881f3c67b5714787a0316376125bb6d0a73004f38886a31266,0,0.0,0.0,0.2833682739343117,0.5659340659340659,0.5463738774932287,0.5702151866966433,0.6345781087875366,0.569886384199767,0.0,0.6404116153717041,0.5807811717281033,0.005494505494505495,728
robust_norec,V,position,0.3,back,block,20260924,fd3fbc69795bed881f3c67b5714787a0316376125bb6d0a73004f38886a31266,0,0.0,0.0,0.28028185418122525,0.5645604395604396,0.5480740139383866,0.5696939433217254,0.6358822584152222,0.5674408915330102,0.0,0.6396228075027466,0.5802381230175736,0.004120879120879121,728
robust_norec,V,pattern,0.3,random,block,20260924,bbcc1ce77f89ecc3dd04539f22327053e878ea0d0bd9a4973b6e7f54756c15de,10,0.0,0.0,0.2826239067055394,0.5696378830083565,0.5516725732119273,0.5747462563728108,0.6343476176261902,0.5738431781649526,0.0,0.6403714418411255,0.583974286332937,0.004178272980501393,718
robust_norec,V,pattern,0.3,random,block,20260925,bbcc1ce77f89ecc3dd04539f22327053e878ea0d0bd9a4973b6e7f54756c15de,10,0.0,0.0,0.2815743440233236,0.5668523676880223,0.5486263033276149,0.5721005993227258,0.6357088088989258,0.5715098084264483,0.0,0.6404339075088501,0.582966182503563,0.005571030640668524,718
robust_norec,V,pattern,0.3,random,block,20260926,bbcc1ce77f89ecc3dd04539f22327053e878ea0d0bd9a4973b6e7f54756c15de,10,0.0,0.0,0.28349854227405247,0.5654596100278552,0.5469445054810907,0.5709108694263936,0.6376678347587585,0.569700783266879,0.0,0.6439424753189087,0.5793087909840425,0.004178272980501393,718
robust_norec,V,pattern,0.3,random,two_blocks,20260924,bbcc1ce77f89ecc3dd04539f22327053e878ea0d0bd9a4973b6e7f54756c15de,10,0.0,0.0,0.2826239067055394,0.564066852367688,0.5457378822134709,0.5689480561993954,0.6372721791267395,0.5697437055776291,0.0,0.641669511795044,0.5819297494379212,0.004178272980501393,718
robust_norec,V,pattern,0.3,random,two_blocks,20260925,bbcc1ce77f89ecc3dd04539f22327053e878ea0d0bd9a4973b6e7f54756c15de,10,0.0,0.0,0.28291545189504375,0.5654596100278552,0.5466469367152849,0.570295112288866,0.6373514533042908,0.5701300098962319,0.0,0.6417559385299683,0.5817761331945259,0.004178272980501393,718
robust_norec,V,pattern,0.3,random,two_blocks,20260926,bbcc1ce77f89ecc3dd04539f22327053e878ea0d0bd9a4973b6e7f54756c15de,10,0.0,0.0,0.283265306122449,0.5612813370473537,0.542512107153202,0.5666797980926684,0.6367202401161194,0.5710513961547187,0.0,0.6410490870475769,0.5816591997248783,0.004178272980501393,718
robust_norec,V,pattern,0.3,random,points,20260924,bbcc1ce77f89ecc3dd04539f22327053e878ea0d0bd9a4973b6e7f54756c15de,10,0.0,0.0,0.2827405247813411,0.5612813370473537,0.5429338586912072,0.5661473031600601,0.6389252543449402,0.5679179529426669,0.0,0.6424388885498047,0.5810632432734385,0.004178272980501393,718
robust_norec,V,pattern,0.3,random,points,20260925,bbcc1ce77f89ecc3dd04539f22327053e878ea0d0bd9a4973b6e7f54756c15de,10,0.0,0.0,0.28174927113702625,0.5654596100278552,0.544562217864757,0.5696251894195169,0.6362926363945007,0.5720724930096388,0.0,0.641316294670105,0.582117699035114,0.005571030640668524,718
robust_norec,V,pattern,0.3,random,points,20260926,bbcc1ce77f89ecc3dd04539f22327053e878ea0d0bd9a4973b6e7f54756c15de,10,0.0,0.0,0.28192419825072884,0.5612813370473537,0.542343204617627,0.5662866676820256,0.6386780142784119,0.5693282552606127,0.0,0.6423868536949158,0.5806463917714596,0.004178272980501393,718
fusion_clean,clean,clean,0,random,block,20260924,fd3fbc69795bed881f3c67b5714787a0316376125bb6d0a73004f38886a31266,0,0.0,0.0,0.0,0.6071428571428571,0.5570333560432523,0.589861439117685,0.6456804871559143,0.5755203205174341,0.0,0.6517685055732727,0.5752363361981409,0.01510989010989011,728
fusion_clean,T,rate,0.1,random,block,20260924,fd3fbc69795bed881f3c67b5714787a0316376125bb6d0a73004f38886a31266,0,0.10191008618681574,0.0,0.0,0.5975274725274725,0.5494363150468607,0.5811878884554648,0.6468859910964966,0.5672235009925861,0.0,0.6554610133171082,0.5641998094189282,0.013736263736263736,728
fusion_clean,T,rate,0.1,random,block,20260925,fd3fbc69795bed881f3c67b5714787a0316376125bb6d0a73004f38886a31266,0,0.10191008618681574,0.0,0.0,0.5947802197802198,0.553168067598614,0.5827476814257171,0.6509765982627869,0.5471799338906929,0.0,0.657687246799469,0.547244954327328,0.013736263736263736,728
fusion_clean,T,rate,0.1,random,block,20260926,fd3fbc69795bed881f3c67b5714787a0316376125bb6d0a73004f38886a31266,0,0.10191008618681574,0.0,0.0,0.5975274725274725,0.5560702611947242,0.5857433409682301,0.6526212692260742,0.5605949026683582,0.0,0.6610872149467468,0.5615733402992765,0.017857142857142856,728
fusion_clean,T,rate,0.3,random,block,20260924,fd3fbc69795bed881f3c67b5714787a0316376125bb6d0a73004f38886a31266,0,0.2996156533892383,0.0,0.0,0.5865384615384616,0.5394105849601264,0.5728745144778593,0.6585131883621216,0.5382669293633501,0.0,0.6662015318870544,0.535674460824913,0.01510989010989011,728
fusion_clean,T,rate,0.3,random,block,20260925,fd3fbc69795bed881f3c67b5714787a0316376125bb6d0a73004f38886a31266,0,0.2996156533892383,0.0,0.0,0.5659340659340659,0.5222768964116944,0.5562417539039218,0.6719344258308411,0.4975786219730684,0.0,0.6825665235519409,0.4960672242835263,0.016483516483516484,728
fusion_clean,T,rate,0.3,random,block,20260926,fd3fbc69795bed881f3c67b5714787a0316376125bb6d0a73004f38886a31266,0,0.2996156533892383,0.0,0.0,0.5782967032967034,0.5319767287699279,0.5653860385772083,0.664072573184967,0.5442054955200435,0.0,0.6711640954017639,0.5465284616586003,0.009615384615384616,728
fusion_clean,T,rate,0.5,random,block,20260924,fd3fbc69795bed881f3c67b5714787a0316376125bb6d0a73004f38886a31266,0,0.49953412532028885,0.0,0.0,0.5425824175824175,0.4995831825283514,0.5339370516680776,0.6902212500572205,0.4892334315120212,0.0,0.6983250975608826,0.4864824966251503,0.017857142857142856,728
fusion_clean,T,rate,0.5,random,block,20260925,fd3fbc69795bed881f3c67b5714787a0316376125bb6d0a73004f38886a31266,0,0.49953412532028885,0.0,0.0,0.5370879120879121,0.498610515680646,0.5300900611378943,0.6834108829498291,0.4789812272591031,0.0,0.6941641569137573,0.4805396831631205,0.016483516483516484,728
fusion_clean,T,rate,0.5,random,block,20260926,fd3fbc69795bed881f3c67b5714787a0316376125bb6d0a73004f38886a31266,0,0.49953412532028885,0.0,0.0,0.5260989010989011,0.4843568872982779,0.517968816421154,0.6968677639961243,0.48110138934268554,0.0,0.7038982510566711,0.4846581917724164,0.012362637362637362,728
fusion_clean,T,rate,0.7,random,block,20260924,fd3fbc69795bed881f3c67b5714787a0316376125bb6d0a73004f38886a31266,0,0.6993361285814116,0.0,0.0,0.5247252747252747,0.48922770206283284,0.5189275143286913,0.7107375264167786,0.39091193910156025,0.0,0.7229751944541931,0.39222248534945464,0.01510989010989011,728
fusion_clean,T,rate,0.7,random,block,20260925,fd3fbc69795bed881f3c67b5714787a0316376125bb6d0a73004f38886a31266,0,0.6993361285814116,0.0,0.0,0.5137362637362637,0.4766074132020186,0.5071348808532127,0.700336217880249,0.42520926332189607,0.0,0.7114962935447693,0.42903272526527275,0.012362637362637362,728
fusion_clean,T,rate,0.7,random,block,20260926,fd3fbc69795bed881f3c67b5714787a0316376125bb6d0a73004f38886a31266,0,0.6993361285814116,0.0,0.0,0.4958791208791209,0.4583710978307584,0.4894475543420834,0.7278170585632324,0.38515585989811857,0.0,0.7304850220680237,0.40029199641932645,0.01098901098901099,728
fusion_clean,A,rate,0.1,random,block,20260924,fd3fbc69795bed881f3c67b5714787a0316376125bb6d0a73004f38886a31266,0,0.0,0.10161891451199627,0.0,0.6085164835164835,0.5579366984100094,0.5911196659856679,0.6456124186515808,0.5772531349122066,0.0,0.6517019867897034,0.5766619834054099,0.01510989010989011,728
fusion_clean,A,rate,0.1,random,block,20260925,fd3fbc69795bed881f3c67b5714787a0316376125bb6d0a73004f38886a31266,0,0.0,0.10161891451199627,0.0,0.6085164835164835,0.5592906723974077,0.5918186691080924,0.6463647484779358,0.5762248296263406,0.0,0.6522132754325867,0.5760592320348571,0.013736263736263736,728
fusion_clean,A,rate,0.1,random,block,20260926,fd3fbc69795bed881f3c67b5714787a0316376125bb6d0a73004f38886a31266,0,0.0,0.10161891451199627,0.0,0.6098901098901099,0.5597772052945712,0.5928296989993259,0.6464331150054932,0.5765813383670212,0.0,0.6527588963508606,0.575983041730931,0.016483516483516484,728
fusion_clean,A,rate,0.3,random,block,20260924,fd3fbc69795bed881f3c67b5714787a0316376125bb6d0a73004f38886a31266,0,0.0,0.29880037269974374,0.0,0.6085164835164835,0.5591315317717208,0.5918573947953643,0.646093487739563,0.5783191907060687,0.0,0.6520172953605652,0.5783443571325767,0.016483516483516484,728
fusion_clean,A,rate,0.3,random,block,20260925,fd3fbc69795bed881f3c67b5714787a0316376125bb6d0a73004f38886a31266,0,0.0,0.29880037269974374,0.0,0.6085164835164835,0.5597024709462045,0.5920599089664329,0.6470810770988464,0.5779104079796392,0.0,0.651982307434082,0.5795468704274684,0.016483516483516484,728
fusion_clean,A,rate,0.3,random,block,20260926,fd3fbc69795bed881f3c67b5714787a0316376125bb6d0a73004f38886a31266,0,0.0,0.29880037269974374,0.0,0.6085164835164835,0.5611813751491667,0.5932304364130958,0.6483275294303894,0.576929501206969,0.0,0.6542575359344482,0.5776907644242725,0.01510989010989011,728
fusion_clean,A,rate,0.5,random,block,20260924,fd3fbc69795bed881f3c67b5714787a0316376125bb6d0a73004f38886a31266,0,0.0,0.4981365012811554,0.0,0.6098901098901099,0.5622737291716632,0.5942278654466444,0.6471336483955383,0.5787858754734384,0.0,0.6540470719337463,0.578923363858382,0.01098901098901099,728
fusion_clean,A,rate,0.5,random,block,20260925,fd3fbc69795bed881f3c67b5714787a0316376125bb6d0a73004f38886a31266,0,0.0,0.4981365012811554,0.0,0.6195054945054945,0.5734737676450911,0.6041388602045036,0.6440800428390503,0.5808225322290758,0.0,0.6521990299224854,0.581474202376499,0.01510989010989011,728
fusion_clean,A,rate,0.5,random,block,20260926,fd3fbc69795bed881f3c67b5714787a0316376125bb6d0a73004f38886a31266,0,0.0,0.4981365012811554,0.0,0.6098901098901099,0.5627574192784022,0.5945683420063205,0.6506609916687012,0.5781284137605762,0.0,0.6567133665084839,0.5790663465054585,0.019230769230769232,728
fusion_clean,A,rate,0.7,random,block,20260924,fd3fbc69795bed881f3c67b5714787a0316376125bb6d0a73004f38886a31266,0,0.0,0.6973561611926392,0.0,0.6181318681318682,0.5709270504190077,0.6026484082007854,0.6451959609985352,0.5827120745935631,0.0,0.6553657650947571,0.5815424906291288,0.012362637362637362,728
fusion_clean,A,rate,0.7,random,block,20260925,fd3fbc69795bed881f3c67b5714787a0316376125bb6d0a73004f38886a31266,0,0.0,0.6973561611926392,0.0,0.6195054945054945,0.5713194328716185,0.6032085475375905,0.6466668248176575,0.5800797917464339,0.0,0.6566576957702637,0.579202343831056,0.012362637362637362,728
fusion_clean,A,rate,0.7,random,block,20260926,fd3fbc69795bed881f3c67b5714787a0316376125bb6d0a73004f38886a31266,0,0.0,0.6973561611926392,0.0,0.614010989010989,0.567714705834828,0.5989314697453726,0.6495688557624817,0.579577779120997,0.0,0.6585686802864075,0.5794506093134172,0.019230769230769232,728
fusion_clean,V,rate,0.1,random,block,20260924,fd3fbc69795bed881f3c67b5714787a0316376125bb6d0a73004f38886a31266,0,0.0,0.0,0.09602841835546239,0.6043956043956044,0.5548938701163525,0.5876531408816453,0.6462080478668213,0.5755687508528635,0.0,0.6528151035308838,0.5749997934384877,0.017857142857142856,728
fusion_clean,V,rate,0.1,random,block,20260925,fd3fbc69795bed881f3c67b5714787a0316376125bb6d0a73004f38886a31266,0,0.0,0.0,0.09538784067085954,0.603021978021978,0.5539841564710123,0.5866324811425936,0.647400975227356,0.5754538316716956,0.0,0.6536503434181213,0.5749441466717794,0.012362637362637362,728
fusion_clean,V,rate,0.1,random,block,20260926,fd3fbc69795bed881f3c67b5714787a0316376125bb6d0a73004f38886a31266,0,0.0,0.0,0.09678546470999301,0.6043956043956044,0.5549706092351797,0.5877545220591391,0.6468456983566284,0.5753987583354685,0.0,0.6533806920051575,0.5744958273227497,0.01098901098901099,728
fusion_clean,V,rate,0.3,random,block,20260924,fd3fbc69795bed881f3c67b5714787a0316376125bb6d0a73004f38886a31266,0,0.0,0.0,0.282611227579781,0.6002747252747253,0.5513602144400246,0.5843277871255507,0.6488704085350037,0.5753760894742703,0.0,0.6551030874252319,0.5752752422105193,0.012362637362637362,728
fusion_clean,V,rate,0.3,random,block,20260925,fd3fbc69795bed881f3c67b5714787a0316376125bb6d0a73004f38886a31266,0,0.0,0.0,0.28156300955043095,0.5934065934065934,0.5455260498774147,0.5783720196357196,0.6505174040794373,0.5734601196201032,0.0,0.6563706994056702,0.5743945936345252,0.01510989010989011,728
fusion_clean,V,rate,0.3,random,block,20260926,fd3fbc69795bed881f3c67b5714787a0316376125bb6d0a73004f38886a31266,0,0.0,0.0,0.28348474260423945,0.6016483516483516,0.5530179278978071,0.586063561713365,0.6494434475898743,0.5748585781212255,0.0,0.6568758487701416,0.5732366976400667,0.013736263736263736,728
fusion_clean,V,rate,0.5,random,block,20260924,fd3fbc69795bed881f3c67b5714787a0316376125bb6d0a73004f38886a31266,0,0.0,0.0,0.47175634754251106,0.5961538461538461,0.5470921026316862,0.5803427419959006,0.651728630065918,0.5738786109921342,0.0,0.6592211723327637,0.5734252341366699,0.01098901098901099,728
fusion_clean,V,rate,0.5,random,block,20260925,fd3fbc69795bed881f3c67b5714787a0316376125bb6d0a73004f38886a31266,0,0.0,0.0,0.4701840204984859,0.5892857142857143,0.5416455015239151,0.5745558547172569,0.6552470922470093,0.5707380943854239,0.0,0.6614375114440918,0.5717915847917223,0.01098901098901099,728
fusion_clean,V,rate,0.5,random,block,20260926,fd3fbc69795bed881f3c67b5714787a0316376125bb6d0a73004f38886a31266,0,0.0,0.0,0.47198928488236663,0.5961538461538461,0.5493650816343875,0.58191477769866,0.6540133953094482,0.5719638667197786,0.0,0.6619052886962891,0.5707991106340972,0.012362637362637362,728
fusion_clean,V,rate,0.7,random,block,20260924,fd3fbc69795bed881f3c67b5714787a0316376125bb6d0a73004f38886a31266,0,0.0,0.0,0.6596203121360354,0.592032967032967,0.543848350384157,0.5768717077326716,0.6580039858818054,0.5684755758255675,0.0,0.6655667424201965,0.5695156745105485,0.01510989010989011,728
fusion_clean,V,rate,0.7,random,block,20260925,fd3fbc69795bed881f3c67b5714787a0316376125bb6d0a73004f38886a31266,0,0.0,0.0,0.658746797111577,0.5947802197802198,0.5484351553203507,0.5808817181766381,0.6577228903770447,0.5670768701231135,0.0,0.6673924922943115,0.5678315724847881,0.012362637362637362,728
fusion_clean,V,rate,0.7,random,block,20260926,fd3fbc69795bed881f3c67b5714787a0316376125bb6d0a73004f38886a31266,0,0.0,0.0,0.6601444211507105,0.5934065934065934,0.5460923313409037,0.5788168428844391,0.6599876284599304,0.5659650354763375,0.0,0.6681406497955322,0.5669235263431894,0.013736263736263736,728
fusion_clean,TA,rate,0.1,random,block,20260924,fd3fbc69795bed881f3c67b5714787a0316376125bb6d0a73004f38886a31266,0,0.10191008618681574,0.10161891451199627,0.0,0.5934065934065934,0.5437964283765561,0.5767900475223394,0.6487361788749695,0.5681084338527534,0.0,0.6553609371185303,0.5661474671808258,0.012362637362637362,728
fusion_clean,TA,rate,0.1,random,block,20260925,fd3fbc69795bed881f3c67b5714787a0316376125bb6d0a73004f38886a31266,0,0.10191008618681574,0.10161891451199627,0.0,0.5947802197802198,0.553168067598614,0.5827476814257171,0.6519224047660828,0.5476852276668318,0.0,0.6579886674880981,0.547974316554172,0.013736263736263736,728
fusion_clean,TA,rate,0.1,random,block,20260926,fd3fbc69795bed881f3c67b5714787a0316376125bb6d0a73004f38886a31266,0,0.10191008618681574,0.10161891451199627,0.0,0.603021978021978,0.5615783018612657,0.5908625515893112,0.6524507999420166,0.5628494242255221,0.0,0.6611934304237366,0.5627910153879022,0.016483516483516484,728
fusion_clean,TA,rate,0.3,random,block,20260924,fd3fbc69795bed881f3c67b5714787a0316376125bb6d0a73004f38886a31266,0,0.2996156533892383,0.29880037269974374,0.0,0.592032967032967,0.5437876461953254,0.5778532300548002,0.6571510434150696,0.5446794273355413,0.0,0.6659354567527771,0.5413425500151936,0.01098901098901099,728
fusion_clean,TA,rate,0.3,random,block,20260925,fd3fbc69795bed881f3c67b5714787a0316376125bb6d0a73004f38886a31266,0,0.2996156533892383,0.29880037269974374,0.0,0.5686813186813187,0.5257470050693244,0.5594204648794697,0.672560453414917,0.5023008135746313,0.0,0.6828662157058716,0.5017541109500326,0.012362637362637362,728
fusion_clean,TA,rate,0.3,random,block,20260926,fd3fbc69795bed881f3c67b5714787a0316376125bb6d0a73004f38886a31266,0,0.2996156533892383,0.29880037269974374,0.0,0.5824175824175825,0.5357133249245011,0.569218155222292,0.6665729284286499,0.5500957930280806,0.0,0.6715970635414124,0.552052604438641,0.009615384615384616,728
fusion_clean,TA,rate,0.5,random,block,20260924,fd3fbc69795bed881f3c67b5714787a0316376125bb6d0a73004f38886a31266,0,0.49953412532028885,0.4981365012811554,0.0,0.5494505494505495,0.5020093863200715,0.5367622504580798,0.6899670362472534,0.494875064445594,0.0,0.697851300239563,0.4964758596704616,0.013736263736263736,728
fusion_clean,TA,rate,0.5,random,block,20260925,fd3fbc69795bed881f3c67b5714787a0316376125bb6d0a73004f38886a31266,0,0.49953412532028885,0.4981365012811554,0.0,0.5494505494505495,0.5043664612223934,0.5390459794442846,0.6779472827911377,0.4956176852080084,0.0,0.6931719183921814,0.49279118791861065,0.016483516483516484,728
fusion_clean,TA,rate,0.5,random,block,20260926,fd3fbc69795bed881f3c67b5714787a0316376125bb6d0a73004f38886a31266,0,0.49953412532028885,0.4981365012811554,0.0,0.5384615384615384,0.4996385865718473,0.5311775256802342,0.6923705339431763,0.4968439848753899,0.0,0.7021342515945435,0.500422220926319,0.01510989010989011,728
fusion_clean,TA,rate,0.7,random,block,20260924,fd3fbc69795bed881f3c67b5714787a0316376125bb6d0a73004f38886a31266,0,0.6993361285814116,0.6973561611926392,0.0,0.5054945054945055,0.4663555519485514,0.4982952788856288,0.7205924391746521,0.39120432941500405,0.0,0.7266885042190552,0.4121726184165704,0.016483516483516484,728
fusion_clean,TA,rate,0.7,random,block,20260925,fd3fbc69795bed881f3c67b5714787a0316376125bb6d0a73004f38886a31266,0,0.6993361285814116,0.6973561611926392,0.0,0.49862637362637363,0.4582768313529508,0.4911575668185625,0.7120000720024109,0.42577282672917616,0.0,0.7203397750854492,0.44021109045541057,0.01098901098901099,728
fusion_clean,TA,rate,0.7,random,block,20260926,fd3fbc69795bed881f3c67b5714787a0316376125bb6d0a73004f38886a31266,0,0.6993361285814116,0.6973561611926392,0.0,0.5013736263736264,0.4593682099509136,0.49334827246577184,0.7229781746864319,0.416020199675424,0.0,0.7315112948417664,0.4227014518047547,0.01510989010989011,728
fusion_clean,TV,rate,0.1,random,block,20260924,fd3fbc69795bed881f3c67b5714787a0316376125bb6d0a73004f38886a31266,0,0.10191008618681574,0.0,0.09602841835546239,0.5989010989010989,0.551100826260746,0.5829256175611203,0.6484338045120239,0.5666524923281706,0.0,0.6569980382919312,0.5639056431846569,0.012362637362637362,728
fusion_clean,TV,rate,0.1,random,block,20260925,fd3fbc69795bed881f3c67b5714787a0316376125bb6d0a73004f38886a31266,0,0.10191008618681574,0.0,0.09538784067085954,0.5934065934065934,0.5511024204204708,0.5809823757342867,0.6523704528808594,0.5473083594941177,0.0,0.6592100858688354,0.5473148805067539,0.013736263736263736,728
fusion_clean,TV,rate,0.1,random,block,20260926,fd3fbc69795bed881f3c67b5714787a0316376125bb6d0a73004f38886a31266,0,0.10191008618681574,0.0,0.09678546470999301,0.5934065934065934,0.5509094819520075,0.5812498702091307,0.6552268862724304,0.5595049189787343,0.0,0.6626998782157898,0.5607784047239145,0.019230769230769232,728
fusion_clean,TV,rate,0.3,random,block,20260924,fd3fbc69795bed881f3c67b5714787a0316376125bb6d0a73004f38886a31266,0,0.2996156533892383,0.0,0.282611227579781,0.5769230769230769,0.5322499308928642,0.5653244677665659,0.6630191206932068,0.535002854136799,0.0,0.6701043248176575,0.5353030319522016,0.017857142857142856,728
fusion_clean,TV,rate,0.3,random,block,20260925,fd3fbc69795bed881f3c67b5714787a0316376125bb6d0a73004f38886a31266,0,0.2996156533892383,0.0,0.28156300955043095,0.5618131868131868,0.5196959808067394,0.5524411413387678,0.676979660987854,0.4966414907305554,0.0,0.6864482760429382,0.49627584379365003,0.01098901098901099,728
fusion_clean,TV,rate,0.3,random,block,20260926,fd3fbc69795bed881f3c67b5714787a0316376125bb6d0a73004f38886a31266,0,0.2996156533892383,0.0,0.28348474260423945,0.5837912087912088,0.5388002167626832,0.5717179567920516,0.6680630445480347,0.5423283497295289,0.0,0.6760081052780151,0.5450165288056746,0.006868131868131868,728
fusion_clean,TV,rate,0.5,random,block,20260924,fd3fbc69795bed881f3c67b5714787a0316376125bb6d0a73004f38886a31266,0,0.49953412532028885,0.0,0.47175634754251106,0.5467032967032966,0.5069780960157954,0.5409834749385912,0.6885972619056702,0.48794066537771863,0.0,0.7031400799751282,0.4850467197857908,0.01510989010989011,728
fusion_clean,TV,rate,0.5,random,block,20260925,fd3fbc69795bed881f3c67b5714787a0316376125bb6d0a73004f38886a31266,0,0.49953412532028885,0.0,0.4701840204984859,0.5384615384615384,0.5031294823205718,0.5331589839097499,0.6905550956726074,0.4734048487632111,0.0,0.7008030414581299,0.4786550334016575,0.01510989010989011,728
fusion_clean,TV,rate,0.5,random,block,20260926,fd3fbc69795bed881f3c67b5714787a0316376125bb6d0a73004f38886a31266,0,0.49953412532028885,0.0,0.47198928488236663,0.5315934065934066,0.4939723026502499,0.525531500947371,0.7038249969482422,0.47361591605447845,0.0,0.7131087183952332,0.48086527287324293,0.016483516483516484,728
fusion_clean,TV,rate,0.7,random,block,20260924,fd3fbc69795bed881f3c67b5714787a0316376125bb6d0a73004f38886a31266,0,0.6993361285814116,0.0,0.6596203121360354,0.49725274725274726,0.466258430864793,0.49529385818933663,0.7213444709777832,0.3613147475921565,0.0,0.7363386750221252,0.3784165966345885,0.017857142857142856,728
fusion_clean,TV,rate,0.7,random,block,20260925,fd3fbc69795bed881f3c67b5714787a0316376125bb6d0a73004f38886a31266,0,0.6993361285814116,0.0,0.658746797111577,0.4876373626373626,0.45427666406640427,0.48545500236686284,0.7129862904548645,0.4014725946317834,0.0,0.7258154153823853,0.41923660114529676,0.01510989010989011,728
fusion_clean,TV,rate,0.7,random,block,20260926,fd3fbc69795bed881f3c67b5714787a0316376125bb6d0a73004f38886a31266,0,0.6993361285814116,0.0,0.6601444211507105,0.4848901098901099,0.44950362048059284,0.48036932182592357,0.7351029515266418,0.37202515016645327,0.0,0.743287980556488,0.39049340230603785,0.01510989010989011,728
fusion_clean,AV,rate,0.1,random,block,20260924,fd3fbc69795bed881f3c67b5714787a0316376125bb6d0a73004f38886a31266,0,0.0,0.10161891451199627,0.09602841835546239,0.6043956043956044,0.5556001635626928,0.5880471374282014,0.6469082236289978,0.5763110510666437,0.0,0.6528578400611877,0.57644675718515,0.016483516483516484,728
fusion_clean,AV,rate,0.1,random,block,20260925,fd3fbc69795bed881f3c67b5714787a0316376125bb6d0a73004f38886a31266,0,0.0,0.10161891451199627,0.09538784067085954,0.5975274725274725,0.5491965872598811,0.5816514558118396,0.6494252681732178,0.5750126265859795,0.0,0.6540089249610901,0.575756933556963,0.009615384615384616,728
fusion_clean,AV,rate,0.1,random,block,20260926,fd3fbc69795bed881f3c67b5714787a0316376125bb6d0a73004f38886a31266,0,0.0,0.10161891451199627,0.09678546470999301,0.6071428571428571,0.5580529391501491,0.5908704002306489,0.6484342813491821,0.5761772344774436,0.0,0.6544618606567383,0.5752003828798484,0.013736263736263736,728
fusion_clean,AV,rate,0.3,random,block,20260924,fd3fbc69795bed881f3c67b5714787a0316376125bb6d0a73004f38886a31266,0,0.0,0.29880037269974374,0.282611227579781,0.6016483516483516,0.5533294917859114,0.5859811292891025,0.6492245197296143,0.578734456549743,0.0,0.6557616591453552,0.5785783361423189,0.013736263736263736,728
fusion_clean,AV,rate,0.3,random,block,20260925,fd3fbc69795bed881f3c67b5714787a0316376125bb6d0a73004f38886a31266,0,0.0,0.29880037269974374,0.28156300955043095,0.5975274725274725,0.5499567689919288,0.5825258813084412,0.6510464549064636,0.5781042186089606,0.0,0.6573643088340759,0.5787769603544277,0.01510989010989011,728
fusion_clean,AV,rate,0.3,random,block,20260926,fd3fbc69795bed881f3c67b5714787a0316376125bb6d0a73004f38886a31266,0,0.0,0.29880037269974374,0.28348474260423945,0.6098901098901099,0.5630938658702694,0.5947081647675075,0.6523429751396179,0.5760393885840344,0.0,0.6605550646781921,0.5754397159287712,0.023351648351648352,728
fusion_clean,AV,rate,0.5,random,block,20260924,fd3fbc69795bed881f3c67b5714787a0316376125bb6d0a73004f38886a31266,0,0.0,0.4981365012811554,0.47175634754251106,0.6043956043956044,0.5568116631683245,0.5897038391122715,0.6514461636543274,0.5790445948203008,0.0,0.6626659631729126,0.5772020589037693,0.016483516483516484,728
fusion_clean,AV,rate,0.5,random,block,20260925,fd3fbc69795bed881f3c67b5714787a0316376125bb6d0a73004f38886a31266,0,0.0,0.4981365012811554,0.4701840204984859,0.5989010989010989,0.5525968387637286,0.5854878307045952,0.6530368328094482,0.5786958653146224,0.0,0.6622879505157471,0.5788589518700266,0.016483516483516484,728
fusion_clean,AV,rate,0.5,random,block,20260926,fd3fbc69795bed881f3c67b5714787a0316376125bb6d0a73004f38886a31266,0,0.0,0.4981365012811554,0.47198928488236663,0.603021978021978,0.5544383789382642,0.5877318488015263,0.656624972820282,0.5758362254247918,0.0,0.6672664880752563,0.5746285105197764,0.019230769230769232,728
fusion_clean,AV,rate,0.7,random,block,20260924,fd3fbc69795bed881f3c67b5714787a0316376125bb6d0a73004f38886a31266,0,0.0,0.6973561611926392,0.6596203121360354,0.5989010989010989,0.552245326251795,0.5854279210903172,0.6562444567680359,0.5755047495803076,0.0,0.6696730256080627,0.5773485759874513,0.01510989010989011,728
fusion_clean,AV,rate,0.7,random,block,20260925,fd3fbc69795bed881f3c67b5714787a0316376125bb6d0a73004f38886a31266,0,0.0,0.6973561611926392,0.658746797111577,0.5975274725274725,0.5517462751137023,0.5844088718748285,0.6601684093475342,0.5742490863120818,0.0,0.6728450059890747,0.5736739065861743,0.016483516483516484,728
fusion_clean,AV,rate,0.7,random,block,20260926,fd3fbc69795bed881f3c67b5714787a0316376125bb6d0a73004f38886a31266,0,0.0,0.6973561611926392,0.6601444211507105,0.5989010989010989,0.5553653591825758,0.587112227931187,0.6620779037475586,0.5715913656015219,0.0,0.675818145275116,0.5716728294286836,0.019230769230769232,728
fusion_clean,TAV,rate,0.1,random,block,20260924,fd3fbc69795bed881f3c67b5714787a0316376125bb6d0a73004f38886a31266,0,0.10191008618681574,0.10161891451199627,0.09602841835546239,0.5975274725274725,0.5480072119601999,0.58097364073202,0.6495270729064941,0.5680545783680572,0.0,0.65708327293396,0.5658644980008335,0.012362637362637362,728
fusion_clean,TAV,rate,0.1,random,block,20260925,fd3fbc69795bed881f3c67b5714787a0316376125bb6d0a73004f38886a31266,0,0.10191008618681574,0.10161891451199627,0.09538784067085954,0.5961538461538461,0.5552233839364228,0.5845057021779889,0.6526345014572144,0.547913627352248,0.0,0.6593279242515564,0.5480308785901703,0.013736263736263736,728
fusion_clean,TAV,rate,0.1,random,block,20260926,fd3fbc69795bed881f3c67b5714787a0316376125bb6d0a73004f38886a31266,0,0.10191008618681574,0.10161891451199627,0.09678546470999301,0.5989010989010989,0.5579766891035765,0.5872261116815233,0.654656171798706,0.56129363079375,0.0,0.6629645228385925,0.5619156596367421,0.017857142857142856,728
fusion_clean,TAV,rate,0.3,random,block,20260924,fd3fbc69795bed881f3c67b5714787a0316376125bb6d0a73004f38886a31266,0,0.2996156533892383,0.29880037269974374,0.282611227579781,0.5755494505494505,0.5281975156975157,0.5626611001611002,0.6634738445281982,0.5401864858451615,0.0,0.6700648665428162,0.5409433820015811,0.01510989010989011,728
fusion_clean,TAV,rate,0.3,random,block,20260925,fd3fbc69795bed881f3c67b5714787a0316376125bb6d0a73004f38886a31266,0,0.2996156533892383,0.29880037269974374,0.28156300955043095,0.5673076923076923,0.5246055563670043,0.5584096360503626,0.6757497191429138,0.5021135438442315,0.0,0.6868925094604492,0.5021846005248074,0.009615384615384616,728
fusion_clean,TAV,rate,0.3,random,block,20260926,fd3fbc69795bed881f3c67b5714787a0316376125bb6d0a73004f38886a31266,0,0.2996156533892383,0.29880037269974374,0.28348474260423945,0.5865384615384616,0.5424987823616954,0.5748740294876636,0.6700116395950317,0.5467415616258565,0.0,0.6768987774848938,0.550108478101792,0.012362637362637362,728
fusion_clean,TAV,rate,0.5,random,block,20260924,fd3fbc69795bed881f3c67b5714787a0316376125bb6d0a73004f38886a31266,0,0.49953412532028885,0.4981365012811554,0.47175634754251106,0.5508241758241759,0.5104384758330859,0.5429673288065971,0.6913160681724548,0.49145260276805913,0.0,0.7055938839912415,0.4946561417088149,0.016483516483516484,728
fusion_clean,TAV,rate,0.5,random,block,20260925,fd3fbc69795bed881f3c67b5714787a0316376125bb6d0a73004f38886a31266,0,0.49953412532028885,0.4981365012811554,0.4701840204984859,0.5412087912087912,0.5021273468762053,0.5344166414240176,0.6889657378196716,0.4873842027156039,0.0,0.702761709690094,0.4921172877935612,0.012362637362637362,728
fusion_clean,TAV,rate,0.5,random,block,20260926,fd3fbc69795bed881f3c67b5714787a0316376125bb6d0a73004f38886a31266,0,0.49953412532028885,0.4981365012811554,0.47198928488236663,0.5439560439560439,0.5067218477967187,0.5371859137043383,0.704520583152771,0.4853301077314961,0.0,0.7150459885597229,0.49508673683444926,0.019230769230769232,728
fusion_clean,TAV,rate,0.7,random,block,20260924,fd3fbc69795bed881f3c67b5714787a0316376125bb6d0a73004f38886a31266,0,0.6993361285814116,0.6973561611926392,0.6596203121360354,0.49725274725274726,0.4602259754303442,0.49160200723444425,0.7302013039588928,0.37041817718908654,0.0,0.7455933690071106,0.4002235028950235,0.012362637362637362,728
fusion_clean,TAV,rate,0.7,random,block,20260925,fd3fbc69795bed881f3c67b5714787a0316376125bb6d0a73004f38886a31266,0,0.6993361285814116,0.6973561611926392,0.658746797111577,0.5027472527472527,0.46226021241597975,0.49648066713920797,0.7150949239730835,0.4242784354030108,0.0,0.7403453588485718,0.4322135374085773,0.008241758241758242,728
fusion_clean,TAV,rate,0.7,random,block,20260926,fd3fbc69795bed881f3c67b5714787a0316376125bb6d0a73004f38886a31266,0,0.6993361285814116,0.6973561611926392,0.6601444211507105,0.49313186813186816,0.456736271623962,0.48862726696247705,0.7351166605949402,0.3943931475456547,0.0,0.752606987953186,0.4096521393996569,0.02197802197802198,728
fusion_clean,T,position,0.3,front,block,20260924,fd3fbc69795bed881f3c67b5714787a0316376125bb6d0a73004f38886a31266,0,0.2996156533892383,0.0,0.0,0.5645604395604396,0.5139850501436297,0.5480664600905554,0.6758734583854675,0.5271788161265331,0.0,0.6795567274093628,0.5268431303374215,0.023351648351648352,728
fusion_clean,T,position,0.3,middle,block,20260924,fd3fbc69795bed881f3c67b5714787a0316376125bb6d0a73004f38886a31266,0,0.2996156533892383,0.0,0.0,0.5673076923076923,0.5259909604300983,0.5562279124756643,0.6722549796104431,0.5190793535674763,0.0,0.6809054613113403,0.5167548885507579,0.005494505494505495,728
fusion_clean,T,position,0.3,back,block,20260924,fd3fbc69795bed881f3c67b5714787a0316376125bb6d0a73004f38886a31266,0,0.2996156533892383,0.0,0.0,0.5673076923076923,0.5236256555212694,0.5573542674316588,0.6701434850692749,0.5097667708894856,0.0,0.6770561933517456,0.5141415069891775,0.01510989010989011,728
fusion_clean,T,pattern,0.3,random,block,20260924,bbcc1ce77f89ecc3dd04539f22327053e878ea0d0bd9a4973b6e7f54756c15de,10,0.29965014577259474,0.0,0.0,0.5835654596100278,0.5335568032429431,0.5691505497044937,0.6621773838996887,0.5378026692408696,0.0,0.6696527600288391,0.5351449495011134,0.01532033426183844,718
fusion_clean,T,pattern,0.3,random,block,20260925,bbcc1ce77f89ecc3dd04539f22327053e878ea0d0bd9a4973b6e7f54756c15de,10,0.29965014577259474,0.0,0.0,0.564066852367688,0.5166202196553226,0.5531478663523255,0.6762720942497253,0.4983474945958885,0.0,0.6871123313903809,0.4966797505332941,0.016713091922005572,718
fusion_clean,T,pattern,0.3,random,block,20260926,bbcc1ce77f89ecc3dd04539f22327053e878ea0d0bd9a4973b6e7f54756c15de,10,0.29965014577259474,0.0,0.0,0.5766016713091922,0.5265824189508994,0.5624099457804382,0.6674944758415222,0.5470255122760503,0.0,0.6747801899909973,0.5482231832599844,0.009749303621169917,718
fusion_clean,T,pattern,0.3,random,two_blocks,20260924,bbcc1ce77f89ecc3dd04539f22327053e878ea0d0bd9a4973b6e7f54756c15de,10,0.29965014577259474,0.0,0.0,0.5654596100278552,0.5128681796775134,0.5505170071292975,0.6669431328773499,0.5315219647479813,0.0,0.6696645617485046,0.5373954248007734,0.01532033426183844,718
fusion_clean,T,pattern,0.3,random,two_blocks,20260925,bbcc1ce77f89ecc3dd04539f22327053e878ea0d0bd9a4973b6e7f54756c15de,10,0.29965014577259474,0.0,0.0,0.5738161559888579,0.5363961367670436,0.565533356993143,0.668938934803009,0.5143448167533218,0.0,0.6754317283630371,0.5154972098067877,0.013927576601671309,718
fusion_clean,T,pattern,0.3,random,two_blocks,20260926,bbcc1ce77f89ecc3dd04539f22327053e878ea0d0bd9a4973b6e7f54756c15de,10,0.29965014577259474,0.0,0.0,0.5557103064066853,0.5036528582976842,0.5406802059355702,0.6732167601585388,0.5209218430986297,0.0,0.6761542558670044,0.525122410603557,0.012534818941504178,718
fusion_clean,T,pattern,0.3,random,points,20260924,bbcc1ce77f89ecc3dd04539f22327053e878ea0d0bd9a4973b6e7f54756c15de,10,0.29965014577259474,0.0,0.0,0.5766016713091922,0.5281440466680755,0.562613400443181,0.677720844745636,0.49883849121824636,0.0,0.685741126537323,0.4994231417401065,0.008356545961002786,718
fusion_clean,T,pattern,0.3,random,points,20260925,bbcc1ce77f89ecc3dd04539f22327053e878ea0d0bd9a4973b6e7f54756c15de,10,0.29965014577259474,0.0,0.0,0.5766016713091922,0.5370378931868892,0.5695761474968583,0.6574303507804871,0.5489305483878406,0.0,0.6678544282913208,0.5499429017372236,0.011142061281337047,718
fusion_clean,T,pattern,0.3,random,points,20260926,bbcc1ce77f89ecc3dd04539f22327053e878ea0d0bd9a4973b6e7f54756c15de,10,0.29965014577259474,0.0,0.0,0.552924791086351,0.506103431581983,0.5403001002220655,0.6823171377182007,0.5193978513670323,0.0,0.6910576224327087,0.5151643806505835,0.018105849582172703,718
fusion_clean,A,position,0.3,front,block,20260924,fd3fbc69795bed881f3c67b5714787a0316376125bb6d0a73004f38886a31266,0,0.0,0.29880037269974374,0.0,0.6112637362637363,0.5644249214433422,0.59577248284537,0.6482568979263306,0.57523740095307,0.0,0.6559858322143555,0.5748443885111978,0.016483516483516484,728
fusion_clean,A,position,0.3,middle,block,20260924,fd3fbc69795bed881f3c67b5714787a0316376125bb6d0a73004f38886a31266,0,0.0,0.29880037269974374,0.0,0.6098901098901099,0.5611159487000568,0.5935182316854891,0.647322416305542,0.5766077618308854,0.0,0.652961254119873,0.5781842308441975,0.01098901098901099,728
fusion_clean,A,position,0.3,back,block,20260924,fd3fbc69795bed881f3c67b5714787a0316376125bb6d0a73004f38886a31266,0,0.0,0.29891684136967156,0.0,0.6057692307692307,0.5542488049062239,0.5882678049853826,0.6469447612762451,0.5772700735591011,0.0,0.6521810293197632,0.5780198444490046,0.016483516483516484,728
fusion_clean,A,pattern,0.3,random,block,20260924,bbcc1ce77f89ecc3dd04539f22327053e878ea0d0bd9a4973b6e7f54756c15de,10,0.0,0.2988338192419825,0.0,0.6100278551532033,0.5579709350443086,0.5924775930840839,0.6469125747680664,0.5808822852016572,0.0,0.653413712978363,0.5802239040932359,0.016713091922005572,718
fusion_clean,A,pattern,0.3,random,block,20260925,bbcc1ce77f89ecc3dd04539f22327053e878ea0d0bd9a4973b6e7f54756c15de,10,0.0,0.2988338192419825,0.0,0.6100278551532033,0.5585327983218783,0.59268480953682,0.6479583978652954,0.580552084631947,0.0,0.6534788608551025,0.5815559731574524,0.016713091922005572,718
fusion_clean,A,pattern,0.3,random,block,20260926,bbcc1ce77f89ecc3dd04539f22327053e878ea0d0bd9a4973b6e7f54756c15de,10,0.0,0.2988338192419825,0.0,0.6100278551532033,0.5601581664701011,0.593926130922869,0.6491034626960754,0.5797453198701538,0.0,0.6556109189987183,0.579835843336849,0.01532033426183844,718
fusion_clean,A,pattern,0.3,random,two_blocks,20260924,bbcc1ce77f89ecc3dd04539f22327053e878ea0d0bd9a4973b6e7f54756c15de,10,0.0,0.29895043731778426,0.0,0.6072423398328691,0.5545972165851021,0.5898209853532922,0.6480242013931274,0.578107172228091,0.0,0.6540040969848633,0.5788165043819864,0.013927576601671309,718
fusion_clean,A,pattern,0.3,random,two_blocks,20260925,bbcc1ce77f89ecc3dd04539f22327053e878ea0d0bd9a4973b6e7f54756c15de,10,0.0,0.2988338192419825,0.0,0.6072423398328691,0.5534941313843994,0.5887623796872617,0.6489038467407227,0.5772160172025415,0.0,0.6545752882957458,0.578079466559038,0.009749303621169917,718
fusion_clean,A,pattern,0.3,random,two_blocks,20260926,bbcc1ce77f89ecc3dd04539f22327053e878ea0d0bd9a4973b6e7f54756c15de,10,0.0,0.2988338192419825,0.0,0.6128133704735376,0.5617723524420766,0.5959508195160662,0.6479794979095459,0.5785114352821189,0.0,0.6556121706962585,0.578343621629103,0.012534818941504178,718
fusion_clean,A,pattern,0.3,random,points,20260924,bbcc1ce77f89ecc3dd04539f22327053e878ea0d0bd9a4973b6e7f54756c15de,10,0.0,0.2988921282798834,0.0,0.6100278551532033,0.5567714395873852,0.5918049591291141,0.647749662399292,0.5789374172334673,0.0,0.6540372371673584,0.5790385437145309,0.01532033426183844,718
fusion_clean,A,pattern,0.3,random,points,20260925,bbcc1ce77f89ecc3dd04539f22327053e878ea0d0bd9a4973b6e7f54756c15de,10,0.0,0.2988338192419825,0.0,0.6128133704735376,0.5593444286219967,0.5942812170285765,0.6482247114181519,0.57894479429838,0.0,0.6553823351860046,0.5787006565766274,0.012534818941504178,718
fusion_clean,A,pattern,0.3,random,points,20260926,bbcc1ce77f89ecc3dd04539f22327053e878ea0d0bd9a4973b6e7f54756c15de,10,0.0,0.2988338192419825,0.0,0.6100278551532033,0.5576920415783889,0.5924271062599085,0.6475309729576111,0.5801653101001705,0.0,0.6541568040847778,0.5802617964737189,0.009749303621169917,718
fusion_clean,V,position,0.3,front,block,20260924,fd3fbc69795bed881f3c67b5714787a0316376125bb6d0a73004f38886a31266,0,0.0,0.0,0.28400885161891454,0.6002747252747253,0.5534982987936901,0.585314782650075,0.6511037349700928,0.5725024081521624,0.0,0.6569911241531372,0.5733555714100259,0.01510989010989011,728
fusion_clean,V,position,0.3,middle,block,20260924,fd3fbc69795bed881f3c67b5714787a0316376125bb6d0a73004f38886a31266,0,0.0,0.0,0.2833682739343117,0.5989010989010989,0.5512895805715242,0.5838847936049177,0.6483954787254333,0.5747225416106874,0.0,0.655337393283844,0.5743129984686828,0.009615384615384616,728
fusion_clean,V,position,0.3,back,block,20260924,fd3fbc69795bed881f3c67b5714787a0316376125bb6d0a73004f38886a31266,0,0.0,0.0,0.28028185418122525,0.6016483516483516,0.5518520052182717,0.5855969817204341,0.6504452228546143,0.572198919370983,0.0,0.6571288108825684,0.5728354264697347,0.01098901098901099,728
fusion_clean,V,pattern,0.3,random,block,20260924,bbcc1ce77f89ecc3dd04539f22327053e878ea0d0bd9a4973b6e7f54756c15de,10,0.0,0.0,0.2826239067055394,0.6002785515320335,0.549066096240248,0.5837194772171015,0.6499639749526978,0.5778983397501954,0.0,0.6563888788223267,0.5773984228439,0.012534818941504178,718
fusion_clean,V,pattern,0.3,random,block,20260925,bbcc1ce77f89ecc3dd04539f22327053e878ea0d0bd9a4973b6e7f54756c15de,10,0.0,0.0,0.2815743440233236,0.5933147632311978,0.5431901758668277,0.5777089350495186,0.6516436338424683,0.5759598082556249,0.0,0.6576733589172363,0.5765218884480174,0.01532033426183844,718
fusion_clean,V,pattern,0.3,random,block,20260926,bbcc1ce77f89ecc3dd04539f22327053e878ea0d0bd9a4973b6e7f54756c15de,10,0.0,0.0,0.28349854227405247,0.6016713091922006,0.5508074284312657,0.5855000457412513,0.6505484580993652,0.577313814988724,0.0,0.6581792831420898,0.5753037108157776,0.013927576601671309,718
fusion_clean,V,pattern,0.3,random,two_blocks,20260924,bbcc1ce77f89ecc3dd04539f22327053e878ea0d0bd9a4973b6e7f54756c15de,10,0.0,0.0,0.2826239067055394,0.6002785515320335,0.5486529167369248,0.583730845336163,0.6494237780570984,0.5778909127291686,0.0,0.6561830043792725,0.5774889705816046,0.011142061281337047,718
fusion_clean,V,pattern,0.3,random,two_blocks,20260925,bbcc1ce77f89ecc3dd04539f22327053e878ea0d0bd9a4973b6e7f54756c15de,10,0.0,0.0,0.28291545189504375,0.5974930362116991,0.5483019444894142,0.5819268968703951,0.6528063416481018,0.5753685208874447,0.0,0.6586506366729736,0.5752521928548138,0.01532033426183844,718
fusion_clean,V,pattern,0.3,random,two_blocks,20260926,bbcc1ce77f89ecc3dd04539f22327053e878ea0d0bd9a4973b6e7f54756c15de,10,0.0,0.0,0.283265306122449,0.6016713091922006,0.551467571542927,0.5858287615754687,0.6507992744445801,0.5769504729872706,0.0,0.6575810313224792,0.5759889965990056,0.013927576601671309,718
fusion_clean,V,pattern,0.3,random,points,20260924,bbcc1ce77f89ecc3dd04539f22327053e878ea0d0bd9a4973b6e7f54756c15de,10,0.0,0.0,0.2827405247813411,0.6002785515320335,0.5502278967587227,0.5843570668464907,0.6511555314064026,0.5753615508629198,0.0,0.6574798226356506,0.575349850298715,0.01532033426183844,718
fusion_clean,V,pattern,0.3,random,points,20260925,bbcc1ce77f89ecc3dd04539f22327053e878ea0d0bd9a4973b6e7f54756c15de,10,0.0,0.0,0.28174927113702625,0.6002785515320335,0.5502338117377535,0.5846226828898863,0.65097576379776,0.5760109961491341,0.0,0.6574262976646423,0.5756383081325734,0.012534818941504178,718
fusion_clean,V,pattern,0.3,random,points,20260926,bbcc1ce77f89ecc3dd04539f22327053e878ea0d0bd9a4973b6e7f54756c15de,10,0.0,0.0,0.28192419825072884,0.6002785515320335,0.5502338117377535,0.5846226828898863,0.6520100235939026,0.5744086188610209,0.0,0.6576437950134277,0.5754253073400097,0.013927576601671309,718
