variant,seed,split,condition,mask_seed,missing_mae_difference,mae_increase_difference,macro_f1_drop_difference
fusion_aug,42,valid,T30,20260924,-0.006536126136779785,-0.003625810146331787,-0.0073191568812863705
fusion_aug,42,valid,A30,20260924,-0.002391815185546875,0.000518500804901123,0.006997402780157591
fusion_aug,42,valid,V30,20260924,-0.007917165756225586,-0.005006849765777588,-0.006599159705352187
fusion_aug,42,valid,TAV30,20260924,-0.015091538429260254,-0.012181222438812256,-0.028329953403428365
fusion_aug,42,valid,T30,20260925,0.010413765907287598,0.013324081897735596,-0.014595213517134775
fusion_aug,42,valid,A30,20260925,-0.002763032913208008,0.00014728307723999023,0.007450261747765863
fusion_aug,42,valid,V30,20260925,-0.011087357997894287,-0.008177042007446289,-0.0194060572036453
fusion_aug,42,valid,TAV30,20260925,0.005903959274291992,0.00881427526473999,-0.0046756139629602345
fusion_aug,42,valid,T30,20260926,-0.0003832578659057617,0.0025270581245422363,-0.02061608858392383
fusion_aug,42,valid,A30,20260926,-0.005991578102111816,-0.0030812621116638184,0.0018228563359551364
fusion_aug,42,valid,V30,20260926,-0.007635354995727539,-0.004725039005279541,-0.009686850613120912
fusion_aug,42,valid,TAV30,20260926,-0.004134178161621094,-0.0012238621711730957,-0.00035993965722702637
fusion_aug,42,test,T30,20260924,0.007574021816253662,-0.008597791194915771,-0.020422993998821304
fusion_aug,42,test,A30,20260924,0.01510155200958252,-0.001070261001586914,-0.0023288899585756084
fusion_aug,42,test,V30,20260924,0.014222919940948486,-0.0019488930702209473,-0.006358478238595255
fusion_aug,42,test,TAV30,20260924,0.00438159704208374,-0.011790215969085693,-0.01742629865654932
fusion_aug,42,test,T30,20260925,0.001256704330444336,-0.014915108680725098,-0.023524456586141662
fusion_aug,42,test,A30,20260925,0.01569366455078125,-0.0004781484603881836,-0.0015930195450035711
fusion_aug,42,test,V30,20260925,0.015554547309875488,-0.0006172657012939453,0.0035966767307932246
fusion_aug,42,test,TAV30,20260925,0.0017508864402770996,-0.014420926570892334,-0.02137971147464468
fusion_aug,42,test,T30,20260926,0.01699310541152954,0.0008212924003601074,-0.004770696033097543
fusion_aug,42,test,A30,20260926,0.01657503843307495,0.0004032254219055176,0.0035501612894126566
fusion_aug,42,test,V30,20260926,0.016464531421661377,0.00029271841049194336,0.008731034309151342
fusion_aug,42,test,TAV30,20260926,0.01919025182723999,0.0030184388160705566,0.006530012143269537
fusion_aug,43,valid,T30,20260924,-0.004115462303161621,-0.014064550399780273,-0.04587069266057242
fusion_aug,43,valid,A30,20260924,0.008267760276794434,-0.0016813278198242188,-0.006981005197789769
fusion_aug,43,valid,V30,20260924,0.006092667579650879,-0.0038564205169677734,-0.00822353731329184
fusion_aug,43,valid,TAV30,20260924,-0.002414882183074951,-0.012363970279693604,-0.04315113021737804
fusion_aug,43,valid,T30,20260925,0.010606646537780762,0.0006575584411621094,-0.005631152973695319
fusion_aug,43,valid,A30,20260925,0.009651124477386475,-0.00029796361923217773,-0.008246469701241765
fusion_aug,43,valid,V30,20260925,0.0075754523277282715,-0.002373635768890381,-0.007715971377369679
fusion_aug,43,valid,TAV30,20260925,0.012315034866333008,0.0023659467697143555,-0.01500765536792037
fusion_aug,43,valid,T30,20260926,0.008898675441741943,-0.001050412654876709,-0.02920301898440436
fusion_aug,43,valid,A30,20260926,0.008626341819763184,-0.0013227462768554688,-0.0017441667139324046
fusion_aug,43,valid,V30,20260926,0.008559763431549072,-0.00138932466506958,-0.006159041186361569
fusion_aug,43,valid,TAV30,20260926,0.008929848670959473,-0.0010192394256591797,-0.035862379993794935
fusion_aug,43,test,T30,20260924,0.012375235557556152,-0.01081615686416626,-0.004117167842411673
fusion_aug,43,test,A30,20260924,0.02307838201522827,-0.00011301040649414062,0.0017715536036500001
fusion_aug,43,test,V30,20260924,0.022324681282043457,-0.0008667111396789551,0.0028947565264885178
fusion_aug,43,test,TAV30,20260924,0.015342772006988525,-0.007848620414733887,0.0002727405841606023
fusion_aug,43,test,T30,20260925,0.012806594371795654,-0.010384798049926758,0.006933020327508532
fusion_aug,43,test,A30,20260925,0.02128535509109497,-0.0019060373306274414,-0.004807093373638716
fusion_aug,43,test,V30,20260925,0.023228883743286133,3.74913215637207e-05,0.00453404409987046
fusion_aug,43,test,TAV30,20260925,0.010717213153839111,-0.0124741792678833,-0.0048792186906616575
fusion_aug,43,test,T30,20260926,0.014619231224060059,-0.008572161197662354,0.016576483502881878
fusion_aug,43,test,A30,20260926,0.0226021409034729,-0.0005892515182495117,-0.0013277230753266922
fusion_aug,43,test,V30,20260926,0.02159041166305542,-0.0016009807586669922,-0.0018196913100748668
fusion_aug,43,test,TAV30,20260926,0.01033484935760498,-0.012856543064117432,-0.0036223547565816805
fusion_aug,44,valid,T30,20260924,0.011836469173431396,0.003716886043548584,-0.02270797807745839
fusion_aug,44,valid,A30,20260924,0.007148563861846924,-0.0009710192680358887,0.00944929532252059
fusion_aug,44,valid,V30,20260924,0.004931747913360596,-0.003187835216522217,0.0031035007234097023
fusion_aug,44,valid,TAV30,20260924,0.013572752475738525,0.005453169345855713,-0.011876916339972898
fusion_aug,44,valid,T30,20260925,-0.0034005045890808105,-0.011520087718963623,-0.015459111810590787
fusion_aug,44,valid,A30,20260925,0.002833843231201172,-0.005285739898681641,-0.0046427448654751124
fusion_aug,44,valid,V30,20260925,0.004981577396392822,-0.0031380057334899902,0.008709697151282114
fusion_aug,44,valid,TAV30,20260925,-0.0063811540603637695,-0.014500737190246582,-0.021896545805362044
fusion_aug,44,valid,T30,20260926,-0.0011055469512939453,-0.009225130081176758,-0.006939846225191393
fusion_aug,44,valid,A30,20260926,0.001919090747833252,-0.0062004923820495605,-0.0027092598200283424
fusion_aug,44,valid,V30,20260926,0.004753470420837402,-0.00336611270904541,0.0070216435254168985
fusion_aug,44,valid,TAV30,20260926,0.0010653138160705566,-0.007054269313812256,0.000858675542401266
fusion_aug,44,test,T30,20260924,-0.00034224987030029297,-0.01158064603805542,-0.012969134913708436
fusion_aug,44,test,A30,20260924,0.013365864753723145,0.0021274685859680176,0.005119113531284691
fusion_aug,44,test,V30,20260924,0.01071310043334961,-0.0005252957344055176,0.013357424811269447
fusion_aug,44,test,TAV30,20260924,0.0010203719139099121,-0.010218024253845215,-0.004023187713274146
fusion_aug,44,test,T30,20260925,0.005861461162567139,-0.005376935005187988,0.008329683479966099
fusion_aug,44,test,A30,20260925,0.009425997734069824,-0.0018123984336853027,-0.004048136955031367
fusion_aug,44,test,V30,20260925,0.010577738285064697,-0.0006606578826904297,0.012868098061058708
fusion_aug,44,test,TAV30,20260925,0.0014233589172363281,-0.009815037250518799,0.0013347449416574175
fusion_aug,44,test,T30,20260926,-0.006263613700866699,-0.017502009868621826,-0.0179536617060444
fusion_aug,44,test,A30,20260926,0.00898522138595581,-0.0022531747817993164,-0.00790247747391637
fusion_aug,44,test,V30,20260926,0.011976838111877441,0.0007384419441223145,0.015505028392862497
fusion_aug,44,test,TAV30,20260926,-0.002925693988800049,-0.014164090156555176,-0.016700199414244277
robust_nogate,42,valid,T30,20260924,-0.005173683166503906,-0.0042822957038879395,-0.00017796092973465516
robust_nogate,42,valid,A30,20260924,-0.0016822218894958496,-0.0007908344268798828,-0.003403917598077011
robust_nogate,42,valid,V30,20260924,-0.005432486534118652,-0.0045410990715026855,-0.0075140147245406075
robust_nogate,42,valid,TAV30,20260924,-0.01438295841217041,-0.013491570949554443,-0.025308634483654613
robust_nogate,42,valid,T30,20260925,0.012765884399414062,0.01365727186203003,-0.004622929481494453
robust_nogate,42,valid,A30,20260925,-0.0016786456108093262,-0.0007872581481933594,0.0016433846951390274
robust_nogate,42,valid,V30,20260925,-0.00885707139968872,-0.007965683937072754,-0.018095838548377374
robust_nogate,42,valid,TAV30,20260925,0.006528675556182861,0.007420063018798828,-0.005839660632402821
robust_nogate,42,valid,T30,20260926,0.0027536749839782715,0.0036450624465942383,-0.016662119606823178
robust_nogate,42,valid,A30,20260926,-0.0015294551849365234,-0.0006380677223205566,0.0030758695060882912
robust_nogate,42,valid,V30,20260926,-0.0025316476821899414,-0.0016402602195739746,-0.0061412378862029104
robust_nogate,42,valid,TAV30,20260926,-0.0026339292526245117,-0.001742541790008545,-0.0026047146015409917
robust_nogate,42,test,T30,20260924,0.005697131156921387,-0.01146233081817627,-0.02044011978640914
robust_nogate,42,test,A30,20260924,0.018165409564971924,0.0010059475898742676,0.007355594943162513
robust_nogate,42,test,V30,20260924,0.01523590087890625,-0.0019235610961914062,-0.0009795120838456128
robust_nogate,42,test,TAV30,20260924,0.00507354736328125,-0.012085914611816406,-0.02295503459276793
robust_nogate,42,test,T30,20260925,0.0033592581748962402,-0.013800203800201416,-0.02100512312336711
robust_nogate,42,test,A30,20260925,0.01785111427307129,0.0006916522979736328,0.004235658259889918
robust_nogate,42,test,V30,20260925,0.017304182052612305,0.00014472007751464844,0.0025704032244486807
robust_nogate,42,test,TAV30,20260925,0.0038470029830932617,-0.013312458992004395,-0.021160911622117307
robust_nogate,42,test,T30,20260926,0.018582701683044434,0.0014232397079467773,0.0001598459440184108
robust_nogate,42,test,A30,20260926,0.01944190263748169,0.002282440662384033,0.010113186267344032
robust_nogate,42,test,V30,20260926,0.018794119358062744,0.0016346573829650879,0.008509418970139904
robust_nogate,42,test,TAV30,20260926,0.022149860858917236,0.00499039888381958,0.015632134136954967
robust_nogate,43,valid,T30,20260924,0.0005895495414733887,-0.006579160690307617,-0.036970872230777774
robust_nogate,43,valid,A30,20260924,0.006714582443237305,-0.00045412778854370117,-0.0007022919099620717
robust_nogate,43,valid,V30,20260924,0.005812883377075195,-0.0013558268547058105,-0.0044462208889676225
robust_nogate,43,valid,TAV30,20260924,0.001806497573852539,-0.005362212657928467,-0.030710233746112148
robust_nogate,43,valid,T30,20260925,0.010947644710540771,0.0037789344787597656,0.0011205625084442783
robust_nogate,43,valid,A30,20260925,0.0074825286865234375,0.00031381845474243164,-0.0021517678919987793
robust_nogate,43,valid,V30,20260925,0.0072609782218933105,9.226799011230469e-05,-0.004337053947792935
robust_nogate,43,valid,TAV30,20260925,0.015065610408782959,0.007896900177001953,0.003962971270204285
robust_nogate,43,valid,T30,20260926,0.009360313415527344,0.002191603183746338,-0.019332407747204572
robust_nogate,43,valid,A30,20260926,0.009053409099578857,0.0018846988677978516,0.0023545814355750982
robust_nogate,43,valid,V30,20260926,0.006693124771118164,-0.0004755854606628418,-0.006641588637577689
robust_nogate,43,valid,TAV30,20260926,0.010308027267456055,0.003139317035675049,-0.024028912988458995
robust_nogate,43,test,T30,20260924,0.014027595520019531,-0.01094132661819458,-0.005945774526162517
robust_nogate,43,test,A30,20260924,0.024981915950775146,1.2993812561035156e-05,0.003184481098079006
robust_nogate,43,test,V30,20260924,0.023742854595184326,-0.0012260675430297852,-0.004668308501195151
robust_nogate,43,test,TAV30,20260924,0.017599523067474365,-0.007369399070739746,-0.0036543673886273442
robust_nogate,43,test,T30,20260925,0.013928055763244629,-0.011040866374969482,0.0023683284426924134
robust_nogate,43,test,A30,20260925,0.02404111623764038,-0.0009278059005737305,-0.003462640385850535
robust_nogate,43,test,V30,20260925,0.023902535438537598,-0.0010663866996765137,0.0013389015073249633
robust_nogate,43,test,TAV30,20260925,0.011712431907653809,-0.013256490230560303,-0.00788588076401997
robust_nogate,43,test,T30,20260926,0.01588916778564453,-0.00907975435256958,0.010396617601235003
robust_nogate,43,test,A30,20260926,0.024603188037872314,-0.0003657341003417969,0.0033353729994508585
robust_nogate,43,test,V30,20260926,0.0235213041305542,-0.0014476180076599121,-0.00447055430530463
robust_nogate,43,test,TAV30,20260926,0.011385083198547363,-0.013583838939666748,-0.01096832442959772
robust_nogate,44,valid,T30,20260924,0.004427969455718994,0.0014473795890808105,-0.00806315607192476
robust_nogate,44,valid,A30,20260924,0.004416465759277344,0.0014358758926391602,0.004166452517022079
robust_nogate,44,valid,V30,20260924,0.004155755043029785,0.0011751651763916016,0.005366635333703518
robust_nogate,44,valid,TAV30,20260924,0.009437501430511475,0.006456911563873291,-0.008848058152010285
robust_nogate,44,valid,T30,20260925,0.0017532110214233398,-0.0012273788452148438,-0.0068971070968877335
robust_nogate,44,valid,A30,20260925,0.002130746841430664,-0.0008498430252075195,-0.002780395346423936
robust_nogate,44,valid,V30,20260925,0.005177736282348633,0.0021971464157104492,0.014552568814327094
robust_nogate,44,valid,TAV30,20260925,0.005361020565032959,0.0023804306983947754,-0.009562136956719924
robust_nogate,44,valid,T30,20260926,0.004005253314971924,0.0010246634483337402,0.0032853760405902044
robust_nogate,44,valid,A30,20260926,0.0010689496994018555,-0.0019116401672363281,-0.002651205227271247
robust_nogate,44,valid,V30,20260926,0.004879772663116455,0.0018991827964782715,0.012492537876949594
robust_nogate,44,valid,TAV30,20260926,0.009829580783843994,0.0068489909172058105,0.01609331417668569
robust_nogate,44,test,T30,20260924,-0.0058629512786865234,-0.017616331577301025,-0.016063236608597653
robust_nogate,44,test,A30,20260924,0.01444333791732788,0.002689957618713379,0.010002598209858604
robust_nogate,44,test,V30,20260924,0.010726690292358398,-0.0010266900062561035,0.007023694585936879
robust_nogate,44,test,TAV30,20260924,-0.0015037059783935547,-0.013257086277008057,-0.018538336051534987
robust_nogate,44,test,T30,20260925,-0.0024409890174865723,-0.014194369316101074,0.0042244678525368284
robust_nogate,44,test,A30,20260925,0.009828507900238037,-0.0019248723983764648,-0.004247637858974973
robust_nogate,44,test,V30,20260925,0.011718809604644775,-3.457069396972656e-05,0.0070211765834657935
robust_nogate,44,test,TAV30,20260925,-0.0008269548416137695,-0.012580335140228271,-7.981908672416438e-05
robust_nogate,44,test,T30,20260926,-0.00989222526550293,-0.02164560556411743,-0.018710495358097545
robust_nogate,44,test,A30,20260926,0.010370850563049316,-0.0013825297355651855,-0.006690025009437828
robust_nogate,44,test,V30,20260926,0.012471437454223633,0.0007180571556091309,0.010028533501590609
robust_nogate,44,test,TAV30,20260926,-0.0020583271980285645,-0.013811707496643066,-0.0009766686230119337
robust_norec,42,valid,T30,20260924,-0.009638607501983643,-0.0025221705436706543,-0.022128670718537302
robust_norec,42,valid,A30,20260924,-0.0066803693771362305,0.0004360675811767578,-0.005498722533774925
robust_norec,42,valid,V30,20260924,-0.01599353551864624,-0.008877098560333252,-0.018779312069045706
robust_norec,42,valid,TAV30,20260924,-0.01625615358352661,-0.009139716625213623,-0.03523752100437194
robust_norec,42,valid,T30,20260925,0.004130303859710693,0.011246740818023682,-0.025161620283107533
robust_norec,42,valid,A30,20260925,-0.010337650775909424,-0.0032212138175964355,-0.011459164815034728
robust_norec,42,valid,V30,20260925,-0.01631927490234375,-0.009202837944030762,-0.02166065783547988
robust_norec,42,valid,TAV30,20260925,0.003675997257232666,0.010792434215545654,-0.007731412757008949
robust_norec,42,valid,T30,20260926,0.003954112529754639,0.011070549488067627,-0.02419269582944905
robust_norec,42,valid,A30,20260926,-0.008716881275177002,-0.0016004443168640137,-0.002514389687272023
robust_norec,42,valid,V30,20260926,-0.01330709457397461,-0.006190657615661621,-0.012493796007225666
robust_norec,42,valid,TAV30,20260926,0.0034021735191345215,0.01051861047744751,-0.012627577184118444
robust_norec,42,test,T30,20260924,0.01037377119064331,-0.01159203052520752,-0.018691346689038824
robust_norec,42,test,A30,20260924,0.01720273494720459,-0.00476306676864624,-0.006194663506972953
robust_norec,42,test,V30,20260924,0.015939176082611084,-0.006026625633239746,-0.014285630335165611
robust_norec,42,test,TAV30,20260924,0.006749927997589111,-0.015215873718261719,-0.025865700085292098
robust_norec,42,test,T30,20260925,0.010855913162231445,-0.011109888553619385,-0.022964651207067588
robust_norec,42,test,A30,20260925,0.017996549606323242,-0.003969252109527588,-0.004195703971306419
robust_norec,42,test,V30,20260925,0.017106473445892334,-0.004859328269958496,-0.009516665103585287
robust_norec,42,test,TAV30,20260925,0.007390379905700684,-0.014575421810150146,-0.013756553444634334
robust_norec,42,test,T30,20260926,0.02179819345474243,-0.00016760826110839844,-0.013735390477429
robust_norec,42,test,A30,20260926,0.02045208215713501,-0.0015137195587158203,-0.0010951846413017607
robust_norec,42,test,V30,20260926,0.01623082160949707,-0.00573498010635376,-0.0026088368501220316
robust_norec,42,test,TAV30,20260926,0.021342813968658447,-0.0006229877471923828,-0.011740523704388939
robust_norec,43,valid,T30,20260924,0.015866756439208984,0.010238409042358398,0.0019733475598275874
robust_norec,43,valid,A30,20260924,0.008442819118499756,0.00281447172164917,0.0028828684672917992
robust_norec,43,valid,V30,20260924,-0.003155231475830078,-0.008783578872680664,-0.005687276821309428
robust_norec,43,valid,TAV30,20260924,0.009278655052185059,0.0036503076553344727,-0.014274063769477818
robust_norec,43,valid,T30,20260925,0.022119879722595215,0.01649153232574463,0.01490258983543713
robust_norec,43,valid,A30,20260925,0.010674476623535156,0.00504612922668457,0.0063900092916886475
robust_norec,43,valid,V30,20260925,-0.005276858806610107,-0.010905206203460693,-0.013421633920407738
robust_norec,43,valid,TAV30,20260925,0.019913017749786377,0.014284670352935791,0.020652371083567878
robust_norec,43,valid,T30,20260926,0.01542198657989502,0.009793639183044434,0.0001738191249819332
robust_norec,43,valid,A30,20260926,0.010191202163696289,0.004562854766845703,0.008760694460283491
robust_norec,43,valid,V30,20260926,-0.004515469074249268,-0.010143816471099854,-0.006294131725620211
robust_norec,43,valid,TAV30,20260926,0.008908510208129883,0.003280162811279297,-0.013613394073145768
robust_norec,43,test,T30,20260924,0.00662386417388916,-0.023335635662078857,-0.032142660257160616
robust_norec,43,test,A30,20260924,0.03245580196380615,0.0024963021278381348,0.0013920649951491004
robust_norec,43,test,V30,20260924,0.02754795551300049,-0.0024115443229675293,0.0006724311464585409
robust_norec,43,test,TAV30,20260924,0.014984071254730225,-0.014975428581237793,-0.021805824107573923
robust_norec,43,test,T30,20260925,0.0104636549949646,-0.019495844841003418,-0.030328917771056396
robust_norec,43,test,A30,20260925,0.02988433837890625,-7.516145706176758e-05,-0.0038934573293090136
robust_norec,43,test,V30,20260925,0.02535700798034668,-0.004602491855621338,0.006514088221332481
robust_norec,43,test,TAV30,20260925,0.011923015117645264,-0.018036484718322754,-0.033566139880087054
robust_norec,43,test,T30,20260926,0.016553401947021484,-0.013406097888946533,-0.006794907238053538
robust_norec,43,test,A30,20260926,0.029019057750701904,-0.0009404420852661133,0.004901310166960826
robust_norec,43,test,V30,20260926,0.02652806043624878,-0.0034314393997192383,0.0005338477758601856
robust_norec,43,test,TAV30,20260926,0.015009105205535889,-0.014950394630432129,-0.023299074008058307
robust_norec,44,valid,T30,20260924,0.005962848663330078,0.010991692543029785,-0.02068099666058465
robust_norec,44,valid,A30,20260924,-0.0022614002227783203,0.0027674436569213867,0.000610431167812231
robust_norec,44,valid,V30,20260924,-0.00764918327331543,-0.0026203393936157227,-0.00290699494637503
robust_norec,44,valid,TAV30,20260924,0.006945967674255371,0.011974811553955078,-0.0137441312628922
robust_norec,44,valid,T30,20260925,-0.009580552577972412,-0.004551708698272705,-0.016667310191290752
robust_norec,44,valid,A30,20260925,-0.006923675537109375,-0.001894831657409668,-0.007769136729865234
robust_norec,44,valid,V30,20260925,-0.006970405578613281,-0.0019415616989135742,0.0035888798880152617
robust_norec,44,valid,TAV30,20260925,-0.012239158153533936,-0.0072103142738342285,-0.028220530031248248
robust_norec,44,valid,T30,20260926,-0.0017794966697692871,0.00324934720993042,-0.006872316683146917
robust_norec,44,valid,A30,20260926,-0.008897721767425537,-0.00386887788772583,-0.009327502328106752
robust_norec,44,valid,V30,20260926,-0.006988823413848877,-0.00195997953414917,0.003210201614176178
robust_norec,44,valid,TAV30,20260926,0.0017973780632019043,0.006826221942901611,0.013350142737931447
robust_norec,44,test,T30,20260924,-0.008006095886230469,-0.013363361358642578,-0.010133356008393712
robust_norec,44,test,A30,20260924,0.00931638479232788,0.0039591193199157715,0.013838199576784116
robust_norec,44,test,V30,20260924,0.008688271045684814,0.003331005573272705,0.016614650368978467
robust_norec,44,test,TAV30,20260924,-0.0013892650604248047,-0.006746530532836914,0.004853420114363294
robust_norec,44,test,T30,20260925,-0.0028306245803833008,-0.00818789005279541,0.008641844738726312
robust_norec,44,test,A30,20260925,0.007351875305175781,0.001994609832763672,0.0052838665550853925
robust_norec,44,test,V30,20260925,0.010023713111877441,0.004666447639465332,0.015365515640626715
robust_norec,44,test,TAV30,20260925,-0.005388915538787842,-0.010746181011199951,-0.00822790371929194
robust_norec,44,test,T30,20260926,-0.011399805545806885,-0.016757071018218994,0.0034042222447099313
robust_norec,44,test,A30,20260926,0.0030959248542785645,-0.002261340618133545,-0.004494642650673453
robust_norec,44,test,V30,20260926,0.010247528553009033,0.004890263080596924,0.01813559490478356
robust_norec,44,test,TAV30,20260926,-0.007987499237060547,-0.013344764709472656,-0.0066680036953810085
robust_rec,42,valid,T30,20260924,-0.010667741298675537,-0.0027813315391540527,-0.022650566467676936
robust_rec,42,valid,A30,20260924,-0.00721585750579834,0.0006705522537231445,-0.00464342332535439
robust_rec,42,valid,V30,20260924,-0.015976011753082275,-0.008089601993560791,-0.013261657405810312
robust_rec,42,valid,TAV30,20260924,-0.015689194202423096,-0.007802784442901611,-0.032958102611050255
robust_rec,42,valid,T30,20260925,0.0038614869117736816,0.011747896671295166,-0.019995090294766316
robust_rec,42,valid,A30,20260925,-0.010269522666931152,-0.002383112907409668,-0.007584902363389157
robust_rec,42,valid,V30,20260925,-0.017693817615509033,-0.009807407855987549,-0.019558451790166465
robust_rec,42,valid,TAV30,20260925,-0.00091552734375,0.006970882415771484,-0.01010955693923521
robust_rec,42,valid,T30,20260926,0.001964092254638672,0.009850502014160156,-0.021790074061611597
robust_rec,42,valid,A30,20260926,-0.00827401876449585,-0.00038760900497436523,-7.125246627948112e-05
robust_rec,42,valid,V30,20260926,-0.013134121894836426,-0.005247712135314941,-0.00919818836651265
robust_rec,42,valid,TAV30,20260926,0.001970231533050537,0.009856641292572021,-0.013704407216666104
robust_rec,42,test,T30,20260924,0.010324418544769287,-0.009994149208068848,-0.01316274904186654
robust_rec,42,test,A30,20260924,0.01670140027999878,-0.0036171674728393555,-0.0011784208034835153
robust_rec,42,test,V30,20260924,0.015932798385620117,-0.004385769367218018,-0.008336400745200812
robust_rec,42,test,TAV30,20260924,0.007655322551727295,-0.01266324520111084,-0.020675087451311747
robust_rec,42,test,T30,20260925,0.00952821969985962,-0.010790348052978516,-0.023381273586756124
robust_rec,42,test,A30,20260925,0.017216205596923828,-0.0031023621559143066,-0.0005188352502910609
robust_rec,42,test,V30,20260925,0.017362654209136963,-0.002955913543701172,-0.004421734473651351
robust_rec,42,test,TAV30,20260925,0.0045566558837890625,-0.015761911869049072,-0.014274782220242699
robust_rec,42,test,T30,20260926,0.01994192600250244,-0.00037664175033569336,-0.013026786768886689
robust_rec,42,test,A30,20260926,0.018386125564575195,-0.0019324421882629395,-0.00019472522367069978
robust_rec,42,test,V30,20260926,0.015094578266143799,-0.005223989486694336,-0.0008880616450051004
robust_rec,42,test,TAV30,20260926,0.019780337810516357,-0.0005382299423217773,-0.006150330419615213
robust_rec,43,valid,T30,20260924,0.008494377136230469,0.002839326858520508,-0.017383873681803497
robust_rec,43,valid,A30,20260924,0.006440460681915283,0.0007854104042053223,0.005983331601773223
robust_rec,43,valid,V30,20260924,-0.002354145050048828,-0.008009195327758789,-0.0014250556292769723
robust_rec,43,valid,TAV30,20260924,0.0018624663352966309,-0.00379258394241333,-0.01758352093616744
robust_rec,43,valid,T30,20260925,0.010246574878692627,0.004591524600982666,0.00283188796380196
robust_rec,43,valid,A30,20260925,0.008354365825653076,0.0026993155479431152,0.007078078213532457
robust_rec,43,valid,V30,20260925,-0.0024421215057373047,-0.008097171783447266,-0.000637778402628908
robust_rec,43,valid,TAV30,20260925,0.005113124847412109,-0.0005419254302978516,-0.003017793561828408
robust_rec,43,valid,T30,20260926,0.010572373867034912,0.004917323589324951,-0.017091454629210356
robust_rec,43,valid,A30,20260926,0.005969107151031494,0.0003140568733215332,0.0033348004983484447
robust_rec,43,valid,V30,20260926,-0.0036121606826782227,-0.009267210960388184,-0.0023528733123067136
robust_rec,43,valid,TAV30,20260926,0.004965484142303467,-0.0006895661354064941,-0.03288479224706309
robust_rec,43,test,T30,20260924,0.006543934345245361,-0.02000516653060913,-0.0269465671003446
robust_rec,43,test,A30,20260924,0.028879106044769287,0.002330005168914795,0.005204747035363888
robust_rec,43,test,V30,20260924,0.024265706539154053,-0.0022833943367004395,0.005876631318293413
robust_rec,43,test,TAV30,20260924,0.009460151195526123,-0.01708894968032837,-0.01906992356181425
robust_rec,43,test,T30,20260925,0.006285727024078369,-0.020263373851776123,-0.010493381459623974
robust_rec,43,test,A30,20260925,0.027500033378601074,0.000950932502746582,0.003148763458876158
robust_rec,43,test,V30,20260925,0.023506999015808105,-0.0030421018600463867,0.00826813680932037
robust_rec,43,test,TAV30,20260925,0.010281860828399658,-0.016267240047454834,-0.007186433133336001
robust_rec,43,test,T30,20260926,0.008228659629821777,-0.018320441246032715,-0.0031235586276329164
robust_rec,43,test,A30,20260926,0.029063045978546143,0.0025139451026916504,0.010978857692188648
robust_rec,43,test,V30,20260926,0.024704813957214355,-0.0018442869186401367,0.0010712322235507665
robust_rec,43,test,TAV30,20260926,0.004665255546569824,-0.021883845329284668,-0.00811123732730179
robust_rec,44,valid,T30,20260924,0.00661998987197876,0.011810600757598877,-0.02286880877955444
robust_rec,44,valid,A30,20260924,-0.0026794075965881348,0.0025112032890319824,0.00363749788448553
robust_rec,44,valid,V30,20260924,-0.0069026947021484375,-0.0017120838165283203,-0.0007311962100163827
robust_rec,44,valid,TAV30,20260924,0.008987665176391602,0.014178276062011719,-0.0199259776940518
robust_rec,44,valid,T30,20260925,-0.009585142135620117,-0.00439453125,-0.016358071194623958
robust_rec,44,valid,A30,20260925,-0.006952941417694092,-0.0017623305320739746,-0.0037891557556684052
robust_rec,44,valid,V30,20260925,-0.00644296407699585,-0.0012523531913757324,0.0030071479088252806
robust_rec,44,valid,TAV30,20260925,-0.01124483346939087,-0.006054222583770752,-0.0259595875632872
robust_rec,44,valid,T30,20260926,-0.00010907649993896484,0.005081534385681152,-0.004869906756592601
robust_rec,44,valid,A30,20260926,-0.00958859920501709,-0.004397988319396973,-0.007159579777525571
robust_rec,44,valid,V30,20260926,-0.0060187578201293945,-0.0008281469345092773,0.006938211734968114
robust_rec,44,valid,TAV30,20260926,0.0022013187408447266,0.007391929626464844,0.01314770695932399
robust_rec,44,test,T30,20260924,-0.0075103044509887695,-0.011341452598571777,-0.008941125818750284
robust_rec,44,test,A30,20260924,0.008657515048980713,0.004826366901397705,0.018256100176002765
robust_rec,44,test,V30,20260924,0.0071839094161987305,0.0033527612686157227,0.01568726557508271
robust_rec,44,test,TAV30,20260924,-0.0008726119995117188,-0.0047037601470947266,0.011363355544451004
robust_rec,44,test,T30,20260925,-0.004015624523162842,-0.00784677267074585,0.007918940731926782
robust_rec,44,test,A30,20260925,0.005278289318084717,0.001447141170501709,0.0036923610614657543
robust_rec,44,test,V30,20260925,0.009005069732666016,0.005173921585083008,0.016649856949880193
robust_rec,44,test,TAV30,20260925,-0.0054375529289245605,-0.009268701076507568,-0.002944951723764966
robust_rec,44,test,T30,20260926,-0.011724531650543213,-0.01555567979812622,0.003573297319498292
robust_rec,44,test,A30,20260926,0.006190955638885498,0.0023598074913024902,0.0078031645394534
robust_rec,44,test,V30,20260926,0.007808983325958252,0.003977835178375244,0.016097814026264756
robust_rec,44,test,TAV30,20260926,-0.008970499038696289,-0.012801647186279297,-0.008363735002331563
text_only,42,valid,T30,20260924,0.0011345148086547852,-0.0018548369407653809,0.00037289494526571154
text_only,42,valid,A30,20260924,0.0025763511657714844,-0.00041300058364868164,0.0020981757284684877
text_only,42,valid,V30,20260924,-0.00020056962966918945,-0.0031899213790893555,-0.005673141603227738
text_only,42,valid,TAV30,20260924,-0.003826141357421875,-0.006815493106842041,-0.010840174317344964
text_only,42,valid,T30,20260925,0.014512240886688232,0.011522889137268066,-0.011476846914561745
text_only,42,valid,A30,20260925,0.0015887618064880371,-0.001400589942932129,0.0026691149029521855
text_only,42,valid,V30,20260925,-0.0018475651741027832,-0.004836916923522949,-0.011507306165837616
text_only,42,valid,TAV30,20260925,0.010696947574615479,0.0077075958251953125,-0.009148186959251792
text_only,42,valid,T30,20260926,0.01313561201095581,0.010146260261535645,-0.026105010059835898
text_only,42,valid,A30,20260926,0.00034230947494506836,-0.0026470422744750977,0.004148019105914336
text_only,42,valid,V30,20260926,-0.0007736086845397949,-0.003762960433959961,-0.004015428145445199
text_only,42,valid,TAV30,20260926,0.007196545600891113,0.004207193851470947,-0.015582956468068399
text_only,42,test,T30,20260924,0.00022208690643310547,-0.016259193420410156,-0.011519900052597842
text_only,42,test,A30,20260924,0.016400158405303955,-8.112192153930664e-05,0.007532129544204569
text_only,42,test,V30,20260924,0.013995468616485596,-0.002485811710357666,-0.002613159886535432
text_only,42,test,TAV30,20260924,0.0008692145347595215,-0.01561206579208374,-0.008677870124824683
text_only,42,test,T30,20260925,0.010386645793914795,-0.006094634532928467,-0.020615065384531728
text_only,42,test,A30,20260925,0.017786502838134766,0.001305222511291504,0.006684225983009662
text_only,42,test,V30,20260925,0.016753673553466797,0.00027239322662353516,0.002474424954566179
text_only,42,test,TAV30,20260925,0.008954226970672607,-0.007527053356170654,-0.019056280144428617
text_only,42,test,T30,20260926,0.006937682628631592,-0.00954359769821167,-0.01953512508020927
text_only,42,test,A30,20260926,0.015522241592407227,-0.0009590387344360352,0.003675589463693285
text_only,42,test,V30,20260926,0.014088809490203857,-0.0023924708366394043,0.006184710404664839
text_only,42,test,TAV30,20260926,0.007837951183319092,-0.00864332914352417,-0.010520631749931564
text_only,43,valid,T30,20260924,0.013835251331329346,-0.004308521747589111,-0.010859673198538866
text_only,43,valid,A30,20260924,0.017653167247772217,-0.0004906058311462402,-0.000636691260988087
text_only,43,valid,V30,20260924,0.017380118370056152,-0.0007636547088623047,-0.003743120118253729
text_only,43,valid,TAV30,20260924,0.014812111854553223,-0.0033316612243652344,-0.013537059924177641
text_only,43,valid,T30,20260925,0.01648867130279541,-0.0016551017761230469,-0.00010901268265106623
text_only,43,valid,A30,20260925,0.017055094242095947,-0.0010886788368225098,0.0011869478799070299
text_only,43,valid,V30,20260925,0.017354309558868408,-0.0007894635200500488,-0.004027943701620518
text_only,43,valid,TAV30,20260925,0.01756572723388672,-0.0005780458450317383,0.0004003611301022225
text_only,43,valid,T30,20260926,0.016935408115386963,-0.0012083649635314941,-0.002073235227030068
text_only,43,valid,A30,20260926,0.017271995544433594,-0.0008717775344848633,0.000848711176324346
text_only,43,valid,V30,20260926,0.015998661518096924,-0.002145111560821533,-0.004193888090774256
text_only,43,valid,TAV30,20260926,0.016702771186828613,-0.0014410018920898438,-0.010756893230150055
text_only,43,test,T30,20260924,-0.0016845464706420898,-0.012792408466339111,-0.013855906521014982
text_only,43,test,A30,20260924,0.011549532413482666,0.00044167041778564453,0.0016099637710507153
text_only,43,test,V30,20260924,0.01268857717514038,0.0015807151794433594,0.0038390647878698836
text_only,43,test,TAV30,20260924,0.005685925483703613,-0.005421936511993408,-0.011221936098861685
text_only,43,test,T30,20260925,0.007031500339508057,-0.004076361656188965,0.00021302069046935657
text_only,43,test,A30,20260925,0.014079093933105469,0.0029712319374084473,0.0008869180472449445
text_only,43,test,V30,20260925,0.015140712261199951,0.00403285026550293,0.011048952719781013
text_only,43,test,TAV30,20260925,0.01679086685180664,0.005683004856109619,0.007042521930860524
text_only,43,test,T30,20260926,0.008000314235687256,-0.0031075477600097656,0.009310766789580538
text_only,43,test,A30,20260926,0.010563671588897705,-0.0005441904067993164,-0.0016312511094789262
text_only,43,test,V30,20260926,0.012305676937103271,0.00119781494140625,0.0019634129450057936
text_only,43,test,TAV30,20260926,0.010073304176330566,-0.001034557819366455,-0.0002265139330003274
text_only,44,valid,T30,20260924,-0.0068762898445129395,-0.018133461475372314,0.002696993755708754
text_only,44,valid,A30,20260924,0.013603925704956055,0.0023467540740966797,-0.00269432451817353
text_only,44,valid,V30,20260924,0.014708161354064941,0.0034509897232055664,-0.00018127001119117025
text_only,44,valid,TAV30,20260924,0.00410616397857666,-0.007151007652282715,0.009141535919652388
text_only,44,valid,T30,20260925,-0.005872368812561035,-0.01712954044342041,0.0048041444232505
text_only,44,valid,A30,20260925,0.009904861450195312,-0.0013523101806640625,-0.0073468005620532795
text_only,44,valid,V30,20260925,0.014358818531036377,0.003101646900177002,0.006169849901638269
text_only,44,valid,TAV30,20260925,-0.00033742189407348633,-0.011594593524932861,-0.0004284675125719728
text_only,44,valid,T30,20260926,0.0017265081405639648,-0.00953066349029541,0.002637188659627032
text_only,44,valid,A30,20260926,0.008789598941802979,-0.0024675726890563965,-0.005904319355181098
text_only,44,valid,V30,20260926,0.013679146766662598,0.0024219751358032227,0.005237015407094203
text_only,44,valid,TAV30,20260926,0.010913968086242676,-0.0003432035446166992,0.019499702946698894
text_only,44,test,T30,20260924,0.007162809371948242,-0.008530616760253906,0.011033593004375675
text_only,44,test,A30,20260924,0.019276440143585205,0.0035830140113830566,0.011126171334184476
text_only,44,test,V30,20260924,0.02025020122528076,0.004556775093078613,0.01594356045559986
text_only,44,test,TAV30,20260924,0.014334619045257568,-0.00135880708694458,0.01467841264240699
text_only,44,test,T30,20260925,0.013090133666992188,-0.002603292465209961,0.028007569638158314
text_only,44,test,A30,20260925,0.01811128854751587,0.0024178624153137207,0.007292575299096882
text_only,44,test,V30,20260925,0.021017909049987793,0.0053244829177856445,0.015198075843232073
text_only,44,test,TAV30,20260925,0.01626354455947876,0.0005701184272766113,0.027348329296388196
text_only,44,test,T30,20260926,0.01478487253189087,-0.0009085536003112793,0.026731957831306996
text_only,44,test,A30,20260926,0.015250742435455322,-0.00044268369674682617,0.0016365515896616945
text_only,44,test,V30,20260926,0.02009660005569458,0.004403173923492432,0.016785442923260896
text_only,44,test,TAV30,20260926,0.01746964454650879,0.0017762184143066406,0.03286816437280404
