variant,seed,split,condition,mask_seed,clean_mae,missing_mae,mae_increase,relative_mae_increase,clean_macro_f1,missing_macro_f1,macro_f1_drop
fusion_aug,42,valid,T30,20260924,0.6427701711654663,0.6519770622253418,0.009206891059875488,0.014323768390156654,0.5470525224008608,0.5367489081990212,0.010303614201839562
fusion_aug,42,valid,A30,20260924,0.6427701711654663,0.6437016725540161,0.0009315013885498047,0.0014491982209765787,0.5470525224008608,0.5421532953491717,0.0048992270516891034
fusion_aug,42,valid,V30,20260924,0.6427701711654663,0.6409532427787781,-0.0018169283866882324,-0.0028267154703115593,0.5470525224008608,0.5479785405029852,-0.0009260181021244485
fusion_aug,42,valid,TAV30,20260924,0.6427701711654663,0.648382306098938,0.00561213493347168,0.00873116890800299,0.5470525224008608,0.5465466354585525,0.0005058869423082424
fusion_aug,42,valid,T30,20260925,0.6427701711654663,0.6823481917381287,0.039578020572662354,0.0615741401018964,0.5470525224008608,0.5268912762864376,0.02016124611442316
fusion_aug,42,valid,A30,20260925,0.6427701711654663,0.6443180441856384,0.0015478730201721191,0.0024081282698068065,0.5470525224008608,0.5422713755560471,0.004781146844813677
fusion_aug,42,valid,V30,20260925,0.6427701711654663,0.639430046081543,-0.00334012508392334,-0.005196453155047703,0.5470525224008608,0.5549512734386685,-0.007898751037807683
fusion_aug,42,valid,TAV30,20260925,0.6427701711654663,0.6816536784172058,0.0388835072517395,0.06049363986700908,0.5470525224008608,0.519300336687573,0.027752185713287747
fusion_aug,42,valid,T30,20260926,0.6427701711654663,0.6636893153190613,0.02091914415359497,0.032545293935567245,0.5470525224008608,0.5426119837114601,0.0044405386894006416
fusion_aug,42,valid,A30,20260926,0.6427701711654663,0.6423359513282776,-0.0004342198371887207,-0.0006755444740091102,0.5470525224008608,0.54937768517082,-0.0023251627699591992
fusion_aug,42,valid,V30,20260926,0.6427701711654663,0.6418080925941467,-0.0009620785713195801,-0.0014967691633467465,0.5470525224008608,0.5527239448685365,-0.005671422467675713
fusion_aug,42,valid,TAV30,20260926,0.6427701711654663,0.6658774614334106,0.023107290267944336,0.03594953733781137,0.5470525224008608,0.5328778883765308,0.014174634024329946
fusion_aug,42,test,T30,20260924,0.7403095960617065,0.7578920722007751,0.017582476139068604,0.023750166460901938,0.5744621250901453,0.5671716964571353,0.007290428633009993
fusion_aug,42,test,A30,20260924,0.7403095960617065,0.7393204569816589,-0.0009891390800476074,-0.0013361154377974054,0.5744621250901453,0.5843231445929254,-0.009861019502780177
fusion_aug,42,test,V30,20260924,0.7403095960617065,0.7408465147018433,0.0005369186401367188,0.0007252622997094925,0.5744621250901453,0.5782074434422051,-0.0037453183520598232
fusion_aug,42,test,TAV30,20260924,0.7403095960617065,0.7540525197982788,0.013742923736572266,0.01856375198927823,0.5744621250901453,0.5670170310426365,0.007445094047508816
fusion_aug,42,test,T30,20260925,0.7403095960617065,0.7522279024124146,0.011918306350708008,0.01609908396988358,0.5744621250901453,0.5662518952786337,0.008210229811511538
fusion_aug,42,test,A30,20260925,0.7403095960617065,0.7385262250900269,-0.0017833709716796875,-0.0024089529315395224,0.5744621250901453,0.5827393706181585,-0.008277245528013233
fusion_aug,42,test,V30,20260925,0.7403095960617065,0.7394199371337891,-0.0008896589279174805,-0.001201739019256648,0.5744621250901453,0.5733398733139182,0.0011222517762270456
fusion_aug,42,test,TAV30,20260925,0.7403095960617065,0.7541545033454895,0.013844907283782959,0.018701509959394007,0.5744621250901453,0.5656659354072399,0.008796189682905409
fusion_aug,42,test,T30,20260926,0.7403095960617065,0.7671118378639221,0.026802241802215576,0.03620409885917722,0.5744621250901453,0.5460789972616923,0.02838312782845298
fusion_aug,42,test,A30,20260926,0.7403095960617065,0.7416718602180481,0.0013622641563415527,0.001840127648741169,0.5744621250901453,0.5745875532644259,-0.00012542817428062847
fusion_aug,42,test,V30,20260926,0.7403095960617065,0.7429947853088379,0.0026851892471313477,0.0036271166298748486,0.5744621250901453,0.5719158011856588,0.0025463239044865027
fusion_aug,42,test,TAV30,20260926,0.7403095960617065,0.7684087157249451,0.028099119663238525,0.03795590360130412,0.5744621250901453,0.5437927824156029,0.030669342674542355
fusion_aug,43,valid,T30,20260924,0.6347895264625549,0.6470081806182861,0.012218654155731201,0.01924835500015446,0.5505063823490471,0.5508852059519207,-0.000378823602873557
fusion_aug,43,valid,A30,20260924,0.6347895264625549,0.633598804473877,-0.0011907219886779785,-0.0018757744717582655,0.5505063823490471,0.5568506962858488,-0.006344313936801682
fusion_aug,43,valid,V30,20260924,0.6347895264625549,0.6316967606544495,-0.0030927658081054688,-0.004872112218581012,0.5505063823490471,0.5549867995440853,-0.004480417195038111
fusion_aug,43,valid,TAV30,20260924,0.6347895264625549,0.6477319002151489,0.012942373752593994,0.020388448789817014,0.5505063823490471,0.5454882567830875,0.005018125565959597
fusion_aug,43,valid,T30,20260925,0.6347895264625549,0.6703783869743347,0.035588860511779785,0.05606403229445706,0.5505063823490471,0.5180884599546611,0.03241792239438601
fusion_aug,43,valid,A30,20260925,0.6347895264625549,0.6355802416801453,0.000790715217590332,0.001245633685855992,0.5505063823490471,0.5599397999301959,-0.009433417581148795
fusion_aug,43,valid,V30,20260925,0.6347895264625549,0.6332053542137146,-0.001584172248840332,-0.002495586620132712,0.5505063823490471,0.5541944100247963,-0.0036880276757491615
fusion_aug,43,valid,TAV30,20260925,0.6347895264625549,0.6710097193717957,0.03622019290924072,0.05705858619168205,0.5505063823490471,0.5279743361616395,0.022532046187407673
fusion_aug,43,valid,T30,20260926,0.6347895264625549,0.653297483921051,0.018507957458496094,0.029156053600370553,0.5505063823490471,0.5606583917970859,-0.010152009448038735
fusion_aug,43,valid,A30,20260926,0.6347895264625549,0.6343385577201843,-0.00045096874237060547,-0.0007104224685049325,0.5505063823490471,0.5530992602393039,-0.0025928778902567506
fusion_aug,43,valid,V30,20260926,0.6347895264625549,0.6355453133583069,0.0007557868957519531,0.0011906102168441112,0.5505063823490471,0.5524715354446345,-0.001965153095587313
fusion_aug,43,valid,TAV30,20260926,0.6347895264625549,0.6535612940788269,0.018771767616271973,0.029571640415808412,0.5505063823490471,0.5586340948033565,-0.008127712454309322
fusion_aug,43,test,T30,20260924,0.7391436100006104,0.7519347667694092,0.012791156768798828,0.017305374213798946,0.5765271765271766,0.5650521319638967,0.011475044563279857
fusion_aug,43,test,A30,20260924,0.7391436100006104,0.7385889291763306,-0.0005546808242797852,-0.0007504371502032293,0.5765271765271766,0.5763655866945773,0.00016158983259928483
fusion_aug,43,test,V30,20260924,0.7391436100006104,0.736696183681488,-0.0024474263191223145,-0.0033111648210288843,0.5765271765271766,0.5774714847885579,-0.0009443082613813658
fusion_aug,43,test,TAV30,20260924,0.7391436100006104,0.7475318312644958,0.008388221263885498,0.011348567653691239,0.5765271765271766,0.5632961939594777,0.013230982567698835
fusion_aug,43,test,T30,20260925,0.7391436100006104,0.7537972927093506,0.014653682708740234,0.019825217333243446,0.5765271765271766,0.54345262231409,0.03307455421308658
fusion_aug,43,test,A30,20260925,0.7391436100006104,0.7342663407325745,-0.004877269268035889,-0.006598540800524354,0.5765271765271766,0.5822211879480602,-0.00569401142088366
fusion_aug,43,test,V30,20260925,0.7391436100006104,0.7351482510566711,-0.003995358943939209,-0.005405389277377247,0.5765271765271766,0.5830420851470871,-0.006514908619910553
fusion_aug,43,test,TAV30,20260925,0.7391436100006104,0.7419485449790955,0.0028049349784851074,0.0037948443854947094,0.5765271765271766,0.5620943625726513,0.014432813954525225
fusion_aug,43,test,T30,20260926,0.7391436100006104,0.7552056908607483,0.01606208086013794,0.02173066321999953,0.5765271765271766,0.541925693578983,0.03460148294819354
fusion_aug,43,test,A30,20260926,0.7391436100006104,0.7390985488891602,-4.506111145019531e-05,-6.096394643817336e-05,0.5765271765271766,0.5762236484930243,0.00030352803415223395
fusion_aug,43,test,V30,20260926,0.7391436100006104,0.7363448143005371,-0.002798795700073242,-0.0037865384509932123,0.5765271765271766,0.5803102807822572,-0.0037831042550806604
fusion_aug,43,test,TAV30,20260926,0.7391436100006104,0.7488483190536499,0.00970470905303955,0.013129666443347237,0.5765271765271766,0.5525872511158657,0.023939925411310847
fusion_aug,44,valid,T30,20260924,0.6458020806312561,0.6710228323936462,0.025220751762390137,0.039053376442729104,0.5658778649466206,0.5596348554670391,0.006243009479581563
fusion_aug,44,valid,A30,20260924,0.6458020806312561,0.6424843072891235,-0.0033177733421325684,-0.0051374460405725604,0.5658778649466206,0.5537342451059265,0.01214361984069412
fusion_aug,44,valid,V30,20260924,0.6458020806312561,0.6391632556915283,-0.006638824939727783,-0.01027996833524985,0.5658778649466206,0.5625930942120198,0.0032847707346008725
fusion_aug,44,valid,TAV30,20260924,0.6458020806312561,0.6617766618728638,0.015974581241607666,0.0247360324791659,0.5658778649466206,0.5552483358934972,0.010629529053123421
fusion_aug,44,valid,T30,20260925,0.6458020806312561,0.6705476641654968,0.024745583534240723,0.03831759648413103,0.5658778649466206,0.5437922361241665,0.02208562882245413
fusion_aug,44,valid,A30,20260925,0.6458020806312561,0.6418686509132385,-0.003933429718017578,-0.006090766561440534,0.5658778649466206,0.5631738092500425,0.002704055696578167
fusion_aug,44,valid,V30,20260925,0.6458020806312561,0.6395624279975891,-0.006239652633666992,-0.009661865176352298,0.5658778649466206,0.5633380176969768,0.002539847249643845
fusion_aug,44,valid,TAV30,20260925,0.6458020806312561,0.6620320677757263,0.016229987144470215,0.025131518821688823,0.5658778649466206,0.5449970581831153,0.020880806763505344
fusion_aug,44,valid,T30,20260926,0.6458020806312561,0.6557962894439697,0.009994208812713623,0.015475652854733022,0.5658778649466206,0.5598177851102575,0.006060079836363141
fusion_aug,44,valid,A30,20260926,0.6458020806312561,0.6420691609382629,-0.003732919692993164,-0.0057802844012895165,0.5658778649466206,0.5626828054114679,0.0031950595351527555
fusion_aug,44,valid,V30,20260926,0.6458020806312561,0.6400139927864075,-0.005788087844848633,-0.00896263424730827,0.5658778649466206,0.5640932368282979,0.0017846281183226953
fusion_aug,44,valid,TAV30,20260926,0.6458020806312561,0.6487796902656555,0.002977609634399414,0.004610715455560118,0.5658778649466206,0.5688817776297367,-0.003003912683116061
fusion_aug,44,test,T30,20260924,0.724469780921936,0.7501763105392456,0.02570652961730957,0.035483232419434116,0.5428358022625432,0.5322363259452566,0.010599476317286638
fusion_aug,44,test,A30,20260924,0.724469780921936,0.723014235496521,-0.001455545425415039,-0.0020091182044374035,0.5428358022625432,0.548842860065443,-0.0060070578028997845
fusion_aug,44,test,V30,20260924,0.724469780921936,0.7193877100944519,-0.005082070827484131,-0.007014883106672658,0.5428358022625432,0.5454219379068737,-0.0025861356443304118
fusion_aug,44,test,TAV30,20260924,0.724469780921936,0.7443671226501465,0.01989734172821045,0.02746469521874295,0.5428358022625432,0.5269351983828536,0.015900603879689612
fusion_aug,44,test,T30,20260925,0.724469780921936,0.7386224269866943,0.0141526460647583,0.01953517791556208,0.5428358022625432,0.5309133336368401,0.01192246862570312
fusion_aug,44,test,A30,20260925,0.724469780921936,0.720239520072937,-0.0042302608489990234,-0.005839112907671228,0.5428358022625432,0.5541765145166715,-0.011340712254128249
fusion_aug,44,test,V30,20260925,0.724469780921936,0.71848464012146,-0.005985140800476074,-0.008261408492234947,0.5428358022625432,0.5451657800447166,-0.0023299777821733647
fusion_aug,44,test,TAV30,20260925,0.724469780921936,0.731010913848877,0.006541132926940918,0.009028855446002028,0.5428358022625432,0.5372490318333787,0.005586770429164556
fusion_aug,44,test,T30,20260926,0.724469780921936,0.7304880619049072,0.006018280982971191,0.008307152543081269,0.5428358022625432,0.5465243797014763,-0.0036885774389330273
fusion_aug,44,test,A30,20260926,0.724469780921936,0.7226592898368835,-0.0018104910850524902,-0.0024990567346349765,0.5428358022625432,0.5523748313261213,-0.009539029063578064
fusion_aug,44,test,V30,20260926,0.724469780921936,0.7208050489425659,-0.003664731979370117,-0.005058502198264919,0.5428358022625432,0.5441162167929416,-0.0012804145303983994
fusion_aug,44,test,TAV30,20260926,0.724469780921936,0.731141209602356,0.006671428680419922,0.009208705257423,0.5428358022625432,0.5514071239511732,-0.008571321688629951
fusion_clean,42,valid,T30,20260924,0.6456804871559143,0.6585131883621216,0.012832701206207275,0.01987469260954842,0.5570333560432523,0.5394105849601264,0.017622771083125932
fusion_clean,42,valid,A30,20260924,0.6456804871559143,0.646093487739563,0.00041300058364868164,0.0006396361542035468,0.5570333560432523,0.5591315317717208,-0.0020981757284684877
fusion_clean,42,valid,V30,20260924,0.6456804871559143,0.6488704085350037,0.0031899213790893555,0.004940402323663648,0.5570333560432523,0.5513602144400246,0.005673141603227738
fusion_clean,42,valid,TAV30,20260924,0.6456804871559143,0.6634738445281982,0.017793357372283936,0.027557526866980143,0.5570333560432523,0.5281975156975157,0.028835840345736607
fusion_clean,42,valid,T30,20260925,0.6456804871559143,0.6719344258308411,0.026253938674926758,0.04066088289359617,0.5570333560432523,0.5222768964116944,0.034756459631557934
fusion_clean,42,valid,A30,20260925,0.6456804871559143,0.6470810770988464,0.001400589942932129,0.002169168761938944,0.5570333560432523,0.5597024709462045,-0.0026691149029521855
fusion_clean,42,valid,V30,20260925,0.6456804871559143,0.6505174040794373,0.004836916923522949,0.007491192656027973,0.5570333560432523,0.5455260498774147,0.011507306165837616
fusion_clean,42,valid,TAV30,20260925,0.6456804871559143,0.6757497191429138,0.03006923198699951,0.046569832270211706,0.5570333560432523,0.5246055563670043,0.03242779967624798
fusion_clean,42,valid,T30,20260926,0.6456804871559143,0.664072573184967,0.018392086029052734,0.028484810049109546,0.5570333560432523,0.5319767287699279,0.025056627273324472
fusion_clean,42,valid,A30,20260926,0.6456804871559143,0.6483275294303894,0.0026470422744750977,0.004099616338314261,0.5570333560432523,0.5611813751491667,-0.004148019105914336
fusion_clean,42,valid,V30,20260926,0.6456804871559143,0.6494434475898743,0.003762960433959961,0.005827898641532446,0.5570333560432523,0.5530179278978071,0.004015428145445199
fusion_clean,42,valid,TAV30,20260926,0.6456804871559143,0.6700116395950317,0.02433115243911743,0.03768296072611858,0.5570333560432523,0.5424987823616954,0.014534573681556973
fusion_clean,42,test,T30,20260924,0.7241377830505371,0.7503180503845215,0.026180267333984375,0.03615370989716369,0.5788950003060194,0.5511815776741881,0.027713422631831297
fusion_clean,42,test,A30,20260924,0.7241377830505371,0.7242189049720764,8.112192153930664e-05,0.00011202553359053935,0.5788950003060194,0.5864271298502239,-0.007532129544204569
fusion_clean,42,test,V30,20260924,0.7241377830505371,0.7266235947608948,0.002485811710357666,0.0034327883015381655,0.5788950003060194,0.5762818404194839,0.002613159886535432
fusion_clean,42,test,TAV30,20260924,0.7241377830505371,0.7496709227561951,0.02553313970565796,0.035260057275420496,0.5788950003060194,0.5540236076019612,0.024871392704058137
fusion_clean,42,test,T30,20260925,0.7241377830505371,0.7509711980819702,0.026833415031433105,0.03705567594939376,0.5788950003060194,0.5471603139083662,0.0317346863976532
fusion_clean,42,test,A30,20260925,0.7241377830505371,0.7228325605392456,-0.001305222511291504,-0.0018024505029872377,0.5788950003060194,0.585579226289029,-0.006684225983009662
fusion_clean,42,test,V30,20260925,0.7241377830505371,0.7238653898239136,-0.00027239322662353516,-0.00037616215173311157,0.5788950003060194,0.5813694252605855,-0.002474424954566179
fusion_clean,42,test,TAV30,20260925,0.7241377830505371,0.7524036169052124,0.028265833854675293,0.039033778538113705,0.5788950003060194,0.5487190991484693,0.03017590115755009
fusion_clean,42,test,T30,20260926,0.7241377830505371,0.7501187324523926,0.02598094940185547,0.035878461267974296,0.5788950003060194,0.5457411764444688,0.033153823861550524
fusion_clean,42,test,A30,20260926,0.7241377830505371,0.7250968217849731,0.0009590387344360352,0.0013243870943951345,0.5788950003060194,0.5825705897697127,-0.003675589463693285
fusion_clean,42,test,V30,20260926,0.7241377830505371,0.7265302538871765,0.0023924708366394043,0.003303888973395047,0.5788950003060194,0.5850797107106842,-0.006184710404664839
fusion_clean,42,test,TAV30,20260926,0.7241377830505371,0.7492184638977051,0.02508068084716797,0.03463523300981742,0.5788950003060194,0.5547556697747466,0.024139330531272818
fusion_clean,43,valid,T30,20260924,0.6248404383659363,0.6511236429214478,0.026283204555511475,0.042063866135563364,0.565761747330686,0.5202698782729871,0.045491869057698864
fusion_clean,43,valid,A30,20260924,0.6248404383659363,0.6253310441970825,0.0004906058311462402,0.0007851697825916288,0.565761747330686,0.5651250560696979,0.000636691260988087
fusion_clean,43,valid,V30,20260924,0.6248404383659363,0.6256040930747986,0.0007636547088623047,0.0012221595498194567,0.565761747330686,0.5620186272124322,0.003743120118253729
fusion_clean,43,valid,TAV30,20260924,0.6248404383659363,0.6501467823982239,0.025306344032287598,0.04050049017068738,0.565761747330686,0.5175924915473483,0.04816925578333764
fusion_clean,43,valid,T30,20260925,0.6248404383659363,0.659771740436554,0.034931302070617676,0.05590435561752206,0.565761747330686,0.5277126719626046,0.03804907536808133
fusion_clean,43,valid,A30,20260925,0.6248404383659363,0.6259291172027588,0.0010886788368225098,0.001742330953594472,0.565761747330686,0.566948695210593,-0.0011869478799070299
fusion_clean,43,valid,V30,20260925,0.6248404383659363,0.6256299018859863,0.0007894635200500488,0.001263464192737957,0.565761747330686,0.5617338036290654,0.004027943701620518
fusion_clean,43,valid,TAV30,20260925,0.6248404383659363,0.6586946845054626,0.03385424613952637,0.054180626062008665,0.565761747330686,0.5282220457753579,0.03753970155532804
fusion_clean,43,valid,T30,20260926,0.6248404383659363,0.6443988084793091,0.019558370113372803,0.0313013833812057,0.565761747330686,0.5467107377943203,0.019051009536365626
fusion_clean,43,valid,A30,20260926,0.6248404383659363,0.6257122159004211,0.0008717775344848633,0.0013952002478660143,0.565761747330686,0.5666104585070103,-0.000848711176324346
fusion_clean,43,valid,V30,20260926,0.6248404383659363,0.6269855499267578,0.002145111560821533,0.0034330549514870767,0.565761747330686,0.5615678592399117,0.004193888090774256
fusion_clean,43,valid,TAV30,20260926,0.6248404383659363,0.6446314454078674,0.019791007041931152,0.03167369751818239,0.565761747330686,0.5380270797912003,0.027734667539485613
fusion_clean,43,test,T30,20260924,0.7159522175788879,0.739559531211853,0.023607313632965088,0.03297330890711836,0.5862169797255548,0.5706247673198632,0.01559221240569153
fusion_clean,43,test,A30,20260924,0.7159522175788879,0.7155105471611023,-0.00044167041778564453,-0.0006168992943121636,0.5862169797255548,0.5878269434966055,-0.0016099637710507153
fusion_clean,43,test,V30,20260924,0.7159522175788879,0.7143715023994446,-0.0015807151794433594,-0.002207850105959322,0.5862169797255548,0.5900560445134246,-0.0038390647878698836
fusion_clean,43,test,TAV30,20260924,0.7159522175788879,0.7321890592575073,0.016236841678619385,0.022678666648351168,0.5862169797255548,0.5732587377420165,0.012958241983538232
fusion_clean,43,test,T30,20260925,0.7159522175788879,0.7409906983375549,0.025038480758666992,0.03497227907658251,0.5862169797255548,0.5600754458399767,0.02614153388557805
fusion_clean,43,test,A30,20260925,0.7159522175788879,0.7129809856414795,-0.0029712319374084473,-0.004150042229712151,0.5862169797255548,0.5871038977727997,-0.0008869180472449445
fusion_clean,43,test,V30,20260925,0.7159522175788879,0.711919367313385,-0.00403285026550293,-0.0056328483472551935,0.5862169797255548,0.5972659324453358,-0.011048952719781013
fusion_clean,43,test,TAV30,20260925,0.7159522175788879,0.7312313318252563,0.015279114246368408,0.021340969231211107,0.5862169797255548,0.5669049470803679,0.019312032645186883
fusion_clean,43,test,T30,20260926,0.7159522175788879,0.7405864596366882,0.024634242057800293,0.03440766220559397,0.5862169797255548,0.5681919802802431,0.018024999445311662
fusion_clean,43,test,A30,20260926,0.7159522175788879,0.7164964079856873,0.0005441904067993164,0.0007600931925870517,0.5862169797255548,0.5845857286160758,0.0016312511094789262
fusion_clean,43,test,V30,20260926,0.7159522175788879,0.7147544026374817,-0.00119781494140625,-0.0016730375463559026,0.5862169797255548,0.5881803926705605,-0.0019634129450057936
fusion_clean,43,test,TAV30,20260926,0.7159522175788879,0.7385134696960449,0.022561252117156982,0.03151223163111587,0.5862169797255548,0.5586546995576622,0.027562280167892528
fusion_clean,44,valid,T30,20260924,0.6376824975013733,0.6591863632202148,0.021503865718841553,0.03372190048041148,0.5659031542696608,0.5369521667126208,0.028950987557039953
fusion_clean,44,valid,A30,20260924,0.6376824975013733,0.6353357434272766,-0.0023467540740966797,-0.0036801293485268127,0.5659031542696608,0.5632088297514872,0.00269432451817353
fusion_clean,44,valid,V30,20260924,0.6376824975013733,0.6342315077781677,-0.0034509897232055664,-0.005411767982855973,0.5659031542696608,0.5657218842584696,0.00018127001119117025
fusion_clean,44,valid,TAV30,20260924,0.6376824975013733,0.6482039093971252,0.010521411895751953,0.016499452214821523,0.5659031542696608,0.5433967088765644,0.02250644539309632
fusion_clean,44,valid,T30,20260925,0.6376824975013733,0.6739481687545776,0.036265671253204346,0.056871046947821,0.5659031542696608,0.5283584136366158,0.037544740633044915
fusion_clean,44,valid,A30,20260925,0.6376824975013733,0.6390348076820374,0.0013523101806640625,0.0021206637879553065,0.5659031542696608,0.5585563537076075,0.0073468005620532795
fusion_clean,44,valid,V30,20260925,0.6376824975013733,0.6345808506011963,-0.003101646900177002,-0.0048639360690157915,0.5659031542696608,0.572073004171299,-0.006169849901638269
fusion_clean,44,valid,TAV30,20260925,0.6376824975013733,0.6684132218360901,0.030730724334716797,0.04819126203891242,0.5659031542696608,0.5231258017007934,0.04277735256886739
fusion_clean,44,valid,T30,20260926,0.6376824975013733,0.6569018363952637,0.01921933889389038,0.030139354567825488,0.5659031542696608,0.5529032282081062,0.012999926061554534
fusion_clean,44,valid,A30,20260926,0.6376824975013733,0.6401500701904297,0.0024675726890563965,0.003869594506239498,0.5659031542696608,0.5599988349144797,0.005904319355181098
fusion_clean,44,valid,V30,20260926,0.6376824975013733,0.6352605223655701,-0.0024219751358032227,-0.003798089402317345,0.5659031542696608,0.571140169676755,-0.005237015407094203
fusion_clean,44,valid,TAV30,20260926,0.6376824975013733,0.647714376449585,0.01003187894821167,0.01573177715794225,0.5659031542696608,0.5697657424951781,-0.003862588225517327
fusion_clean,44,test,T30,20260924,0.7132313847541809,0.7505185604095459,0.03728717565536499,0.052279213243281795,0.5643077100130619,0.5407390987820668,0.023568611230995073
fusion_clean,44,test,A30,20260924,0.7132313847541809,0.7096483707427979,-0.0035830140113830566,-0.00502363480908508,0.5643077100130619,0.5754338813472464,-0.011126171334184476
fusion_clean,44,test,V30,20260924,0.7132313847541809,0.7086746096611023,-0.004556775093078613,-0.006388915561601556,0.5643077100130619,0.5802512704686618,-0.01594356045559986
fusion_clean,44,test,TAV30,20260924,0.7132313847541809,0.7433467507362366,0.030115365982055664,0.042223837348990316,0.5643077100130619,0.5443839184200981,0.019923791592963758
fusion_clean,44,test,T30,20260925,0.7132313847541809,0.7327609658241272,0.01952958106994629,0.027381830759841373,0.5643077100130619,0.5607149248673249,0.003592785145737021
fusion_clean,44,test,A30,20260925,0.7132313847541809,0.7108135223388672,-0.0024178624153137207,-0.003390011245995646,0.5643077100130619,0.5716002853121588,-0.007292575299096882
fusion_clean,44,test,V30,20260925,0.7132313847541809,0.7079069018363953,-0.0053244829177856445,-0.007465295318742538,0.5643077100130619,0.579505785856294,-0.015198075843232073
fusion_clean,44,test,TAV30,20260925,0.7132313847541809,0.7295875549316406,0.016356170177459717,0.022932488007516606,0.5643077100130619,0.5600556845255548,0.004252025487507138
fusion_clean,44,test,T30,20260926,0.7132313847541809,0.7367516756057739,0.023520290851593018,0.0329770833902653,0.5643077100130619,0.5500426257459505,0.014265084267111372
fusion_clean,44,test,A30,20260926,0.7132313847541809,0.7136740684509277,0.00044268369674682617,0.000620673327351403,0.5643077100130619,0.5659442616027236,-0.0016365515896616945
fusion_clean,44,test,V30,20260926,0.7132313847541809,0.7088282108306885,-0.004403173923492432,-0.006173556040316439,0.5643077100130619,0.5810931529363228,-0.016785442923260896
fusion_clean,44,test,TAV30,20260926,0.7132313847541809,0.734066903591156,0.020835518836975098,0.029212846324977934,0.5643077100130619,0.5561788322874476,0.008128877725614325
robust_nogate,42,valid,T30,20260924,0.6447890996932983,0.6533395051956177,0.008550405502319336,0.01326077861177622,0.54851696520668,0.5310721550532888,0.017444810153391277
robust_nogate,42,valid,A30,20260924,0.6447890996932983,0.6444112658500671,-0.00037783384323120117,-0.0005859805065112335,0.54851696520668,0.5540190585332255,-0.0055020933265454985
robust_nogate,42,valid,V30,20260924,0.6447890996932983,0.643437922000885,-0.00135117769241333,-0.002095534327512723,0.54851696520668,0.5503578383279929,-0.0018408731213128693
robust_nogate,42,valid,TAV30,20260924,0.6447890996932983,0.6490908861160278,0.004301786422729492,0.006671617781342285,0.54851696520668,0.544989759344598,0.0035272058620819946
robust_nogate,42,valid,T30,20260925,0.6447890996932983,0.6847003102302551,0.03991121053695679,0.06189808505748784,0.54851696520668,0.5183834350566165,0.03013353015006348
robust_nogate,42,valid,A30,20260925,0.6447890996932983,0.6454024314880371,0.0006133317947387695,0.0009512130323395792,0.54851696520668,0.5495426954144932,-0.001025730207813158
robust_nogate,42,valid,V30,20260925,0.6447890996932983,0.6416603326797485,-0.0031287670135498047,-0.004852388191794868,0.54851696520668,0.5551054975892198,-0.006588532382539758
robust_nogate,42,valid,TAV30,20260925,0.6447890996932983,0.6822783946990967,0.03748929500579834,0.058141949086345554,0.54851696520668,0.5219288261628349,0.02658813904384516
robust_nogate,42,valid,T30,20260926,0.6447890996932983,0.6668262481689453,0.022037148475646973,0.0341772968651753,0.54851696520668,0.5401224575401787,0.008394507666501294
robust_nogate,42,valid,A30,20260926,0.6447890996932983,0.6467980742454529,0.002008974552154541,0.0031157079936837235,0.54851696520668,0.5495891148065061,-0.0010721495998260444
robust_nogate,42,valid,V30,20260926,0.6447890996932983,0.6469117999076843,0.0021227002143859863,0.003292084520963016,0.54851696520668,0.5506427749474377,-0.0021258097407577115
robust_nogate,42,valid,TAV30,20260926,0.6447890996932983,0.6673777103424072,0.022588610649108887,0.03503255662952961,0.54851696520668,0.536587106126664,0.011929859080015981
robust_nogate,42,test,T30,20260924,0.7412972450256348,0.7560151815414429,0.014717936515808105,0.01985429814365376,0.5789959919210524,0.5717226890756303,0.007273302845422158
robust_nogate,42,test,A30,20260924,0.7412972450256348,0.7423843145370483,0.0010870695114135742,0.0014664421306138568,0.5789959919210524,0.5791725265220945,-0.00017653460104205543
robust_nogate,42,test,V30,20260924,0.7412972450256348,0.741859495639801,0.0005622506141662598,0.0007584685063099305,0.5789959919210524,0.5773623441183626,0.0016336478026898194
robust_nogate,42,test,TAV30,20260924,0.7412972450256348,0.7547444701194763,0.013447225093841553,0.018140125548930828,0.5789959919210524,0.5770796338097622,0.0019163581112902062
robust_nogate,42,test,T30,20260925,0.7412972450256348,0.7543304562568665,0.01303321123123169,0.017581626424068242,0.5789959919210524,0.5682664286467664,0.010729563274286091
robust_nogate,42,test,A30,20260925,0.7412972450256348,0.7406836748123169,-0.0006135702133178711,-0.0008276979544105189,0.5789959919210524,0.5814445596441722,-0.0024485677231197434
robust_nogate,42,test,V30,20260925,0.7412972450256348,0.7411695718765259,-0.00012767314910888672,-0.00017222935868926864,0.5789959919210524,0.5789000136511699,9.59782698825018e-05
robust_nogate,42,test,TAV30,20260925,0.7412972450256348,0.7562506198883057,0.014953374862670898,0.020171901302767956,0.5789959919210524,0.5699810023856197,0.009014989535432782
robust_nogate,42,test,T30,20260926,0.7412972450256348,0.768701434135437,0.027404189109802246,0.03696788203880966,0.5789959919210524,0.5456823221154835,0.033313669805568935
robust_nogate,42,test,A30,20260926,0.7412972450256348,0.7445387244224548,0.0032414793968200684,0.004372712051166432,0.5789959919210524,0.5725583951174017,0.006437596803650747
robust_nogate,42,test,V30,20260926,0.7412972450256348,0.7453243732452393,0.004027128219604492,0.005432541732251049,0.5789959919210524,0.5766712833555774,0.0023247085654750643
robust_nogate,42,test,TAV30,20260926,0.7412972450256348,0.7713683247566223,0.03007107973098755,0.040565481570011316,0.5789959919210524,0.5392245272528247,0.039771464668227785
robust_nogate,43,valid,T30,20260924,0.6320091485977173,0.6517131924629211,0.019704043865203857,0.03117683329256007,0.5586838724093627,0.5501628755824416,0.00852099682692109
robust_nogate,43,valid,A30,20260924,0.6320091485977173,0.6320456266403198,3.647804260253906e-05,5.7717586341076606e-05,0.5586838724093627,0.5587494730583367,-6.560064897398465e-05
robust_nogate,43,valid,V30,20260924,0.6320091485977173,0.6314169764518738,-0.0005921721458435059,-0.0009369676802264642,0.5586838724093627,0.5593869731800766,-0.0007031007707138937
robust_nogate,43,valid,TAV30,20260924,0.6320091485977173,0.6519532799720764,0.01994413137435913,0.03155671309285722,0.5586838724093627,0.5412248503721372,0.01745902203722549
robust_nogate,43,valid,T30,20260925,0.6320091485977173,0.6707193851470947,0.03871023654937744,0.06124948766211144,0.5586838724093627,0.5195142345328371,0.03916963787652561
robust_nogate,43,valid,A30,20260925,0.6320091485977173,0.6334116458892822,0.0014024972915649414,0.0022191091611201514,0.5586838724093627,0.5620225881812685,-0.003338715771905809
robust_nogate,43,valid,V30,20260925,0.6320091485977173,0.6328908801078796,0.0008817315101623535,0.0013951245992541606,0.5586838724093627,0.5589929826555351,-0.0003091102461724171
robust_nogate,43,valid,TAV30,20260925,0.6320091485977173,0.6737602949142456,0.04175114631652832,0.06606098409993669,0.5586838724093627,0.5171811995838304,0.04150267282553233
robust_nogate,43,valid,T30,20260926,0.6320091485977173,0.6537591218948364,0.02174997329711914,0.03441401654608532,0.5586838724093627,0.5589652706202016,-0.00028139821083894567
robust_nogate,43,valid,A30,20260926,0.6320091485977173,0.634765625,0.002756476402282715,0.0043614501600154065,0.5586838724093627,0.5571780021501119,0.0015058702592507522
robust_nogate,43,valid,V30,20260926,0.6320091485977173,0.633678674697876,0.0016695261001586914,0.0026416169827018885,0.5586838724093627,0.5611315729561661,-0.002447700546803433
robust_nogate,43,valid,TAV30,20260926,0.6320091485977173,0.6549394726753235,0.0229303240776062,0.03628163315117085,0.5586838724093627,0.5549781178583361,0.0037057545510266188
robust_nogate,43,test,T30,20260924,0.740921139717102,0.7535871267318726,0.012665987014770508,0.01709491919694264,0.5706700657466083,0.5610236278670793,0.009646437879529013
robust_nogate,43,test,A30,20260924,0.740921139717102,0.7404924631118774,-0.0004286766052246094,-0.0005785725123031128,0.5706700657466083,0.56909554841958,0.0015745173270282908
robust_nogate,43,test,V30,20260924,0.740921139717102,0.7381143569946289,-0.0028067827224731445,-0.003788234094042489,0.5706700657466083,0.5791774390356733,-0.008507373289065034
robust_nogate,43,test,TAV30,20260924,0.740921139717102,0.7497885823249817,0.008867442607879639,0.011968132818109899,0.5706700657466083,0.5613661911516974,0.009303874594910888
robust_nogate,43,test,T30,20260925,0.740921139717102,0.7549187541007996,0.01399761438369751,0.018892178442960973,0.5706700657466083,0.5421602034183378,0.028509862328270463
robust_nogate,43,test,A30,20260925,0.740921139717102,0.7370221018791199,-0.0038990378379821777,-0.005262419478908248,0.5706700657466083,0.5750196241797038,-0.0043495584330954795
robust_nogate,43,test,V30,20260925,0.740921139717102,0.7358219027519226,-0.005099236965179443,-0.006882293798671246,0.5706700657466083,0.5803801169590643,-0.00971005121245605
robust_nogate,43,test,TAV30,20260925,0.740921139717102,0.7429437637329102,0.0020226240158081055,0.0027298775907249485,0.5706700657466083,0.5592439138654414,0.011426151881166913
robust_nogate,43,test,T30,20260926,0.740921139717102,0.7564756274223328,0.015554487705230713,0.020993445687309875,0.5706700657466083,0.5422484487000616,0.028421617046546666
robust_nogate,43,test,A30,20260926,0.740921139717102,0.7410995960235596,0.00017845630645751953,0.00024085735565010006,0.5706700657466083,0.5657034416376785,0.004966624108929785
robust_nogate,43,test,V30,20260926,0.740921139717102,0.7382757067680359,-0.002645432949066162,-0.0035704649351430834,0.5706700657466083,0.5771040329969187,-0.006433967250310424
robust_nogate,43,test,TAV30,20260926,0.740921139717102,0.7498985528945923,0.008977413177490234,0.012116556940078647,0.5706700657466083,0.5540761100083135,0.016593955738294808
robust_nogate,44,valid,T30,20260924,0.6406630873680115,0.6636143326759338,0.022951245307922363,0.03582420426656897,0.5661275452942119,0.5452397138090967,0.020887831485115194
robust_nogate,44,valid,A30,20260924,0.6406630873680115,0.639752209186554,-0.0009108781814575195,-0.001421774095335526,0.5661275452942119,0.5592667682590163,0.006860777035195609
robust_nogate,44,valid,V30,20260924,0.6406630873680115,0.6383872628211975,-0.002275824546813965,-0.0035522954134341745,0.5661275452942119,0.5605796399493173,0.005547905344894688
robust_nogate,44,valid,TAV30,20260924,0.6406630873680115,0.6576414108276367,0.016978323459625244,0.02650117322878087,0.5661275452942119,0.5524691580531259,0.013658387241086034
robust_nogate,44,valid,T30,20260925,0.6406630873680115,0.675701379776001,0.0350382924079895,0.054690668307323144,0.5661275452942119,0.5354799117580548,0.03064763353615718
robust_nogate,44,valid,A30,20260925,0.6406630873680115,0.641165554523468,0.000502467155456543,0.0007842923454834763,0.5661275452942119,0.5615611400785826,0.004566405215629343
robust_nogate,44,valid,V30,20260925,0.6406630873680115,0.6397585868835449,-0.0009045004844665527,-0.0014118192577356763,0.5661275452942119,0.5577448263815231,0.008382718912688825
robust_nogate,44,valid,TAV30,20260925,0.6406630873680115,0.673774242401123,0.03311115503311157,0.05168263270659102,0.5661275452942119,0.5329123296820645,0.033215215612147464
robust_nogate,44,valid,T30,20260926,0.6406630873680115,0.6609070897102356,0.02024400234222412,0.03159851525923095,0.5661275452942119,0.5498422431920672,0.01628530210214474
robust_nogate,44,valid,A30,20260926,0.6406630873680115,0.6412190198898315,0.0005559325218200684,0.0008677455167644582,0.5661275452942119,0.5628744311663021,0.0032531141279098508
robust_nogate,44,valid,V30,20260926,0.6406630873680115,0.6401402950286865,-0.0005227923393249512,-0.000816017575591408,0.5661275452942119,0.5588720228243566,0.007255522469855391
robust_nogate,44,valid,TAV30,20260926,0.6406630873680115,0.657543957233429,0.01688086986541748,0.02634905958882055,0.5661275452942119,0.5538968193430436,0.012230725951168364
robust_nogate,44,test,T30,20260924,0.7249847650527954,0.7446556091308594,0.019670844078063965,0.02713276888878,0.5532894190982426,0.5457840444758452,0.0075053746223974205
robust_nogate,44,test,A30,20260924,0.7249847650527954,0.7240917086601257,-0.0008930563926696777,-0.001231827806208649,0.5532894190982426,0.5544129922225685,-0.0011235731243258718
robust_nogate,44,test,V30,20260924,0.7249847650527954,0.7194012999534607,-0.005583465099334717,-0.007701493008515997,0.5532894190982426,0.5622092849679056,-0.00891986586966298
robust_nogate,44,test,TAV30,20260924,0.7249847650527954,0.741843044757843,0.016858279705047607,0.023253288231263648,0.5532894190982426,0.5519039635568138,0.0013854555414287706
robust_nogate,44,test,T30,20260925,0.7249847650527954,0.7303199768066406,0.005335211753845215,0.007359067405308427,0.5532894190982426,0.5454721660999687,0.00781725299827385
robust_nogate,44,test,A30,20260925,0.7249847650527954,0.7206420302391052,-0.0043427348136901855,-0.005990104927755186,0.5532894190982426,0.5648296322563144,-0.011540213158071855
robust_nogate,44,test,V30,20260925,0.7249847650527954,0.71962571144104,-0.005359053611755371,-0.007391953417621279,0.5532894190982426,0.5614663183580089,-0.00817689925976628
robust_nogate,44,test,TAV30,20260925,0.7249847650527954,0.7287606000900269,0.0037758350372314453,0.0052081577699863504,0.5532894190982426,0.5491172126974596,0.004172206400782974
robust_nogate,44,test,T30,20260926,0.7249847650527954,0.726859450340271,0.001874685287475586,0.0025858271481595425,0.5532894190982426,0.5577348301892288,-0.004445411090986173
robust_nogate,44,test,A30,20260926,0.7249847650527954,0.724044919013977,-0.0009398460388183594,-0.0012963666053726207,0.5532894190982426,0.5616159956973421,-0.008326576599099522
robust_nogate,44,test,V30,20260926,0.7249847650527954,0.7212996482849121,-0.0036851167678833008,-0.00508302649313595,0.5532894190982426,0.5600463285199129,-0.006756909421670287
robust_nogate,44,test,TAV30,20260926,0.7249847650527954,0.7320085763931274,0.007023811340332031,0.00968821922736616,0.5532894190982426,0.5461372099956402,0.0071522091026023915
robust_norec,42,valid,T30,20260924,0.6385640501976013,0.6488745808601379,0.010310530662536621,0.016146431449352756,0.5399970460470292,0.5445029456824406,-0.00450589963541137
robust_norec,42,valid,A30,20260924,0.6385640501976013,0.6394131183624268,0.0008490681648254395,0.0013296523106220877,0.5399970460470292,0.5475939443092727,-0.007596898262243412
robust_norec,42,valid,V30,20260924,0.6385640501976013,0.6328768730163574,-0.0056871771812438965,-0.008906196926500983,0.5399970460470292,0.5531032165128472,-0.013106170465817968
robust_norec,42,valid,TAV30,20260924,0.6385640501976013,0.6472176909446716,0.008653640747070312,0.01355171927450735,0.5399970460470292,0.5463987267056646,-0.006401680658635334
robust_norec,42,valid,T30,20260925,0.6385640501976013,0.6760647296905518,0.03750067949295044,0.058726574853917926,0.5399970460470292,0.5304022066985788,0.009594839348450401
robust_norec,42,valid,A30,20260925,0.6385640501976013,0.636743426322937,-0.0018206238746643066,-0.0028511217850439924,0.5399970460470292,0.5541253257650162,-0.014128279717986914
robust_norec,42,valid,V30,20260925,0.6385640501976013,0.6341981291770935,-0.0043659210205078125,-0.0068370917829727405,0.5399970460470292,0.5501503977166715,-0.010153351669642263
robust_norec,42,valid,TAV30,20260925,0.6385640501976013,0.6794257164001465,0.040861666202545166,0.06398992581856225,0.5399970460470292,0.5153006591277902,0.024696386919239033
robust_norec,42,valid,T30,20260926,0.6385640501976013,0.6680266857147217,0.02946263551712036,0.04613888850774367,0.5399970460470292,0.5391331146031538,0.0008639314438754209
robust_norec,42,valid,A30,20260926,0.6385640501976013,0.6396106481552124,0.001046597957611084,0.0016389866565260259,0.5399970460470292,0.5466594548402156,-0.0066624087931863585
robust_norec,42,valid,V30,20260926,0.6385640501976013,0.6361363530158997,-0.00242769718170166,-0.0038018068523438145,0.5399970460470292,0.5484754139088097,-0.008478367861780467
robust_norec,42,valid,TAV30,20260926,0.6385640501976013,0.6734138131141663,0.03484976291656494,0.054575203389199266,0.5399970460470292,0.5380900495495907,0.001906996497438529
robust_norec,42,test,T30,20260924,0.7461035847663879,0.7606918215751648,0.014588236808776855,0.019552562280403155,0.563001433813289,0.5539793578704966,0.009022075942792473
robust_norec,42,test,A30,20260924,0.7461035847663879,0.741421639919281,-0.004681944847106934,-0.006275194145559419,0.563001433813289,0.5767282268644666,-0.013726793051177522
robust_norec,42,test,V30,20260924,0.7461035847663879,0.7425627708435059,-0.00354081392288208,-0.004745740397415116,0.563001433813289,0.5746739042619192,-0.011672470448630179
robust_norec,42,test,TAV30,20260924,0.7461035847663879,0.7564208507537842,0.01031726598739624,0.013828195170281447,0.563001433813289,0.563995741194523,-0.000994307381233961
robust_norec,42,test,T30,20260925,0.7461035847663879,0.7618271112442017,0.01572352647781372,0.021074187014845806,0.563001433813289,0.5542313986227034,0.008770035190585612
robust_norec,42,test,A30,20260925,0.7461035847663879,0.7408291101455688,-0.005274474620819092,-0.007069359708907684,0.563001433813289,0.5738813637676051,-0.010879929954316081
robust_norec,42,test,V30,20260925,0.7461035847663879,0.7409718632698059,-0.005131721496582031,-0.0068780282005866805,0.563001433813289,0.5749925238714405,-0.011991090058151466
robust_norec,42,test,TAV30,20260925,0.7461035847663879,0.7597939968109131,0.013690412044525146,0.018349210919301164,0.563001433813289,0.5465820861003733,0.016419347712915755
robust_norec,42,test,T30,20260926,0.7461035847663879,0.771916925907135,0.02581334114074707,0.034597529978132285,0.563001433813289,0.5435830004291675,0.019418433384121525
robust_norec,42,test,A30,20260926,0.7461035847663879,0.7455489039421082,-0.0005546808242797852,-0.0007434367500773515,0.563001433813289,0.5677722079182841,-0.004770774104995046
robust_norec,42,test,V30,20260926,0.7461035847663879,0.7427610754966736,-0.0033425092697143555,-0.0044799533710334965,0.563001433813289,0.5717949810680759,-0.008793547254786871
robust_norec,42,test,TAV30,20260926,0.7461035847663879,0.7705612778663635,0.024457693099975586,0.03278055969618953,0.563001433813289,0.5506026269864052,0.01239880682688388
robust_norec,43,valid,T30,20260924,0.6304687857627869,0.6669903993606567,0.03652161359786987,0.05792771097094581,0.5763476338326394,0.528882417215113,0.04746521661752645
robust_norec,43,valid,A30,20260924,0.6304687857627869,0.6337738633155823,0.00330507755279541,0.005242254061470605,0.5763476338326394,0.5728280741043595,0.0035195597282798863
robust_norec,43,valid,V30,20260924,0.6304687857627869,0.6224488615989685,-0.00801992416381836,-0.012720572921172098,0.5763476338326394,0.5782917905356951,-0.0019441567030556994
robust_norec,43,valid,TAV30,20260924,0.6304687857627869,0.6594254374504089,0.02895665168762207,0.04592876339244648,0.5763476338326394,0.5424524418187796,0.03389519201385982
robust_norec,43,valid,T30,20260925,0.6304687857627869,0.6818916201591492,0.051422834396362305,0.08156285538251863,0.5763476338326394,0.523395968629121,0.05295166520351846
robust_norec,43,valid,A30,20260925,0.6304687857627869,0.636603593826294,0.00613480806350708,0.009730550032044401,0.5763476338326394,0.5711445724208578,0.005203061411781618
robust_norec,43,valid,V30,20260925,0.6304687857627869,0.6203530430793762,-0.010115742683410645,-0.016044795415481015,0.5763476338326394,0.5857413240514266,-0.00939369021878722
robust_norec,43,valid,TAV30,20260925,0.6304687857627869,0.678607702255249,0.04813891649246216,0.07635416309186538,0.5763476338326394,0.5181555611937435,0.05819207263889592
robust_norec,43,valid,T30,20260926,0.6304687857627869,0.6598207950592041,0.029352009296417236,0.04655584853563376,0.5763476338326394,0.5571228051712919,0.01922482866134756
robust_norec,43,valid,A30,20260926,0.6304687857627869,0.6359034180641174,0.005434632301330566,0.00861998630868831,0.5763476338326394,0.5684356505486803,0.007911983283959145
robust_norec,43,valid,V30,20260926,0.6304687857627869,0.6224700808525085,-0.00799870491027832,-0.012686916610155263,0.5763476338326394,0.5784478774674854,-0.0021002436348459552
robust_norec,43,valid,TAV30,20260926,0.6304687857627869,0.6535399556159973,0.02307116985321045,0.036593675014849905,0.5763476338326394,0.5622263603662996,0.014121273466339845
robust_norec,43,test,T30,20260924,0.745911717414856,0.7461833953857422,0.00027167797088623047,0.00036422268821275337,0.5553552364623006,0.5719056843137696,-0.016550447851469086
robust_norec,43,test,A30,20260924,0.745911717414856,0.7479663491249084,0.0020546317100524902,0.002754523976608561,0.5553552364623006,0.5555731352382022,-0.00021789877590161488
robust_norec,43,test,V30,20260924,0.745911717414856,0.7419194579124451,-0.003992259502410889,-0.005352187677446689,0.5553552364623006,0.5585218701037119,-0.0031666336414113427
robust_norec,43,test,TAV30,20260924,0.745911717414856,0.7471731305122375,0.0012614130973815918,0.0016911024025112987,0.5553552364623006,0.5642028185863363,-0.008847582124035691
robust_norec,43,test,T30,20260925,0.745911717414856,0.7514543533325195,0.005542635917663574,0.0074306862169600555,0.5553552364623006,0.5595426203477789,-0.004187383885478346
robust_norec,43,test,A30,20260925,0.745911717414856,0.7428653240203857,-0.003046393394470215,-0.004084120578006543,0.5553552364623006,0.5601356118388545,-0.004780375376553958
robust_norec,43,test,V30,20260925,0.745911717414856,0.7372763752937317,-0.008635342121124268,-0.011576895656033143,0.5553552364623006,0.5598901009607491,-0.004534864498448532
robust_norec,43,test,TAV30,20260925,0.745911717414856,0.7431543469429016,-0.0027573704719543457,-0.0036966445325603736,0.5553552364623006,0.5696093436972007,-0.01425410723490017
robust_norec,43,test,T30,20260926,0.745911717414856,0.7571398615837097,0.01122814416885376,0.015052912974430416,0.5553552364623006,0.5441251442550424,0.011230092207258124
robust_norec,43,test,A30,20260926,0.745911717414856,0.7455154657363892,-0.0003962516784667969,-0.0005312313363840246,0.5553552364623006,0.5488226751858608,0.006532561276439752
robust_norec,43,test,V30,20260926,0.745911717414856,0.7412824630737305,-0.004629254341125488,-0.006206169219555003,0.5553552364623006,0.5567848016314462,-0.001429565169145608
robust_norec,43,test,TAV30,20260926,0.745911717414856,0.7535225749015808,0.0076108574867248535,0.010203429318823665,0.5553552364623006,0.5510920303024663,0.004263206159834221
robust_norec,44,valid,T30,20260924,0.6326536536216736,0.6651492118835449,0.03249555826187134,0.05136389883445399,0.5675131401998191,0.5592431493033638,0.008269990896455304
robust_norec,44,valid,A30,20260924,0.6326536536216736,0.6330743432044983,0.00042068958282470703,0.0006649603308483841,0.5675131401998191,0.5642083845138334,0.0033047556859857607
robust_norec,44,valid,V30,20260924,0.6326536536216736,0.6265823245048523,-0.006071329116821289,-0.009596608005131256,0.5675131401998191,0.570238865135003,-0.0027257249351838597
robust_norec,44,valid,TAV30,20260924,0.6326536536216736,0.6551498770713806,0.02249622344970703,0.03555851344716924,0.5675131401998191,0.558750826069615,0.008762314130204119
robust_norec,44,valid,T30,20260925,0.6326536536216736,0.6643676161766052,0.03171396255493164,0.05012847451900842,0.5675131401998191,0.546635709758065,0.020877430441754163
robust_norec,44,valid,A30,20260925,0.6326536536216736,0.632111132144928,-0.0005425214767456055,-0.0008575331441459326,0.5675131401998191,0.5679354763676311,-0.00042233616781195416
robust_norec,44,valid,V30,20260925,0.6326536536216736,0.627610445022583,-0.005043208599090576,-0.007971515805244066,0.5675131401998191,0.5700941102134421,-0.0025809700136230074
robust_norec,44,valid,TAV30,20260925,0.6326536536216736,0.6561740636825562,0.02352041006088257,0.03717738754251747,0.5675131401998191,0.5529563176622,0.01455682253761914
robust_norec,44,valid,T30,20260926,0.6326536536216736,0.6551223397254944,0.0224686861038208,0.035514986715396504,0.5675131401998191,0.5613855308214115,0.006127609378407617
robust_norec,44,valid,A30,20260926,0.6326536536216736,0.6312523484230042,-0.0014013051986694336,-0.0022149642077423505,0.5675131401998191,0.5709363231727448,-0.0034231829729256535
robust_norec,44,valid,V30,20260926,0.6326536536216736,0.6282716989517212,-0.004381954669952393,-0.006926308960467646,0.5675131401998191,0.5695399539927372,-0.002026813792918025
robust_norec,44,valid,TAV30,20260926,0.6326536536216736,0.6495117545127869,0.01685810089111328,0.026646650650964884,0.5675131401998191,0.558025585687405,0.00948755451241412
robust_norec,44,test,T30,20260924,0.718588650226593,0.7425124645233154,0.023923814296722412,0.033292780632116166,0.5531088116276724,0.5396735564050711,0.013435255222601361
robust_norec,44,test,A30,20260924,0.718588650226593,0.7189647555351257,0.00037610530853271484,0.0005233944460632899,0.5531088116276724,0.5503967833850728,0.00271202824259964
robust_norec,44,test,V30,20260924,0.718588650226593,0.7173628807067871,-0.0012257695198059082,-0.0017058013919637968,0.5531088116276724,0.5524377217142938,0.0006710899133786086
robust_norec,44,test,TAV30,20260924,0.718588650226593,0.7419574856758118,0.02336883544921875,0.03252046277359076,0.5531088116276724,0.5283315999203454,0.02477721170732705
robust_norec,44,test,T30,20260925,0.718588650226593,0.7299303412437439,0.011341691017150879,0.015783287160984934,0.5531088116276724,0.5408741817432091,0.012234629884463333
robust_norec,44,test,A30,20260925,0.718588650226593,0.718165397644043,-0.00042325258255004883,-0.0005890053821704313,0.5531088116276724,0.5551175203716839,-0.0020087087440114892
robust_norec,44,test,V30,20260925,0.718588650226593,0.7179306149482727,-0.0006580352783203125,-0.0009157329135560571,0.5531088116276724,0.5529413718302778,0.00016743979739464177
robust_norec,44,test,TAV30,20260925,0.718588650226593,0.7241986393928528,0.005609989166259766,0.007806954875352908,0.5531088116276724,0.5570846898594572,-0.003975878231784802
robust_norec,44,test,T30,20260926,0.718588650226593,0.725351870059967,0.0067632198333740234,0.00941180998508865,0.5531088116276724,0.5354395051158511,0.017669306511821303
robust_norec,44,test,A30,20260926,0.718588650226593,0.7167699933052063,-0.0018186569213867188,-0.002530873429204929,0.5531088116276724,0.5592400058680076,-0.006131194240335147
robust_norec,44,test,V30,20260926,0.718588650226593,0.7190757393836975,0.0004870891571044922,0.0006778414284039945,0.5531088116276724,0.5517586596461498,0.0013501519815226626
robust_norec,44,test,TAV30,20260926,0.718588650226593,0.7260794043540955,0.007490754127502441,0.010424258892956877,0.5531088116276724,0.5516479375974391,0.0014608740302333167
robust_rec,42,valid,T30,20260924,0.6377940773963928,0.647845447063446,0.010051369667053223,0.01575958451681613,0.5416507906641265,0.5466785860486775,-0.005027795384551004
robust_rec,42,valid,A30,20260924,0.6377940773963928,0.6388776302337646,0.0010835528373718262,0.0016989070230866877,0.5416507906641265,0.5483923897179493,-0.006741599053822878
robust_rec,42,valid,V30,20260924,0.6377940773963928,0.6328943967819214,-0.0048996806144714355,-0.0076822297166398035,0.5416507906641265,0.549239306466709,-0.007588515802582574
robust_rec,42,valid,TAV30,20260924,0.6377940773963928,0.6477846503257751,0.009990572929382324,0.015664261057684804,0.5416507906641265,0.5457730529294401,-0.004122262265313648
robust_rec,42,valid,T30,20260925,0.6377940773963928,0.6757959127426147,0.038001835346221924,0.059583236491240664,0.5416507906641265,0.5268894213273349,0.014761369336791619
robust_rec,42,valid,A30,20260925,0.6377940773963928,0.6368115544319153,-0.000982522964477539,-0.001540501863059627,0.5416507906641265,0.5519048079304678,-0.010254017266341342
robust_rec,42,valid,V30,20260925,0.6377940773963928,0.6328235864639282,-0.0049704909324646,-0.007793253510216292,0.5416507906641265,0.5497019362884553,-0.008051145624328848
robust_rec,42,valid,TAV30,20260925,0.6377940773963928,0.6748341917991638,0.037040114402770996,0.05807535020390342,0.5416507906641265,0.5193325479271137,0.022318242737012772
robust_rec,42,valid,T30,20260926,0.6377940773963928,0.6660366654396057,0.02824258804321289,0.04428167185011339,0.5416507906641265,0.5383842374524136,0.003266553211712875
robust_rec,42,valid,A30,20260926,0.6377940773963928,0.6400535106658936,0.0022594332695007324,0.0035425748679326183,0.5416507906641265,0.5458700622363203,-0.004219271572193817
robust_rec,42,valid,V30,20260926,0.6377940773963928,0.6363093256950378,-0.0014847517013549805,-0.0023279483989817585,0.5416507906641265,0.5468335508851939,-0.005182760221067451
robust_rec,42,valid,TAV30,20260926,0.6377940773963928,0.6719818711280823,0.03418779373168945,0.05360318470069696,0.5416507906641265,0.5408206241992356,0.0008301664648908691
robust_rec,42,test,T30,20260924,0.7444563508033752,0.7606424689292908,0.016186118125915527,0.02174219899991233,0.5698974439449364,0.5553467703549716,0.014550673589964758
robust_rec,42,test,A30,20260924,0.7444563508033752,0.7409203052520752,-0.003536045551300049,-0.004749835967527375,0.5698974439449364,0.5786079942926244,-0.008710550347688084
robust_rec,42,test,V30,20260924,0.7444563508033752,0.7425563931465149,-0.0018999576568603516,-0.0025521411091597576,0.5698974439449364,0.5756206848036017,-0.005723240858665379
robust_rec,42,test,TAV30,20260924,0.7444563508033752,0.7573262453079224,0.01286989450454712,0.017287641499274815,0.5698974439449364,0.56570113869219,0.004196305252746391
robust_rec,42,test,T30,20260925,0.7444563508033752,0.7604994177818298,0.01604306697845459,0.021550043815385306,0.5698974439449364,0.5615440311340393,0.008353412810897076
robust_rec,42,test,A30,20260925,0.7444563508033752,0.7400487661361694,-0.0044075846672058105,-0.005920541429258269,0.5698974439449364,0.5771005051782371,-0.007203061233300723
robust_rec,42,test,V30,20260925,0.7444563508033752,0.7412280440330505,-0.003228306770324707,-0.004336462126813614,0.5698974439449364,0.5767936033731539,-0.00689615942821753
robust_rec,42,test,TAV30,20260925,0.7444563508033752,0.7569602727890015,0.01250392198562622,0.01679604448552651,0.5698974439449364,0.553996325007629,0.01590111893730739
robust_rec,42,test,T30,20260926,0.7444563508033752,0.770060658454895,0.025604307651519775,0.03439329602587049,0.5698974439449364,0.5497704068522725,0.020127037092663835
robust_rec,42,test,A30,20260926,0.7444563508033752,0.7434829473495483,-0.0009734034538269043,-0.001307535966046179,0.5698974439449364,0.5737677586323003,-0.003870314687363985
robust_rec,42,test,V30,20260926,0.7444563508033752,0.7416248321533203,-0.0028315186500549316,-0.003803471683731782,0.5698974439449364,0.5769702159946063,-0.00707277204966994
robust_rec,42,test,TAV30,20260926,0.7444563508033752,0.7689988017082214,0.02454245090484619,0.03296694410405844,0.5698974439449364,0.5519084438332788,0.017989000111657605
robust_rec,43,valid,T30,20260924,0.6304954886436462,0.6596180200576782,0.029122531414031982,0.046189912439630366,0.5701800614844093,0.5420720661085139,0.028107995375895367
robust_rec,43,valid,A30,20260924,0.6304954886436462,0.6317715048789978,0.0012760162353515625,0.002023830873233674,0.5701800614844093,0.5635600386216479,0.00662002286276131
robust_rec,43,valid,V30,20260924,0.6304954886436462,0.6232499480247498,-0.007245540618896484,-0.0114918199248078,0.5701800614844093,0.5678619969954325,0.0023180644889767565
robust_rec,43,valid,TAV30,20260924,0.6304954886436462,0.6520092487335205,0.021513760089874268,0.0341219889394542,0.5701800614844093,0.539594326637239,0.0305857348471702
robust_rec,43,valid,T30,20260925,0.6304954886436462,0.6700183153152466,0.03952282667160034,0.0626853441197872,0.5701800614844093,0.529299098152526,0.04088096333188329
robust_rec,43,valid,A30,20260925,0.6304954886436462,0.6342834830284119,0.003787994384765625,0.0060079642963259735,0.5701800614844093,0.5642889311507838,0.005891130333625427
robust_rec,43,valid,V30,20260925,0.6304954886436462,0.623187780380249,-0.007307708263397217,-0.011590421176712823,0.5701800614844093,0.5667898961854176,0.00339016529899161
robust_rec,43,valid,TAV30,20260925,0.6304954886436462,0.6638078093528748,0.033312320709228516,0.052835145229812294,0.5701800614844093,0.5356581534909096,0.034521907993499634
robust_rec,43,valid,T30,20260926,0.6304954886436462,0.654971182346344,0.024475693702697754,0.038819776102365304,0.5701800614844093,0.568220506577254,0.00195955490715527
robust_rec,43,valid,A30,20260926,0.6304954886436462,0.6316813230514526,0.0011858344078063965,0.001880797609444317,0.5701800614844093,0.5676939721623852,0.0024860893220240987
robust_rec,43,valid,V30,20260926,0.6304954886436462,0.6233733892440796,-0.00712209939956665,-0.011296035463930234,0.5701800614844093,0.5683390467059417,0.0018410147784675424
robust_rec,43,valid,TAV30,20260926,0.6304954886436462,0.6495969295501709,0.019101440906524658,0.03029592003523553,0.5701800614844093,0.5753301861919867,-0.005150124707577475
robust_rec,43,test,T30,20260924,0.7425013184547424,0.7461034655570984,0.003602147102355957,0.004851367954271879,0.5610805461382395,0.5724349008328926,-0.011354354694653068
robust_rec,43,test,A30,20260924,0.7425013184547424,0.7443896532058716,0.0018883347511291504,0.0025432072700679654,0.5610805461382395,0.5574857628739264,0.0035947832643131727
robust_rec,43,test,V30,20260924,0.7425013184547424,0.7386372089385986,-0.003864109516143799,-0.005204178659487899,0.5610805461382395,0.559042979607816,0.002037566530423529
robust_rec,43,test,TAV30,20260924,0.7425013184547424,0.7416492104530334,-0.0008521080017089844,-0.001147618166500162,0.5610805461382395,0.5671922277165156,-0.006111681578276018
robust_rec,43,test,T30,20260925,0.7425013184547424,0.7472764253616333,0.004775106906890869,0.006431108993622515,0.5610805461382395,0.5454323937122855,0.015648152425954076
robust_rec,43,test,A30,20260925,0.7425013184547424,0.7404810190200806,-0.0020202994346618652,-0.0027209371679856598,0.5610805461382395,0.5588187007266083,0.0022618454116312137
robust_rec,43,test,V30,20260925,0.7425013184547424,0.7354263663291931,-0.007074952125549316,-0.00952853813145189,0.5610805461382395,0.5638613620487002,-0.0027808159104606434
robust_rec,43,test,TAV30,20260925,0.7425013184547424,0.741513192653656,-0.0009881258010864258,-0.0013308067966032236,0.5610805461382395,0.5489549466263887,0.012125599511850882
robust_rec,43,test,T30,20260926,0.7425013184547424,0.74881511926651,0.006313800811767578,0.008503420337229235,0.5610805461382395,0.5461791053205608,0.014901440817678746
robust_rec,43,test,A30,20260926,0.7425013184547424,0.7455594539642334,0.003058135509490967,0.004118693709332947,0.5610805461382395,0.548470437336572,0.012610108801667574
robust_rec,43,test,V30,20260926,0.7425013184547424,0.739459216594696,-0.0030421018600463867,-0.00409709960701142,0.5610805461382395,0.5619727268596946,-0.000892180721455027
robust_rec,43,test,TAV30,20260926,0.7425013184547424,0.7431787252426147,0.0006774067878723145,0.0009123307542161682,0.5610805461382395,0.5416295032976488,0.019451042840590738
robust_rec,44,valid,T30,20260924,0.6324918866157532,0.6658063530921936,0.03331446647644043,0.05267176888970813,0.5664016542121109,0.5603194754346253,0.006082178777485514
robust_rec,44,valid,A30,20260924,0.6324918866157532,0.6326563358306885,0.00016444921493530273,0.00026000209396394633,0.5664016542121109,0.5600698318094518,0.00633182240265906
robust_rec,44,valid,V30,20260924,0.6324918866157532,0.6273288130760193,-0.005163073539733887,-0.008163066829773453,0.5664016542121109,0.5669515804109361,-0.0005499261988252124
robust_rec,44,valid,TAV30,20260924,0.6324918866157532,0.6571915745735168,0.024699687957763672,0.03905139098293137,0.5664016542121109,0.5638211865130663,0.0025804676990445197
robust_rec,44,valid,T30,20260925,0.6324918866157532,0.6643630266189575,0.031871140003204346,0.050389800529672985,0.5664016542121109,0.5452149847736899,0.021186669438420958
robust_rec,44,valid,A30,20260925,0.6324918866157532,0.6320818662643433,-0.0004100203514099121,-0.0006482618355846273,0.5664016542121109,0.562844009405726,0.0035576448063848742
robust_rec,44,valid,V30,20260925,0.6324918866157532,0.6281378865242004,-0.004354000091552734,-0.0068838829140552196,0.5664016542121109,0.5695643562049238,-0.0031627019928129885
robust_rec,44,valid,TAV30,20260925,0.6324918866157532,0.6571683883666992,0.024676501750946045,0.03901473247820068,0.5664016542121109,0.5495838892065307,0.016817765005580187
robust_rec,44,valid,T30,20260926,0.6324918866157532,0.6567927598953247,0.024300873279571533,0.03842084585400322,0.5664016542121109,0.5582716349071489,0.008130019304961933
robust_rec,44,valid,A30,20260926,0.6324918866157532,0.6305614709854126,-0.0019304156303405762,-0.003052079672783737,0.5664016542121109,0.5676569146344553,-0.001255260422344473
robust_rec,44,valid,V30,20260926,0.6324918866157532,0.6292417645454407,-0.0032501220703125,-0.00513859883278944,0.5664016542121109,0.564700457884237,0.0017011963278739106
robust_rec,44,valid,TAV30,20260926,0.6324918866157532,0.6499156951904297,0.017423808574676514,0.027547876808199593,0.5664016542121109,0.5571165354783042,0.009285118733806663
robust_rec,44,test,T30,20260924,0.7170625329017639,0.7430082559585571,0.025945723056793213,0.036183347848056824,0.5539744588345606,0.5393469734223159,0.01462748541224479
robust_rec,44,test,A30,20260924,0.7170625329017639,0.7183058857917786,0.0012433528900146484,0.0017339532229959436,0.5539744588345606,0.5468445299927424,0.007129928841818289
robust_rec,44,test,V30,20260924,0.7170625329017639,0.715858519077301,-0.0012040138244628906,-0.0016790918075032628,0.5539744588345606,0.5542307537150778,-0.00025629488051714944
robust_rec,44,test,TAV30,20260924,0.7170625329017639,0.7424741387367249,0.025411605834960938,0.03543847944770847,0.5539744588345606,0.5226873116971459,0.03128714713741476
robust_rec,44,test,T30,20260925,0.7170625329017639,0.7287453413009644,0.01168280839920044,0.01629259355097411,0.5539744588345606,0.5424627329568968,0.011511725877663803
robust_rec,44,test,A30,20260925,0.7170625329017639,0.7160918116569519,-0.0009707212448120117,-0.001353746988960304,0.5539744588345606,0.5575746730721918,-0.0036002142376311275
robust_rec,44,test,V30,20260925,0.7170625329017639,0.7169119715690613,-0.00015056133270263672,-0.00020996959929471494,0.5539744588345606,0.5525226777279125,0.00145178110664812
robust_rec,44,test,TAV30,20260925,0.7170625329017639,0.7241500020027161,0.0070874691009521484,0.009884032111217722,0.5539744588345606,0.5526673850708185,0.0013070737637421725
robust_rec,44,test,T30,20260926,0.7170625329017639,0.7250271439552307,0.007964611053466797,0.01110727542999089,0.5539744588345606,0.536136077247951,0.017838381586609664
robust_rec,44,test,A30,20260926,0.7170625329017639,0.7198650240898132,0.0028024911880493164,0.003908293990355862,0.5539744588345606,0.5478078458847689,0.0061666129497917055
robust_rec,44,test,V30,20260926,0.7170625329017639,0.7166371941566467,-0.0004253387451171875,-0.0005931682741754101,0.5539744588345606,0.5546620877315568,-0.0006876288969961397
robust_rec,44,test,TAV30,20260926,0.7170625329017639,0.7250964045524597,0.0080338716506958,0.011203864770600732,0.5539744588345606,0.5542093161112779,-0.00023485727671723744
text_only,42,valid,T30,20260924,0.6486698389053345,0.6596477031707764,0.010977864265441895,0.01692365454198955,0.5313156348200039,0.5133199687916122,0.017995666028391644
text_only,42,valid,A30,20260924,0.6486698389053345,0.6486698389053345,0.0,0.0,0.5313156348200039,0.5313156348200039,0.0
text_only,42,valid,V30,20260924,0.6486698389053345,0.6486698389053345,0.0,0.0,0.5313156348200039,0.5313156348200039,0.0
text_only,42,valid,TAV30,20260924,0.6486698389053345,0.6596477031707764,0.010977864265441895,0.01692365454198955,0.5313156348200039,0.5133199687916122,0.017995666028391644
text_only,42,valid,T30,20260925,0.6486698389053345,0.6864466667175293,0.037776827812194824,0.058237373693750386,0.5313156348200039,0.5080360221030077,0.02327961271699619
text_only,42,valid,A30,20260925,0.6486698389053345,0.6486698389053345,0.0,0.0,0.5313156348200039,0.5313156348200039,0.0
text_only,42,valid,V30,20260925,0.6486698389053345,0.6486698389053345,0.0,0.0,0.5313156348200039,0.5313156348200039,0.0
text_only,42,valid,TAV30,20260925,0.6486698389053345,0.6864466667175293,0.037776827812194824,0.058237373693750386,0.5313156348200039,0.5080360221030077,0.02327961271699619
text_only,42,valid,T30,20260926,0.6486698389053345,0.6772081851959229,0.02853834629058838,0.04399517994970814,0.5313156348200039,0.5323640176065153,-0.001048382786511426
text_only,42,valid,A30,20260926,0.6486698389053345,0.6486698389053345,0.0,0.0,0.5313156348200039,0.5313156348200039,0.0
text_only,42,valid,V30,20260926,0.6486698389053345,0.6486698389053345,0.0,0.0,0.5313156348200039,0.5313156348200039,0.0
text_only,42,valid,TAV30,20260926,0.6486698389053345,0.6772081851959229,0.02853834629058838,0.04399517994970814,0.5313156348200039,0.5323640176065153,-0.001048382786511426
text_only,42,test,T30,20260924,0.7406190633773804,0.7505401372909546,0.009921073913574219,0.013395650212312944,0.5822593896735337,0.5660658670943003,0.016193522579233455
text_only,42,test,A30,20260924,0.7406190633773804,0.7406190633773804,0.0,0.0,0.5822593896735337,0.5822593896735337,0.0
text_only,42,test,V30,20260924,0.7406190633773804,0.7406190633773804,0.0,0.0,0.5822593896735337,0.5822593896735337,0.0
text_only,42,test,TAV30,20260924,0.7406190633773804,0.7505401372909546,0.009921073913574219,0.013395650212312944,0.5822593896735337,0.5660658670943003,0.016193522579233455
text_only,42,test,T30,20260925,0.7406190633773804,0.761357843875885,0.02073878049850464,0.028001953398190144,0.5822593896735337,0.5711397686604123,0.011119621013121472
text_only,42,test,A30,20260925,0.7406190633773804,0.7406190633773804,0.0,0.0,0.5822593896735337,0.5822593896735337,0.0
text_only,42,test,V30,20260925,0.7406190633773804,0.7406190633773804,0.0,0.0,0.5822593896735337,0.5822593896735337,0.0
text_only,42,test,TAV30,20260925,0.7406190633773804,0.761357843875885,0.02073878049850464,0.028001953398190144,0.5822593896735337,0.5711397686604123,0.011119621013121472
text_only,42,test,T30,20260926,0.7406190633773804,0.7570564150810242,0.0164373517036438,0.02219407049649246,0.5822593896735337,0.5686406908921925,0.013618698781341254
text_only,42,test,A30,20260926,0.7406190633773804,0.7406190633773804,0.0,0.0,0.5822593896735337,0.5822593896735337,0.0
text_only,42,test,V30,20260926,0.7406190633773804,0.7406190633773804,0.0,0.0,0.5822593896735337,0.5822593896735337,0.0
text_only,42,test,TAV30,20260926,0.7406190633773804,0.7570564150810242,0.0164373517036438,0.02219407049649246,0.5822593896735337,0.5686406908921925,0.013618698781341254
text_only,43,valid,T30,20260924,0.6429842114448547,0.6649588942527771,0.021974682807922363,0.03417608460173989,0.5688261430802856,0.5341939472211256,0.03463219585916
text_only,43,valid,A30,20260924,0.6429842114448547,0.6429842114448547,0.0,0.0,0.5688261430802856,0.5688261430802856,0.0
text_only,43,valid,V30,20260924,0.6429842114448547,0.6429842114448547,0.0,0.0,0.5688261430802856,0.5688261430802856,0.0
text_only,43,valid,TAV30,20260924,0.6429842114448547,0.6649588942527771,0.021974682807922363,0.03417608460173989,0.5688261430802856,0.5341939472211256,0.03463219585916
text_only,43,valid,T30,20260925,0.6429842114448547,0.6762604117393494,0.03327620029449463,0.05175274867126119,0.5688261430802856,0.5308860803948553,0.037940062685430265
text_only,43,valid,A30,20260925,0.6429842114448547,0.6429842114448547,0.0,0.0,0.5688261430802856,0.5688261430802856,0.0
text_only,43,valid,V30,20260925,0.6429842114448547,0.6429842114448547,0.0,0.0,0.5688261430802856,0.5688261430802856,0.0
text_only,43,valid,TAV30,20260925,0.6429842114448547,0.6762604117393494,0.03327620029449463,0.05175274867126119,0.5688261430802856,0.5308860803948553,0.037940062685430265
text_only,43,valid,T30,20260926,0.6429842114448547,0.661334216594696,0.01835000514984131,0.028538811409703,0.5688261430802856,0.55184836877095,0.016977774309335558
text_only,43,valid,A30,20260926,0.6429842114448547,0.6429842114448547,0.0,0.0,0.5688261430802856,0.5688261430802856,0.0
text_only,43,valid,V30,20260926,0.6429842114448547,0.6429842114448547,0.0,0.0,0.5688261430802856,0.5688261430802856,0.0
text_only,43,valid,TAV30,20260926,0.6429842114448547,0.661334216594696,0.01835000514984131,0.028538811409703,0.5688261430802856,0.55184836877095,0.016977774309335558
text_only,43,test,T30,20260924,0.727060079574585,0.7378749847412109,0.010814905166625977,0.014874843868410379,0.5837601154084862,0.5820238095238096,0.0017363058846765478
text_only,43,test,A30,20260924,0.727060079574585,0.727060079574585,0.0,0.0,0.5837601154084862,0.5837601154084862,0.0
text_only,43,test,V30,20260924,0.727060079574585,0.727060079574585,0.0,0.0,0.5837601154084862,0.5837601154084862,0.0
text_only,43,test,TAV30,20260924,0.727060079574585,0.7378749847412109,0.010814905166625977,0.014874843868410379,0.5837601154084862,0.5820238095238096,0.0017363058846765478
text_only,43,test,T30,20260925,0.727060079574585,0.748022198677063,0.020962119102478027,0.02883134377937971,0.5837601154084862,0.5574055608324388,0.026354554576047406
text_only,43,test,A30,20260925,0.727060079574585,0.727060079574585,0.0,0.0,0.5837601154084862,0.5837601154084862,0.0
text_only,43,test,V30,20260925,0.727060079574585,0.727060079574585,0.0,0.0,0.5837601154084862,0.5837601154084862,0.0
text_only,43,test,TAV30,20260925,0.727060079574585,0.748022198677063,0.020962119102478027,0.02883134377937971,0.5837601154084862,0.5574055608324388,0.026354554576047406
text_only,43,test,T30,20260926,0.727060079574585,0.7485867738723755,0.021526694297790527,0.029607861719469122,0.5837601154084862,0.556424349173594,0.0273357662348922
text_only,43,test,A30,20260926,0.727060079574585,0.727060079574585,0.0,0.0,0.5837601154084862,0.5837601154084862,0.0
text_only,43,test,V30,20260926,0.727060079574585,0.727060079574585,0.0,0.0,0.5837601154084862,0.5837601154084862,0.0
text_only,43,test,TAV30,20260926,0.727060079574585,0.7485867738723755,0.021526694297790527,0.029607861719469122,0.5837601154084862,0.556424349173594,0.0273357662348922
text_only,44,valid,T30,20260924,0.6489396691322327,0.6523100733757019,0.0033704042434692383,0.005193709683330301,0.5714523104581096,0.5398043291453609,0.03164798131274871
text_only,44,valid,A30,20260924,0.6489396691322327,0.6489396691322327,0.0,0.0,0.5714523104581096,0.5714523104581096,0.0
text_only,44,valid,V30,20260924,0.6489396691322327,0.6489396691322327,0.0,0.0,0.5714523104581096,0.5714523104581096,0.0
text_only,44,valid,TAV30,20260924,0.6489396691322327,0.6523100733757019,0.0033704042434692383,0.005193709683330301,0.5714523104581096,0.5398043291453609,0.03164798131274871
text_only,44,valid,T30,20260925,0.6489396691322327,0.6680757999420166,0.019136130809783936,0.0294883048764347,0.5714523104581096,0.5291034254018142,0.042348885056295416
text_only,44,valid,A30,20260925,0.6489396691322327,0.6489396691322327,0.0,0.0,0.5714523104581096,0.5714523104581096,0.0
text_only,44,valid,V30,20260925,0.6489396691322327,0.6489396691322327,0.0,0.0,0.5714523104581096,0.5714523104581096,0.0
text_only,44,valid,TAV30,20260925,0.6489396691322327,0.6680757999420166,0.019136130809783936,0.0294883048764347,0.5714523104581096,0.5291034254018142,0.042348885056295416
text_only,44,valid,T30,20260926,0.6489396691322327,0.6586283445358276,0.00968867540359497,0.01493000946690583,0.5714523104581096,0.5558151957369281,0.015637114721181566
text_only,44,valid,A30,20260926,0.6489396691322327,0.6489396691322327,0.0,0.0,0.5714523104581096,0.5714523104581096,0.0
text_only,44,valid,V30,20260926,0.6489396691322327,0.6489396691322327,0.0,0.0,0.5714523104581096,0.5714523104581096,0.0
text_only,44,valid,TAV30,20260926,0.6489396691322327,0.6586283445358276,0.00968867540359497,0.01493000946690583,0.5714523104581096,0.5558151957369281,0.015637114721181566
text_only,44,test,T30,20260924,0.7289248108863831,0.7576813697814941,0.028756558895111084,0.03945065178964439,0.5879476100478818,0.553345405812511,0.03460220423537075
text_only,44,test,A30,20260924,0.7289248108863831,0.7289248108863831,0.0,0.0,0.5879476100478818,0.5879476100478818,0.0
text_only,44,test,V30,20260924,0.7289248108863831,0.7289248108863831,0.0,0.0,0.5879476100478818,0.5879476100478818,0.0
text_only,44,test,TAV30,20260924,0.7289248108863831,0.7576813697814941,0.028756558895111084,0.03945065178964439,0.5879476100478818,0.553345405812511,0.03460220423537075
text_only,44,test,T30,20260925,0.7289248108863831,0.7458510994911194,0.016926288604736328,0.02322089789227193,0.5879476100478818,0.5563472552639864,0.031600354783895335
text_only,44,test,A30,20260925,0.7289248108863831,0.7289248108863831,0.0,0.0,0.5879476100478818,0.5879476100478818,0.0
text_only,44,test,V30,20260925,0.7289248108863831,0.7289248108863831,0.0,0.0,0.5879476100478818,0.5879476100478818,0.0
text_only,44,test,TAV30,20260925,0.7289248108863831,0.7458510994911194,0.016926288604736328,0.02322089789227193,0.5879476100478818,0.5563472552639864,0.031600354783895335
text_only,44,test,T30,20260926,0.7289248108863831,0.7515365481376648,0.02261173725128174,0.03102067169834093,0.5879476100478818,0.5469505679494634,0.04099704209841837
text_only,44,test,A30,20260926,0.7289248108863831,0.7289248108863831,0.0,0.0,0.5879476100478818,0.5879476100478818,0.0
text_only,44,test,V30,20260926,0.7289248108863831,0.7289248108863831,0.0,0.0,0.5879476100478818,0.5879476100478818,0.0
text_only,44,test,TAV30,20260926,0.7289248108863831,0.7515365481376648,0.02261173725128174,0.03102067169834093,0.5879476100478818,0.5469505679494634,0.04099704209841837
