variant,scenario,mask_seed,normalized_mae_auc,normalized_degradation_auc
robust_norec,A,20260924,0.6406082127775464,0.002044162579945108
robust_norec,A,20260925,0.6378774855818068,-0.0006865646157945271
robust_norec,A,20260926,0.6415380580084664,0.002974007810865098
robust_norec,AV,20260924,0.63657089642116,-0.00199315377644127
robust_norec,AV,20260925,0.6360943956034524,-0.00246965459414894
robust_norec,AV,20260926,0.6418935017926352,0.003329451595033839
robust_norec,T,20260924,0.6677315277712687,0.029167477573667333
robust_norec,T,20260925,0.6769852723394121,0.03842122214181076
robust_norec,T,20260926,0.6795745151383535,0.04101046494075222
robust_norec,TA,20260924,0.6724502359117781,0.033886185714176786
robust_norec,TA,20260925,0.683256528207234,0.04469247800963272
robust_norec,TA,20260926,0.6814944658960614,0.04293041569846012
robust_norec,TAV,20260924,0.6664195443902697,0.027855494192668417
robust_norec,TAV,20260925,0.6805195340088436,0.041955483811242256
robust_norec,TAV,20260926,0.6828198305198124,0.04425578032221111
robust_norec,TV,20260924,0.6631360352039337,0.024571985006332397
robust_norec,TV,20260925,0.6741012845720564,0.03553723437445511
robust_norec,TV,20260926,0.6772015605654035,0.038637510367802164
robust_norec,V,20260924,0.6348800659179686,-0.0036839842796326794
robust_norec,V,20260925,0.6351019484656197,-0.0034621017319815817
robust_norec,V,20260926,0.6373456120491028,-0.0012184381484985352
fusion_clean,A,20260924,0.6461298721177237,0.0004493849618093515
fusion_clean,A,20260925,0.645910918712616,0.00023043155670166016
fusion_clean,A,20260926,0.648576544863837,0.0028960577079226724
fusion_clean,AV,20260924,0.6501126289367676,0.0044321417808532715
fusion_clean,AV,20260925,0.6521875900881631,0.006507102932248765
fusion_clean,AV,20260926,0.6536436378955841,0.0079631507396698
fusion_clean,T,20260924,0.6716250904968807,0.025944603340966377
fusion_clean,T,20260925,0.6729045680591039,0.027224080903189618
fusion_clean,T,20260926,0.6787814114774976,0.03310092432158329
fusion_clean,TA,20260924,0.6729675871985299,0.027287100042615586
fusion_clean,TA,20260925,0.6733913421630859,0.02771085500717163
fusion_clean,TA,20260926,0.6774830775601524,0.03180259040423805
fusion_clean,TAV,20260924,0.6767017117568425,0.031021224600928154
fusion_clean,TAV,20260925,0.6780454048088619,0.03236491765294758
fusion_clean,TAV,20260926,0.6841436581952232,0.03846317103930885
fusion_clean,TV,20260924,0.6742954552173615,0.028614968061447144
fusion_clean,TV,20260925,0.6784931038107191,0.03281261665480484
fusion_clean,TV,20260926,0.6835085153579712,0.037828028202056885
fusion_clean,V,20260924,0.6501934826374054,0.004512995481491089
fusion_clean,V,20260925,0.6518847984927041,0.006204311336789781
fusion_clean,V,20260926,0.6514300150530679,0.00574952789715355
