sample_id,content_length,raw_intensity,available_text,available_audio,available_vision,prob_Negative,prob_Neutral,prob_Positive,fusion_weight_text,fusion_weight_audio,fusion_weight_vision
附件3_01,6,-0.19766125082969666,6,6,6,0.23310774564743042,0.7389513850212097,0.027940895408391953,0.6742965579032898,0.22249217331409454,0.10321126878261566
附件3_02,28,-0.07373662292957306,28,23,23,0.0811322033405304,0.8830744624137878,0.03579327091574669,0.8538347482681274,0.1142970472574234,0.031868208199739456
附件3_03,32,0.35544344782829285,32,27,23,0.13196007907390594,0.5433731079101562,0.324666827917099,0.7776760458946228,0.15413019061088562,0.06819378584623337
附件3_04,31,0.11653861403465271,31,29,29,0.14544031023979187,0.40086445212364197,0.45369529724121094,0.7372393608093262,0.21734191477298737,0.045418765395879745
附件3_05,12,-1.3270328044891357,12,12,12,0.9282643795013428,0.054638832807540894,0.017096830531954765,0.20778073370456696,0.1839723289012909,0.608246922492981
附件3_06,25,1.107610821723938,25,22,22,0.0036639159079641104,0.044105108827352524,0.9522309303283691,0.7530496716499329,0.08097326755523682,0.16597706079483032
附件3_07,21,0.5065034031867981,21,18,18,0.023294951766729355,0.22895686328411102,0.7477481961250305,0.9229697585105896,0.05593518167734146,0.021095020696520805
附件3_08,15,0.5882149934768677,15,13,13,0.02431708388030529,0.21469667553901672,0.7609862685203552,0.6699075698852539,0.2593443691730499,0.07074807584285736
附件3_09,14,0.9139872193336487,14,12,12,0.005767907481640577,0.07395993918180466,0.9202721118927002,0.7745246887207031,0.1579451709985733,0.06753022223711014
附件3_10,6,0.14468365907669067,6,6,6,0.03415564447641373,0.919120192527771,0.04672415927052498,0.7885479927062988,0.10013969987630844,0.11131243407726288
附件3_11,14,0.15420836210250854,14,10,10,0.028741244226694107,0.6939042210578918,0.27735450863838196,0.7686613202095032,0.1983783096075058,0.03296031057834625
附件3_12,13,-0.07879404723644257,13,11,11,0.2082366794347763,0.7283939123153687,0.06336937099695206,0.8967084288597107,0.05239015445113182,0.050901394337415695
附件3_13,19,0.37166517972946167,19,17,17,0.034804295748472214,0.33301228284835815,0.6321833729743958,0.7034177780151367,0.1960410624742508,0.1005411297082901
附件3_14,23,-0.266266405582428,23,21,21,0.6269893050193787,0.28569915890693665,0.0873115286231041,0.5791447162628174,0.07944932579994202,0.341405987739563
附件3_15,27,0.9347107410430908,27,24,24,0.004400408826768398,0.07153183966875076,0.9240676760673523,0.798549234867096,0.1411857306957245,0.060265012085437775
附件3_16,34,1.6316081285476685,34,30,30,0.0012977864826098084,0.013883658684790134,0.9848185777664185,0.878018856048584,0.09968940168619156,0.0222917553037405
附件3_17,22,-0.38413286209106445,22,14,14,0.40441569685935974,0.47827255725860596,0.11731176823377609,0.1950727105140686,0.6316992044448853,0.17322807013988495
附件3_18,17,0.05870553106069565,17,14,14,0.28364235162734985,0.5544036030769348,0.16195398569107056,0.4713774025440216,0.1969841569662094,0.331638365983963
附件3_19,24,0.06743849813938141,24,17,17,0.08820760250091553,0.7774431705474854,0.13434916734695435,0.7186816334724426,0.19763250648975372,0.08368578553199768
附件3_20,48,0.08202021569013596,48,34,34,0.06172587722539902,0.8013028502464294,0.13697126507759094,0.7662116885185242,0.16267988085746765,0.07110844552516937
附件3_21,9,0.4612259864807129,9,6,6,0.014514478854835033,0.3864137828350067,0.599071741104126,0.7998166084289551,0.05755411460995674,0.14262929558753967
附件3_22,17,0.20522210001945496,17,13,13,0.1406954526901245,0.4013235569000244,0.45798105001449585,0.6593102216720581,0.2840581238269806,0.05663158372044563
附件3_23,13,0.05506259948015213,13,9,9,0.04741803929209709,0.8156912326812744,0.1368907243013382,0.7877140045166016,0.15922985970973969,0.053056128323078156
附件3_24,8,-0.105058953166008,8,6,6,0.44638529419898987,0.35729172825813293,0.1963229924440384,0.36387431621551514,0.3134916126728058,0.3226340413093567
附件3_25,9,0.18776020407676697,9,7,7,0.11691799014806747,0.622704803943634,0.2603772282600403,0.5733803510665894,0.1632712036371231,0.2633484899997711
附件3_26,22,0.29107344150543213,22,16,16,0.1291852742433548,0.45147404074668884,0.4193406403064728,0.7622568607330322,0.17102578282356262,0.06671737134456635
附件3_27,21,0.6630152463912964,21,13,13,0.025785522535443306,0.17413443326950073,0.8000800609588623,0.6751818656921387,0.13738085329532623,0.1874372810125351
附件3_28,33,0.191207617521286,33,22,22,0.022723501548171043,0.7465251684188843,0.23075130581855774,0.8392668962478638,0.07600145041942596,0.0847315862774849
附件3_29,18,0.016343755647540092,18,10,10,0.11377689987421036,0.7057376503944397,0.18048545718193054,0.700813353061676,0.23396532237529755,0.065221406519413
附件3_30,24,0.4140323996543884,24,12,12,0.07025595009326935,0.5453787446022034,0.3843653202056885,0.5778105854988098,0.2825944423675537,0.1395949125289917
