sample_id,pred_polarity,pred_intensity
附件3_01,Neutral,0.0
附件3_02,Neutral,0.0
附件3_03,Neutral,0.0
附件3_04,Positive,0.116539
附件3_05,Negative,-1.327033
附件3_06,Positive,1.107611
附件3_07,Positive,0.506503
附件3_08,Positive,0.588215
附件3_09,Positive,0.913987
附件3_10,Neutral,0.0
附件3_11,Neutral,0.0
附件3_12,Neutral,0.0
附件3_13,Positive,0.371665
附件3_14,Negative,-0.266266
附件3_15,Positive,0.934711
附件3_16,Positive,1.631608
附件3_17,Neutral,0.0
附件3_18,Neutral,0.0
附件3_19,Neutral,0.0
附件3_20,Neutral,0.0
附件3_21,Positive,0.461226
附件3_22,Positive,0.205222
附件3_23,Neutral,0.0
附件3_24,Negative,-0.105059
附件3_25,Neutral,0.0
附件3_26,Neutral,0.0
附件3_27,Positive,0.663015
附件3_28,Neutral,0.0
附件3_29,Neutral,0.0
附件3_30,Neutral,0.0
