"sample_id","text_status","token_count","original_token_count","truncated","text_valid_length","feature_shape","feature_path","device","model_name","max_length"
"-3g5yACwYnA_13","PASS","18","18","False","18","(50, 768)","02_features_q1/stepB_text/data/text_features/bert-base-uncased/-3g5yACwYnA_13.npz","cpu","bert-base-uncased","256"
"-3g5yACwYnA_3","PASS","40","40","False","40","(50, 768)","02_features_q1/stepB_text/data/text_features/bert-base-uncased/-3g5yACwYnA_3.npz","cpu","bert-base-uncased","256"
"-3g5yACwYnA_2","PASS","17","17","False","17","(50, 768)","02_features_q1/stepB_text/data/text_features/bert-base-uncased/-3g5yACwYnA_2.npz","cpu","bert-base-uncased","256"
"-3g5yACwYnA_9","PASS","28","28","False","28","(50, 768)","02_features_q1/stepB_text/data/text_features/bert-base-uncased/-3g5yACwYnA_9.npz","cpu","bert-base-uncased","256"
"-3nNcZdcdvU_5","PASS","22","22","False","22","(50, 768)","02_features_q1/stepB_text/data/text_features/bert-base-uncased/-3nNcZdcdvU_5.npz","cpu","bert-base-uncased","256"
"-HwX2H8Z4hY_2","PASS","12","12","False","12","(50, 768)","02_features_q1/stepB_text/data/text_features/bert-base-uncased/-HwX2H8Z4hY_2.npz","cpu","bert-base-uncased","256"
"-HwX2H8Z4hY_5","PASS","10","10","False","10","(50, 768)","02_features_q1/stepB_text/data/text_features/bert-base-uncased/-HwX2H8Z4hY_5.npz","cpu","bert-base-uncased","256"
"-HwX2H8Z4hY_6","PASS","9","9","False","9","(50, 768)","02_features_q1/stepB_text/data/text_features/bert-base-uncased/-HwX2H8Z4hY_6.npz","cpu","bert-base-uncased","256"
"-HwX2H8Z4hY_9","PASS","24","24","False","24","(50, 768)","02_features_q1/stepB_text/data/text_features/bert-base-uncased/-HwX2H8Z4hY_9.npz","cpu","bert-base-uncased","256"
"-NFrJFQijFE_1","PASS","16","16","False","16","(50, 768)","02_features_q1/stepB_text/data/text_features/bert-base-uncased/-NFrJFQijFE_1.npz","cpu","bert-base-uncased","256"
"-NFrJFQijFE_2","PASS","18","18","False","18","(50, 768)","02_features_q1/stepB_text/data/text_features/bert-base-uncased/-NFrJFQijFE_2.npz","cpu","bert-base-uncased","256"
"-THoVjtIkeU_12","PASS","42","42","False","42","(50, 768)","02_features_q1/stepB_text/data/text_features/bert-base-uncased/-THoVjtIkeU_12.npz","cpu","bert-base-uncased","256"
"-THoVjtIkeU_2","PASS","11","11","False","11","(50, 768)","02_features_q1/stepB_text/data/text_features/bert-base-uncased/-THoVjtIkeU_2.npz","cpu","bert-base-uncased","256"
"-THoVjtIkeU_6","PASS","32","32","False","32","(50, 768)","02_features_q1/stepB_text/data/text_features/bert-base-uncased/-THoVjtIkeU_6.npz","cpu","bert-base-uncased","256"
"-UuX1xuaiiE_1","PASS","33","33","False","33","(50, 768)","02_features_q1/stepB_text/data/text_features/bert-base-uncased/-UuX1xuaiiE_1.npz","cpu","bert-base-uncased","256"
"-UuX1xuaiiE_0","PASS","12","12","False","12","(50, 768)","02_features_q1/stepB_text/data/text_features/bert-base-uncased/-UuX1xuaiiE_0.npz","cpu","bert-base-uncased","256"
"-UuX1xuaiiE_3","PASS","9","9","False","9","(50, 768)","02_features_q1/stepB_text/data/text_features/bert-base-uncased/-UuX1xuaiiE_3.npz","cpu","bert-base-uncased","256"
"-UuX1xuaiiE_6","PASS","23","23","False","23","(50, 768)","02_features_q1/stepB_text/data/text_features/bert-base-uncased/-UuX1xuaiiE_6.npz","cpu","bert-base-uncased","256"
"-a55Q6RWvTA_3","PASS","82","82","False","50","(50, 768)","02_features_q1/stepB_text/data/text_features/bert-base-uncased/-a55Q6RWvTA_3.npz","cpu","bert-base-uncased","256"
"-aNfi7CP8vM_7","PASS","23","23","False","23","(50, 768)","02_features_q1/stepB_text/data/text_features/bert-base-uncased/-aNfi7CP8vM_7.npz","cpu","bert-base-uncased","256"
"-aqamKhZ1Ec_0","PASS","16","16","False","16","(50, 768)","02_features_q1/stepB_text/data/text_features/bert-base-uncased/-aqamKhZ1Ec_0.npz","cpu","bert-base-uncased","256"
"-dxfTGcXJoc_1","PASS","42","42","False","42","(50, 768)","02_features_q1/stepB_text/data/text_features/bert-base-uncased/-dxfTGcXJoc_1.npz","cpu","bert-base-uncased","256"
"-dxfTGcXJoc_0","PASS","60","60","False","50","(50, 768)","02_features_q1/stepB_text/data/text_features/bert-base-uncased/-dxfTGcXJoc_0.npz","cpu","bert-base-uncased","256"
"-dxfTGcXJoc_2","PASS","40","40","False","40","(50, 768)","02_features_q1/stepB_text/data/text_features/bert-base-uncased/-dxfTGcXJoc_2.npz","cpu","bert-base-uncased","256"
"-dxfTGcXJoc_6","PASS","32","32","False","32","(50, 768)","02_features_q1/stepB_text/data/text_features/bert-base-uncased/-dxfTGcXJoc_6.npz","cpu","bert-base-uncased","256"
"-egA8-b7-3M_26","PASS","19","19","False","19","(50, 768)","02_features_q1/stepB_text/data/text_features/bert-base-uncased/-egA8-b7-3M_26.npz","cpu","bert-base-uncased","256"
"-egA8-b7-3M_17","PASS","19","19","False","19","(50, 768)","02_features_q1/stepB_text/data/text_features/bert-base-uncased/-egA8-b7-3M_17.npz","cpu","bert-base-uncased","256"
"-egA8-b7-3M_18","PASS","27","27","False","27","(50, 768)","02_features_q1/stepB_text/data/text_features/bert-base-uncased/-egA8-b7-3M_18.npz","cpu","bert-base-uncased","256"
"-egA8-b7-3M_16","PASS","13","13","False","13","(50, 768)","02_features_q1/stepB_text/data/text_features/bert-base-uncased/-egA8-b7-3M_16.npz","cpu","bert-base-uncased","256"
"-egA8-b7-3M_13","PASS","16","16","False","16","(50, 768)","02_features_q1/stepB_text/data/text_features/bert-base-uncased/-egA8-b7-3M_13.npz","cpu","bert-base-uncased","256"
"-egA8-b7-3M_1","PASS","22","22","False","22","(50, 768)","02_features_q1/stepB_text/data/text_features/bert-base-uncased/-egA8-b7-3M_1.npz","cpu","bert-base-uncased","256"
"-egA8-b7-3M_6","PASS","13","13","False","13","(50, 768)","02_features_q1/stepB_text/data/text_features/bert-base-uncased/-egA8-b7-3M_6.npz","cpu","bert-base-uncased","256"
"-egA8-b7-3M_9","PASS","12","12","False","12","(50, 768)","02_features_q1/stepB_text/data/text_features/bert-base-uncased/-egA8-b7-3M_9.npz","cpu","bert-base-uncased","256"
"-egA8-b7-3M_20","PASS","24","24","False","24","(50, 768)","02_features_q1/stepB_text/data/text_features/bert-base-uncased/-egA8-b7-3M_20.npz","cpu","bert-base-uncased","256"
"-iRBcNs9oI8_3","PASS","9","9","False","9","(50, 768)","02_features_q1/stepB_text/data/text_features/bert-base-uncased/-iRBcNs9oI8_3.npz","cpu","bert-base-uncased","256"
"-iRBcNs9oI8_7","PASS","15","15","False","15","(50, 768)","02_features_q1/stepB_text/data/text_features/bert-base-uncased/-iRBcNs9oI8_7.npz","cpu","bert-base-uncased","256"
"-iRBcNs9oI8_6","PASS","5","5","False","5","(50, 768)","02_features_q1/stepB_text/data/text_features/bert-base-uncased/-iRBcNs9oI8_6.npz","cpu","bert-base-uncased","256"
"-iRBcNs9oI8_9","PASS","5","5","False","5","(50, 768)","02_features_q1/stepB_text/data/text_features/bert-base-uncased/-iRBcNs9oI8_9.npz","cpu","bert-base-uncased","256"
"-iRBcNs9oI8_8","PASS","26","26","False","26","(50, 768)","02_features_q1/stepB_text/data/text_features/bert-base-uncased/-iRBcNs9oI8_8.npz","cpu","bert-base-uncased","256"
"-lzEya4AM_4_5","PASS","21","21","False","21","(50, 768)","02_features_q1/stepB_text/data/text_features/bert-base-uncased/-lzEya4AM_4_5.npz","cpu","bert-base-uncased","256"
"-lzEya4AM_4_6","PASS","48","48","False","48","(50, 768)","02_features_q1/stepB_text/data/text_features/bert-base-uncased/-lzEya4AM_4_6.npz","cpu","bert-base-uncased","256"
"-mJ2ud6oKI8_1","PASS","13","13","False","13","(50, 768)","02_features_q1/stepB_text/data/text_features/bert-base-uncased/-mJ2ud6oKI8_1.npz","cpu","bert-base-uncased","256"
"-mJ2ud6oKI8_2","PASS","17","17","False","17","(50, 768)","02_features_q1/stepB_text/data/text_features/bert-base-uncased/-mJ2ud6oKI8_2.npz","cpu","bert-base-uncased","256"
"-mJ2ud6oKI8_6","PASS","5","5","False","5","(50, 768)","02_features_q1/stepB_text/data/text_features/bert-base-uncased/-mJ2ud6oKI8_6.npz","cpu","bert-base-uncased","256"
"-mJ2ud6oKI8_9","PASS","29","29","False","29","(50, 768)","02_features_q1/stepB_text/data/text_features/bert-base-uncased/-mJ2ud6oKI8_9.npz","cpu","bert-base-uncased","256"
"-mJ2ud6oKI8_8","PASS","11","11","False","11","(50, 768)","02_features_q1/stepB_text/data/text_features/bert-base-uncased/-mJ2ud6oKI8_8.npz","cpu","bert-base-uncased","256"
"-mqbVkbCndg_0","PASS","17","17","False","17","(50, 768)","02_features_q1/stepB_text/data/text_features/bert-base-uncased/-mqbVkbCndg_0.npz","cpu","bert-base-uncased","256"
"-t217m2on-s_2","PASS","16","16","False","16","(50, 768)","02_features_q1/stepB_text/data/text_features/bert-base-uncased/-t217m2on-s_2.npz","cpu","bert-base-uncased","256"
"-t217m2on-s_7","PASS","53","53","False","50","(50, 768)","02_features_q1/stepB_text/data/text_features/bert-base-uncased/-t217m2on-s_7.npz","cpu","bert-base-uncased","256"
"-tANM6ETl_M_3","PASS","29","29","False","29","(50, 768)","02_features_q1/stepB_text/data/text_features/bert-base-uncased/-tANM6ETl_M_3.npz","cpu","bert-base-uncased","256"
"-tPCytz4rww_11","PASS","20","20","False","20","(50, 768)","02_features_q1/stepB_text/data/text_features/bert-base-uncased/-tPCytz4rww_11.npz","cpu","bert-base-uncased","256"
"-tPCytz4rww_10","PASS","15","15","False","15","(50, 768)","02_features_q1/stepB_text/data/text_features/bert-base-uncased/-tPCytz4rww_10.npz","cpu","bert-base-uncased","256"
"-tPCytz4rww_12","PASS","28","28","False","28","(50, 768)","02_features_q1/stepB_text/data/text_features/bert-base-uncased/-tPCytz4rww_12.npz","cpu","bert-base-uncased","256"
"-tPCytz4rww_16","PASS","17","17","False","17","(50, 768)","02_features_q1/stepB_text/data/text_features/bert-base-uncased/-tPCytz4rww_16.npz","cpu","bert-base-uncased","256"
"-tPCytz4rww_18","PASS","22","22","False","22","(50, 768)","02_features_q1/stepB_text/data/text_features/bert-base-uncased/-tPCytz4rww_18.npz","cpu","bert-base-uncased","256"
"-vxjVxOeScU_4","PASS","27","27","False","27","(50, 768)","02_features_q1/stepB_text/data/text_features/bert-base-uncased/-vxjVxOeScU_4.npz","cpu","bert-base-uncased","256"
"-wMB_hJL-3o_7","PASS","23","23","False","23","(50, 768)","02_features_q1/stepB_text/data/text_features/bert-base-uncased/-wMB_hJL-3o_7.npz","cpu","bert-base-uncased","256"
"-wny0OAz3g8_1","PASS","28","28","False","28","(50, 768)","02_features_q1/stepB_text/data/text_features/bert-base-uncased/-wny0OAz3g8_1.npz","cpu","bert-base-uncased","256"
"-wny0OAz3g8_0","PASS","11","11","False","11","(50, 768)","02_features_q1/stepB_text/data/text_features/bert-base-uncased/-wny0OAz3g8_0.npz","cpu","bert-base-uncased","256"
"-wny0OAz3g8_3","PASS","20","20","False","20","(50, 768)","02_features_q1/stepB_text/data/text_features/bert-base-uncased/-wny0OAz3g8_3.npz","cpu","bert-base-uncased","256"
"-wny0OAz3g8_2","PASS","28","28","False","28","(50, 768)","02_features_q1/stepB_text/data/text_features/bert-base-uncased/-wny0OAz3g8_2.npz","cpu","bert-base-uncased","256"
"-wny0OAz3g8_5","PASS","27","27","False","27","(50, 768)","02_features_q1/stepB_text/data/text_features/bert-base-uncased/-wny0OAz3g8_5.npz","cpu","bert-base-uncased","256"
"-wny0OAz3g8_7","PASS","31","31","False","31","(50, 768)","02_features_q1/stepB_text/data/text_features/bert-base-uncased/-wny0OAz3g8_7.npz","cpu","bert-base-uncased","256"
"-wny0OAz3g8_9","PASS","22","22","False","22","(50, 768)","02_features_q1/stepB_text/data/text_features/bert-base-uncased/-wny0OAz3g8_9.npz","cpu","bert-base-uncased","256"
"-571d8cVauQ_0","PASS","16","16","False","16","(50, 768)","02_features_q1/stepB_text/data/text_features/bert-base-uncased/-571d8cVauQ_0.npz","cpu","bert-base-uncased","256"
"-571d8cVauQ_5","PASS","52","52","False","50","(50, 768)","02_features_q1/stepB_text/data/text_features/bert-base-uncased/-571d8cVauQ_5.npz","cpu","bert-base-uncased","256"
"-I_e4mIh0yE_1","PASS","21","21","False","21","(50, 768)","02_features_q1/stepB_text/data/text_features/bert-base-uncased/-I_e4mIh0yE_1.npz","cpu","bert-base-uncased","256"
"-I_e4mIh0yE_3","PASS","30","30","False","30","(50, 768)","02_features_q1/stepB_text/data/text_features/bert-base-uncased/-I_e4mIh0yE_3.npz","cpu","bert-base-uncased","256"
"-UacrmKiTn4_10","PASS","22","22","False","22","(50, 768)","02_features_q1/stepB_text/data/text_features/bert-base-uncased/-UacrmKiTn4_10.npz","cpu","bert-base-uncased","256"
"-UacrmKiTn4_4","PASS","15","15","False","15","(50, 768)","02_features_q1/stepB_text/data/text_features/bert-base-uncased/-UacrmKiTn4_4.npz","cpu","bert-base-uncased","256"
"-hnBHBN8p5A_7","PASS","17","17","False","17","(50, 768)","02_features_q1/stepB_text/data/text_features/bert-base-uncased/-hnBHBN8p5A_7.npz","cpu","bert-base-uncased","256"
"-hnBHBN8p5A_6","PASS","14","14","False","14","(50, 768)","02_features_q1/stepB_text/data/text_features/bert-base-uncased/-hnBHBN8p5A_6.npz","cpu","bert-base-uncased","256"
"-qDkUB0GgYY_6","PASS","18","18","False","18","(50, 768)","02_features_q1/stepB_text/data/text_features/bert-base-uncased/-qDkUB0GgYY_6.npz","cpu","bert-base-uncased","256"
"-uywlfIYOS8_4","PASS","22","22","False","22","(50, 768)","02_features_q1/stepB_text/data/text_features/bert-base-uncased/-uywlfIYOS8_4.npz","cpu","bert-base-uncased","256"
"-6rXp3zJ3kc_8","PASS","38","38","False","38","(50, 768)","02_features_q1/stepB_text/data/text_features/bert-base-uncased/-6rXp3zJ3kc_8.npz","cpu","bert-base-uncased","256"
"-9y-fZ3swSY_0","PASS","28","28","False","28","(50, 768)","02_features_q1/stepB_text/data/text_features/bert-base-uncased/-9y-fZ3swSY_0.npz","cpu","bert-base-uncased","256"
"-9y-fZ3swSY_4","PASS","11","11","False","11","(50, 768)","02_features_q1/stepB_text/data/text_features/bert-base-uncased/-9y-fZ3swSY_4.npz","cpu","bert-base-uncased","256"
"-9y-fZ3swSY_8","PASS","14","14","False","14","(50, 768)","02_features_q1/stepB_text/data/text_features/bert-base-uncased/-9y-fZ3swSY_8.npz","cpu","bert-base-uncased","256"
"-AUZQgSxyPQ_2","PASS","56","56","False","50","(50, 768)","02_features_q1/stepB_text/data/text_features/bert-base-uncased/-AUZQgSxyPQ_2.npz","cpu","bert-base-uncased","256"
"-HeZS2-Prhc_2","PASS","17","17","False","17","(50, 768)","02_features_q1/stepB_text/data/text_features/bert-base-uncased/-HeZS2-Prhc_2.npz","cpu","bert-base-uncased","256"
"-MeTTeMJBNc_0","PASS","26","26","False","26","(50, 768)","02_features_q1/stepB_text/data/text_features/bert-base-uncased/-MeTTeMJBNc_0.npz","cpu","bert-base-uncased","256"
"-MeTTeMJBNc_13","PASS","16","16","False","16","(50, 768)","02_features_q1/stepB_text/data/text_features/bert-base-uncased/-MeTTeMJBNc_13.npz","cpu","bert-base-uncased","256"
"-MeTTeMJBNc_7","PASS","33","33","False","33","(50, 768)","02_features_q1/stepB_text/data/text_features/bert-base-uncased/-MeTTeMJBNc_7.npz","cpu","bert-base-uncased","256"
"-RfYyzHpjk4_11","PASS","19","19","False","19","(50, 768)","02_features_q1/stepB_text/data/text_features/bert-base-uncased/-RfYyzHpjk4_11.npz","cpu","bert-base-uncased","256"
"-RfYyzHpjk4_8","PASS","21","21","False","21","(50, 768)","02_features_q1/stepB_text/data/text_features/bert-base-uncased/-RfYyzHpjk4_8.npz","cpu","bert-base-uncased","256"
"-RfYyzHpjk4_2","PASS","29","29","False","29","(50, 768)","02_features_q1/stepB_text/data/text_features/bert-base-uncased/-RfYyzHpjk4_2.npz","cpu","bert-base-uncased","256"
"-UUCSKoHeMA_0","PASS","23","23","False","23","(50, 768)","02_features_q1/stepB_text/data/text_features/bert-base-uncased/-UUCSKoHeMA_0.npz","cpu","bert-base-uncased","256"
"-ri04Z7vwnc_0","PASS","8","8","False","8","(50, 768)","02_features_q1/stepB_text/data/text_features/bert-base-uncased/-ri04Z7vwnc_0.npz","cpu","bert-base-uncased","256"
"-ri04Z7vwnc_2","PASS","26","26","False","26","(50, 768)","02_features_q1/stepB_text/data/text_features/bert-base-uncased/-ri04Z7vwnc_2.npz","cpu","bert-base-uncased","256"
"-ri04Z7vwnc_5","PASS","11","11","False","11","(50, 768)","02_features_q1/stepB_text/data/text_features/bert-base-uncased/-ri04Z7vwnc_5.npz","cpu","bert-base-uncased","256"
"-s9qJ7ATP7w_1","PASS","12","12","False","12","(50, 768)","02_features_q1/stepB_text/data/text_features/bert-base-uncased/-s9qJ7ATP7w_1.npz","cpu","bert-base-uncased","256"
"-s9qJ7ATP7w_0","PASS","28","28","False","28","(50, 768)","02_features_q1/stepB_text/data/text_features/bert-base-uncased/-s9qJ7ATP7w_0.npz","cpu","bert-base-uncased","256"
"-s9qJ7ATP7w_5","PASS","20","20","False","20","(50, 768)","02_features_q1/stepB_text/data/text_features/bert-base-uncased/-s9qJ7ATP7w_5.npz","cpu","bert-base-uncased","256"
"-s9qJ7ATP7w_4","PASS","10","10","False","10","(50, 768)","02_features_q1/stepB_text/data/text_features/bert-base-uncased/-s9qJ7ATP7w_4.npz","cpu","bert-base-uncased","256"
"-s9qJ7ATP7w_7","PASS","38","38","False","38","(50, 768)","02_features_q1/stepB_text/data/text_features/bert-base-uncased/-s9qJ7ATP7w_7.npz","cpu","bert-base-uncased","256"
"-s9qJ7ATP7w_6","PASS","5","5","False","5","(50, 768)","02_features_q1/stepB_text/data/text_features/bert-base-uncased/-s9qJ7ATP7w_6.npz","cpu","bert-base-uncased","256"
"-s9qJ7ATP7w_8","PASS","17","17","False","17","(50, 768)","02_features_q1/stepB_text/data/text_features/bert-base-uncased/-s9qJ7ATP7w_8.npz","cpu","bert-base-uncased","256"
"-yRb-Jum7EQ_1","PASS","55","55","False","50","(50, 768)","02_features_q1/stepB_text/data/text_features/bert-base-uncased/-yRb-Jum7EQ_1.npz","cpu","bert-base-uncased","256"
"-yRb-Jum7EQ_5","PASS","31","31","False","31","(50, 768)","02_features_q1/stepB_text/data/text_features/bert-base-uncased/-yRb-Jum7EQ_5.npz","cpu","bert-base-uncased","256"
"-yRb-Jum7EQ_6","PASS","24","24","False","24","(50, 768)","02_features_q1/stepB_text/data/text_features/bert-base-uncased/-yRb-Jum7EQ_6.npz","cpu","bert-base-uncased","256"
