source,scope,metric,value,details
label-100.xlsx,label,row_count,100,
label.xlsx,label,row_count,4850,
label-100.xlsx,label,sample_id_formula,PASS,"sample_id=video_id+""_""+clip_id"
label-100.xlsx,label,duplicate_sample_id_count,0,
label-100.xlsx,annotation,Positive,57,
label-100.xlsx,annotation,Neutral,25,
label-100.xlsx,annotation,Negative,18,
label.xlsx,label,sample_id_formula,PASS,"sample_id=video_id+""_""+clip_id"
label.xlsx,label,duplicate_sample_id_count,0,
label.xlsx,annotation,Positive,2370,
label.xlsx,annotation,Negative,1380,
label.xlsx,annotation,Neutral,1100,
label.xlsx,mode,train,3395,
label.xlsx,mode,valid,728,
label.xlsx,mode,test,727,
aligned_50.pkl,train,id_count,3395,
aligned_50.pkl,train,label_lookup_missing,0,
aligned_50.pkl,train,mode_matches_split,PASS,train
aligned_50.pkl,train,regression_label_compared,3395,abs_tol=1e-5
aligned_50.pkl,train,regression_mismatch_count,0,abs_tol=1e-5
aligned_50.pkl,valid,id_count,728,
aligned_50.pkl,valid,label_lookup_missing,0,
aligned_50.pkl,valid,mode_matches_split,PASS,valid
aligned_50.pkl,valid,regression_label_compared,728,abs_tol=1e-5
aligned_50.pkl,valid,regression_mismatch_count,0,abs_tol=1e-5
aligned_50.pkl,test,id_count,727,
aligned_50.pkl,test,label_lookup_missing,0,
aligned_50.pkl,test,mode_matches_split,PASS,test
aligned_50.pkl,test,regression_label_compared,727,abs_tol=1e-5
aligned_50.pkl,test,regression_mismatch_count,0,abs_tol=1e-5
unaligned_50.pkl,train,id_count,3395,
unaligned_50.pkl,train,label_lookup_missing,0,
unaligned_50.pkl,train,mode_matches_split,PASS,train
unaligned_50.pkl,train,regression_label_compared,3395,abs_tol=1e-5
unaligned_50.pkl,train,regression_mismatch_count,0,abs_tol=1e-5
unaligned_50.pkl,valid,id_count,728,
unaligned_50.pkl,valid,label_lookup_missing,0,
unaligned_50.pkl,valid,mode_matches_split,PASS,valid
unaligned_50.pkl,valid,regression_label_compared,728,abs_tol=1e-5
unaligned_50.pkl,valid,regression_mismatch_count,0,abs_tol=1e-5
unaligned_50.pkl,test,id_count,727,
unaligned_50.pkl,test,label_lookup_missing,0,
unaligned_50.pkl,test,mode_matches_split,PASS,test
unaligned_50.pkl,test,regression_label_compared,727,abs_tol=1e-5
unaligned_50.pkl,test,regression_mismatch_count,0,abs_tol=1e-5
label.xlsx vs attachment2,classification,class_0_annotation_mapping,Negative,"{""Negative"": 2760}"
label.xlsx vs attachment2,classification,class_1_annotation_mapping,Neutral,"{""Neutral"": 2200}"
label.xlsx vs attachment2,classification,class_2_annotation_mapping,Positive,"{""Positive"": 4740}"
label.xlsx vs attachment2,classification,classification_labels_annotation_consistency,PASS,one-to-one mapping inferred from both aligned and unaligned PKL
aligned_50.pkl,classification,classification_annotation_mismatch_count,0,compared=4850
unaligned_50.pkl,classification,classification_annotation_mismatch_count,0,compared=4850
label.xlsx,mode,allowed_values_only,PASS,"test,train,valid"
label.xlsx,mode,null_mode_count,0,
aligned_50.pkl,train,xlsx_pkl_id_set_missing_in_pkl,0,
aligned_50.pkl,train,pkl_id_set_extra_vs_xlsx,0,
aligned_50.pkl,valid,xlsx_pkl_id_set_missing_in_pkl,0,
aligned_50.pkl,valid,pkl_id_set_extra_vs_xlsx,0,
aligned_50.pkl,test,xlsx_pkl_id_set_missing_in_pkl,0,
aligned_50.pkl,test,pkl_id_set_extra_vs_xlsx,0,
unaligned_50.pkl,train,xlsx_pkl_id_set_missing_in_pkl,0,
unaligned_50.pkl,train,pkl_id_set_extra_vs_xlsx,0,
unaligned_50.pkl,valid,xlsx_pkl_id_set_missing_in_pkl,0,
unaligned_50.pkl,valid,pkl_id_set_extra_vs_xlsx,0,
unaligned_50.pkl,test,xlsx_pkl_id_set_missing_in_pkl,0,
unaligned_50.pkl,test,pkl_id_set_extra_vs_xlsx,0,
