audio_inf,audio_lengths,audio_nan,audio_shape,audio_zero_rows,file,id_status,pkl_relative_path,pkl_sha256,pkl_size_bytes,raw_text_chars,sample_id,shape_status,text_bert_attention_sum,text_bert_inf,text_bert_nan,text_bert_shape,text_inf,text_nan,text_shape,version,video_exists,video_relative_path,vision_inf,vision_lengths,vision_nan,vision_shape,vision_zero_rows
0,,0,"[50, 74]",28,01.pkl,pass,00_raw_readonly\E题数据\附件4-可解释专项视频样本与特征文件\附件4-可解释专项视频样本与特征文件\对齐版本\01.pkl,5a08410ee779863238edcf349556a2f8e10490a70e02fc95001a64f6c8d17452,199376,137,01,pass,24,0,0,"[3, 50]",0,0,"[50, 768]",对齐版本,True,00_raw_readonly\E题数据\附件4-可解释专项视频样本与特征文件\附件4-可解释专项视频样本与特征文件\对齐版本\videos\01.mp4,0,,0,"[50, 35]",28
0,,0,"[50, 74]",31,02.pkl,pass,00_raw_readonly\E题数据\附件4-可解释专项视频样本与特征文件\附件4-可解释专项视频样本与特征文件\对齐版本\02.pkl,88ed34a500bd7f11027ffc97205e23fdcde162b32bee9c447367b026b41608ac,199111,71,02,pass,21,0,0,"[3, 50]",0,0,"[50, 768]",对齐版本,True,00_raw_readonly\E题数据\附件4-可解释专项视频样本与特征文件\附件4-可解释专项视频样本与特征文件\对齐版本\videos\02.mp4,0,,0,"[50, 35]",31
0,,0,"[50, 74]",17,03.pkl,pass,00_raw_readonly\E题数据\附件4-可解释专项视频样本与特征文件\附件4-可解释专项视频样本与特征文件\对齐版本\03.pkl,237a657ffb78b451b4e504ab8021e6072de404afd83d3b08be1560e98ca62860,199400,143,03,pass,35,0,0,"[3, 50]",0,0,"[50, 768]",对齐版本,True,00_raw_readonly\E题数据\附件4-可解释专项视频样本与特征文件\附件4-可解释专项视频样本与特征文件\对齐版本\videos\03.mp4,0,,0,"[50, 35]",17
0,,0,"[50, 74]",24,04.pkl,pass,00_raw_readonly\E题数据\附件4-可解释专项视频样本与特征文件\附件4-可解释专项视频样本与特征文件\对齐版本\04.pkl,f7d7291b6ed0050ad3fd439bd3f85ce6fafb230a6399366a76e0b52f017bf4a7,199256,107,04,pass,28,0,0,"[3, 50]",0,0,"[50, 768]",对齐版本,True,00_raw_readonly\E题数据\附件4-可解释专项视频样本与特征文件\附件4-可解释专项视频样本与特征文件\对齐版本\videos\04.mp4,0,,0,"[50, 35]",24
0,,0,"[50, 74]",35,05.pkl,pass,00_raw_readonly\E题数据\附件4-可解释专项视频样本与特征文件\附件4-可解释专项视频样本与特征文件\对齐版本\05.pkl,c6948e101e25656832290edf03daaf400b9a566e912775193d5f3ecdf9388eec,199067,61,05,pass,17,0,0,"[3, 50]",0,0,"[50, 768]",对齐版本,True,00_raw_readonly\E题数据\附件4-可解释专项视频样本与特征文件\附件4-可解释专项视频样本与特征文件\对齐版本\videos\05.mp4,0,,0,"[50, 35]",35
0,,0,"[50, 74]",15,06.pkl,pass,00_raw_readonly\E题数据\附件4-可解释专项视频样本与特征文件\附件4-可解释专项视频样本与特征文件\对齐版本\06.pkl,8c432420054ac28bfcacbbee18d0e8397bc87fa0c7e8cbb11f525d6e366fdd57,199472,161,06,pass,37,0,0,"[3, 50]",0,0,"[50, 768]",对齐版本,True,00_raw_readonly\E题数据\附件4-可解释专项视频样本与特征文件\附件4-可解释专项视频样本与特征文件\对齐版本\videos\06.mp4,0,,0,"[50, 35]",15
0,,0,"[50, 74]",2,07.pkl,pass,00_raw_readonly\E题数据\附件4-可解释专项视频样本与特征文件\附件4-可解释专项视频样本与特征文件\对齐版本\07.pkl,f16e44523bd82862435489552910ef3b801dd5b7501d67b84b83ee1496b0c5a0,200148,330,07,pass,50,0,0,"[3, 50]",0,0,"[50, 768]",对齐版本,True,00_raw_readonly\E题数据\附件4-可解释专项视频样本与特征文件\附件4-可解释专项视频样本与特征文件\对齐版本\videos\07.mp4,0,,0,"[50, 35]",2
0,,0,"[50, 74]",39,08.pkl,pass,00_raw_readonly\E题数据\附件4-可解释专项视频样本与特征文件\附件4-可解释专项视频样本与特征文件\对齐版本\08.pkl,a1cccd885234d22478f30d0a3b253277e0567abaecc6ac683734b7e3dfc255c4,199075,63,08,pass,13,0,0,"[3, 50]",0,0,"[50, 768]",对齐版本,True,00_raw_readonly\E题数据\附件4-可解释专项视频样本与特征文件\附件4-可解释专项视频样本与特征文件\对齐版本\videos\08.mp4,0,,0,"[50, 35]",39
0,,0,"[50, 74]",32,09.pkl,pass,00_raw_readonly\E题数据\附件4-可解释专项视频样本与特征文件\附件4-可解释专项视频样本与特征文件\对齐版本\09.pkl,f00ad50bdc14a4c9fe58fb4e421d6c8ee052d281d917766314f2846e48af8ff7,199083,64,09,pass,20,0,0,"[3, 50]",0,0,"[50, 768]",对齐版本,True,00_raw_readonly\E题数据\附件4-可解释专项视频样本与特征文件\附件4-可解释专项视频样本与特征文件\对齐版本\videos\09.mp4,0,,0,"[50, 35]",32
0,,0,"[50, 74]",20,10.pkl,pass,00_raw_readonly\E题数据\附件4-可解释专项视频样本与特征文件\附件4-可解释专项视频样本与特征文件\对齐版本\10.pkl,693326817b8253fc907a3c1df1b05dd1f10c7bc756a86ce125bb903b01eaf571,199344,129,10,pass,32,0,0,"[3, 50]",0,0,"[50, 768]",对齐版本,True,00_raw_readonly\E题数据\附件4-可解释专项视频样本与特征文件\附件4-可解释专项视频样本与特征文件\对齐版本\videos\10.mp4,0,,0,"[50, 35]",20
0,,0,"[50, 74]",36,11.pkl,pass,00_raw_readonly\E题数据\附件4-可解释专项视频样本与特征文件\附件4-可解释专项视频样本与特征文件\对齐版本\11.pkl,6e4c4b2fe76d6bbc56d1d21447ec9dff5309adb1227de8adab116ff703f42ffb,199067,61,11,pass,16,0,0,"[3, 50]",0,0,"[50, 768]",对齐版本,True,00_raw_readonly\E题数据\附件4-可解释专项视频样本与特征文件\附件4-可解释专项视频样本与特征文件\对齐版本\videos\11.mp4,0,,0,"[50, 35]",36
0,,0,"[50, 74]",8,12.pkl,pass,00_raw_readonly\E题数据\附件4-可解释专项视频样本与特征文件\附件4-可解释专项视频样本与特征文件\对齐版本\12.pkl,5d003f471f20ac8d51553c3b217fc594075067a4c806fc07139839d681a97032,199572,186,12,pass,44,0,0,"[3, 50]",0,0,"[50, 768]",对齐版本,True,00_raw_readonly\E题数据\附件4-可解释专项视频样本与特征文件\附件4-可解释专项视频样本与特征文件\对齐版本\videos\12.mp4,0,,0,"[50, 35]",8
0,,0,"[50, 74]",20,13.pkl,pass,00_raw_readonly\E题数据\附件4-可解释专项视频样本与特征文件\附件4-可解释专项视频样本与特征文件\对齐版本\13.pkl,e2d3d3c55bc52e7178e6e7f9b28e677018f14c76966d9ec5ac486d8fbbfd8281,199352,131,13,pass,32,0,0,"[3, 50]",0,0,"[50, 768]",对齐版本,True,00_raw_readonly\E题数据\附件4-可解释专项视频样本与特征文件\附件4-可解释专项视频样本与特征文件\对齐版本\videos\13.mp4,0,,0,"[50, 35]",50
0,,0,"[50, 74]",15,14.pkl,pass,00_raw_readonly\E题数据\附件4-可解释专项视频样本与特征文件\附件4-可解释专项视频样本与特征文件\对齐版本\14.pkl,5a07719d0610e979be9cc58f4137c951259048fe6ab9918cafd9e27d62f0b5dd,199456,157,14,pass,37,0,0,"[3, 50]",0,0,"[50, 768]",对齐版本,True,00_raw_readonly\E题数据\附件4-可解释专项视频样本与特征文件\附件4-可解释专项视频样本与特征文件\对齐版本\videos\14.mp4,0,,0,"[50, 35]",15
0,,0,"[50, 74]",29,15.pkl,pass,00_raw_readonly\E题数据\附件4-可解释专项视频样本与特征文件\附件4-可解释专项视频样本与特征文件\对齐版本\15.pkl,1fd8521f61b769038a991088f11a9693e0ad9f05ad92f9924d502cc147a7cd1f,199296,117,15,pass,23,0,0,"[3, 50]",0,0,"[50, 768]",对齐版本,True,00_raw_readonly\E题数据\附件4-可解释专项视频样本与特征文件\附件4-可解释专项视频样本与特征文件\对齐版本\videos\15.mp4,0,,0,"[50, 35]",29
0,,0,"[50, 74]",39,16.pkl,pass,00_raw_readonly\E题数据\附件4-可解释专项视频样本与特征文件\附件4-可解释专项视频样本与特征文件\对齐版本\16.pkl,5528f121c021c3648f41e013e829c0a73870eafbbde73415147a074be81d722f,198987,41,16,pass,13,0,0,"[3, 50]",0,0,"[50, 768]",对齐版本,True,00_raw_readonly\E题数据\附件4-可解释专项视频样本与特征文件\附件4-可解释专项视频样本与特征文件\对齐版本\videos\16.mp4,0,,0,"[50, 35]",39
0,,0,"[50, 74]",26,17.pkl,pass,00_raw_readonly\E题数据\附件4-可解释专项视频样本与特征文件\附件4-可解释专项视频样本与特征文件\对齐版本\17.pkl,7b841ea3fdea42ef7d0ba607d90ea61a86a44066eb4ee3d1a70e8180a7b47796,199352,131,17,pass,26,0,0,"[3, 50]",0,0,"[50, 768]",对齐版本,True,00_raw_readonly\E题数据\附件4-可解释专项视频样本与特征文件\附件4-可解释专项视频样本与特征文件\对齐版本\videos\17.mp4,0,,0,"[50, 35]",26
0,,0,"[50, 74]",2,18.pkl,pass,00_raw_readonly\E题数据\附件4-可解释专项视频样本与特征文件\附件4-可解释专项视频样本与特征文件\对齐版本\18.pkl,1fc0a00c832183dceeae626937716da6c4c096f621a7706c9268b76dedfa7f06,199908,270,18,pass,50,0,0,"[3, 50]",0,0,"[50, 768]",对齐版本,True,00_raw_readonly\E题数据\附件4-可解释专项视频样本与特征文件\附件4-可解释专项视频样本与特征文件\对齐版本\videos\18.mp4,0,,0,"[50, 35]",2
0,,0,"[50, 74]",11,19.pkl,pass,00_raw_readonly\E题数据\附件4-可解释专项视频样本与特征文件\附件4-可解释专项视频样本与特征文件\对齐版本\19.pkl,ef099682c44a9e6ba5135a74d4babf12a91ba5ee2895b32d191679244dd1c221,199652,206,19,pass,41,0,0,"[3, 50]",0,0,"[50, 768]",对齐版本,True,00_raw_readonly\E题数据\附件4-可解释专项视频样本与特征文件\附件4-可解释专项视频样本与特征文件\对齐版本\videos\19.mp4,0,,0,"[50, 35]",11
0,,0,"[50, 74]",7,20.pkl,pass,00_raw_readonly\E题数据\附件4-可解释专项视频样本与特征文件\附件4-可解释专项视频样本与特征文件\对齐版本\20.pkl,c9aed197e075fa99518e71cbb2ed17406178d9237d40c785409eacf1fa7f1a68,199516,172,20,pass,45,0,0,"[3, 50]",0,0,"[50, 768]",对齐版本,True,00_raw_readonly\E题数据\附件4-可解释专项视频样本与特征文件\附件4-可解释专项视频样本与特征文件\对齐版本\videos\20.mp4,0,,0,"[50, 35]",7
0,179,0,"[500, 74]",321,01.pkl,pass,00_raw_readonly\E题数据\附件4-可解释专项视频样本与特征文件\附件4-可解释专项视频样本与特征文件\未对齐版本\01.pkl,70e55e2709905d7ea9becf70d8dd91d83688e5902b6c5e601aa6d16e703e4659,591833,137,01,pass,24,0,0,"[3, 50]",0,0,"[50, 768]",未对齐版本,True,00_raw_readonly\E题数据\附件4-可解释专项视频样本与特征文件\附件4-可解释专项视频样本与特征文件\未对齐版本\videos\01.mp4,0,135,0,"[500, 35]",365
0,66,0,"[500, 74]",434,02.pkl,pass,00_raw_readonly\E题数据\附件4-可解释专项视频样本与特征文件\附件4-可解释专项视频样本与特征文件\未对齐版本\02.pkl,17e1a7c74f20dd25ca240b289add7a3b632ff2d6fb73d71eb1e1c6006b1f3cb9,591568,71,02,pass,21,0,0,"[3, 50]",0,0,"[50, 768]",未对齐版本,True,00_raw_readonly\E题数据\附件4-可解释专项视频样本与特征文件\附件4-可解释专项视频样本与特征文件\未对齐版本\videos\02.mp4,0,50,0,"[500, 35]",450
0,191,0,"[500, 74]",309,03.pkl,pass,00_raw_readonly\E题数据\附件4-可解释专项视频样本与特征文件\附件4-可解释专项视频样本与特征文件\未对齐版本\03.pkl,0d959289f51abebc34cb911895d7da4c70bb032d2fe281906b8f27ef6411cd8b,591857,143,03,pass,35,0,0,"[3, 50]",0,0,"[50, 768]",未对齐版本,True,00_raw_readonly\E题数据\附件4-可解释专项视频样本与特征文件\附件4-可解释专项视频样本与特征文件\未对齐版本\videos\03.mp4,0,144,0,"[500, 35]",356
0,137,0,"[500, 74]",363,04.pkl,pass,00_raw_readonly\E题数据\附件4-可解释专项视频样本与特征文件\附件4-可解释专项视频样本与特征文件\未对齐版本\04.pkl,f05343ac26cc037a6023a8e00ca1ffa7d5578db9bac6f2dad2e97bebf2ee188c,591713,107,04,pass,28,0,0,"[3, 50]",0,0,"[50, 768]",未对齐版本,True,00_raw_readonly\E题数据\附件4-可解释专项视频样本与特征文件\附件4-可解释专项视频样本与特征文件\未对齐版本\videos\04.mp4,0,103,0,"[500, 35]",397
0,120,0,"[500, 74]",380,05.pkl,pass,00_raw_readonly\E题数据\附件4-可解释专项视频样本与特征文件\附件4-可解释专项视频样本与特征文件\未对齐版本\05.pkl,cf0cd1b562e4516a25a04c23953f9baecaa0f42ce4044aa4eb9b1aba221e70a9,591524,61,05,pass,17,0,0,"[3, 50]",0,0,"[50, 768]",未对齐版本,True,00_raw_readonly\E题数据\附件4-可解释专项视频样本与特征文件\附件4-可解释专项视频样本与特征文件\未对齐版本\videos\05.mp4,0,90,0,"[500, 35]",410
0,163,0,"[500, 74]",337,06.pkl,pass,00_raw_readonly\E题数据\附件4-可解释专项视频样本与特征文件\附件4-可解释专项视频样本与特征文件\未对齐版本\06.pkl,3a5e9de011531ec38d60430053a221bfde7e05b253cbbf414b6ec08c42b9eee4,591929,161,06,pass,37,0,0,"[3, 50]",0,0,"[50, 768]",未对齐版本,True,00_raw_readonly\E题数据\附件4-可解释专项视频样本与特征文件\附件4-可解释专项视频样本与特征文件\未对齐版本\videos\06.mp4,0,123,0,"[500, 35]",377
0,425,0,"[500, 74]",75,07.pkl,pass,00_raw_readonly\E题数据\附件4-可解释专项视频样本与特征文件\附件4-可解释专项视频样本与特征文件\未对齐版本\07.pkl,b6f9a61599a16d0dee901ec277cdb32bde3ab50a223b15823fd0368b61f32314,592607,330,07,pass,50,0,0,"[3, 50]",0,0,"[50, 768]",未对齐版本,True,00_raw_readonly\E题数据\附件4-可解释专项视频样本与特征文件\附件4-可解释专项视频样本与特征文件\未对齐版本\videos\07.mp4,0,319,0,"[500, 35]",181
0,98,0,"[500, 74]",402,08.pkl,pass,00_raw_readonly\E题数据\附件4-可解释专项视频样本与特征文件\附件4-可解释专项视频样本与特征文件\未对齐版本\08.pkl,842aa20b0b30bd8cdef2d1f2e3c458abf01caaacb416b23a4dc8b7129ca660f3,591532,63,08,pass,13,0,0,"[3, 50]",0,0,"[50, 768]",未对齐版本,True,00_raw_readonly\E题数据\附件4-可解释专项视频样本与特征文件\附件4-可解释专项视频样本与特征文件\未对齐版本\videos\08.mp4,0,74,0,"[500, 35]",426
0,99,0,"[500, 74]",401,09.pkl,pass,00_raw_readonly\E题数据\附件4-可解释专项视频样本与特征文件\附件4-可解释专项视频样本与特征文件\未对齐版本\09.pkl,f42d91d2c1b8e6cad707eccd029c57eb1cb9e9300544ad1ba10bf0a96627ce65,591540,64,09,pass,20,0,0,"[3, 50]",0,0,"[50, 768]",未对齐版本,True,00_raw_readonly\E题数据\附件4-可解释专项视频样本与特征文件\附件4-可解释专项视频样本与特征文件\未对齐版本\videos\09.mp4,0,75,0,"[500, 35]",425
0,195,0,"[500, 74]",305,10.pkl,pass,00_raw_readonly\E题数据\附件4-可解释专项视频样本与特征文件\附件4-可解释专项视频样本与特征文件\未对齐版本\10.pkl,b12cb66e785c60faaa92d91be71bcae87dd4c0282bdd7e53241a7bb3e7413aa9,591801,129,10,pass,32,0,0,"[3, 50]",0,0,"[50, 768]",未对齐版本,True,00_raw_readonly\E题数据\附件4-可解释专项视频样本与特征文件\附件4-可解释专项视频样本与特征文件\未对齐版本\videos\10.mp4,0,147,0,"[500, 35]",353
0,114,0,"[500, 74]",386,11.pkl,pass,00_raw_readonly\E题数据\附件4-可解释专项视频样本与特征文件\附件4-可解释专项视频样本与特征文件\未对齐版本\11.pkl,64b0b19f12977bb24684cbb874d88e3dde71ad7f93821f8a382d05d3047c3005,591524,61,11,pass,16,0,0,"[3, 50]",0,0,"[50, 768]",未对齐版本,True,00_raw_readonly\E题数据\附件4-可解释专项视频样本与特征文件\附件4-可解释专项视频样本与特征文件\未对齐版本\videos\11.mp4,0,86,0,"[500, 35]",414
0,257,0,"[500, 74]",243,12.pkl,pass,00_raw_readonly\E题数据\附件4-可解释专项视频样本与特征文件\附件4-可解释专项视频样本与特征文件\未对齐版本\12.pkl,fd7cb86a2952ef384b0f1ce0dc58391332379e1d065d48100735b40ce991a624,592030,186,12,pass,44,0,0,"[3, 50]",0,0,"[50, 768]",未对齐版本,True,00_raw_readonly\E题数据\附件4-可解释专项视频样本与特征文件\附件4-可解释专项视频样本与特征文件\未对齐版本\videos\12.mp4,0,193,0,"[500, 35]",307
0,173,0,"[500, 74]",327,13.pkl,pass,00_raw_readonly\E题数据\附件4-可解释专项视频样本与特征文件\附件4-可解释专项视频样本与特征文件\未对齐版本\13.pkl,4d8b77cdc24eecaa5104f19eaff60bad12fbf1886f40f1d95491decc9b31f7e0,591809,131,13,pass,32,0,0,"[3, 50]",0,0,"[50, 768]",未对齐版本,True,00_raw_readonly\E题数据\附件4-可解释专项视频样本与特征文件\附件4-可解释专项视频样本与特征文件\未对齐版本\videos\13.mp4,0,1,0,"[500, 35]",483
0,204,0,"[500, 74]",296,14.pkl,pass,00_raw_readonly\E题数据\附件4-可解释专项视频样本与特征文件\附件4-可解释专项视频样本与特征文件\未对齐版本\14.pkl,17b0576012b71cdbebddfd38375e19f21fbe8e1eefa4813ac945196c734c9f55,591913,157,14,pass,37,0,0,"[3, 50]",0,0,"[50, 768]",未对齐版本,True,00_raw_readonly\E题数据\附件4-可解释专项视频样本与特征文件\附件4-可解释专项视频样本与特征文件\未对齐版本\videos\14.mp4,0,153,0,"[500, 35]",347
0,145,0,"[500, 74]",355,15.pkl,pass,00_raw_readonly\E题数据\附件4-可解释专项视频样本与特征文件\附件4-可解释专项视频样本与特征文件\未对齐版本\15.pkl,e12cb1d0b69558c7f81eecb2063769b872e58718051c7ea6b2761c066763f594,591753,117,15,pass,23,0,0,"[3, 50]",0,0,"[50, 768]",未对齐版本,True,00_raw_readonly\E题数据\附件4-可解释专项视频样本与特征文件\附件4-可解释专项视频样本与特征文件\未对齐版本\videos\15.mp4,0,110,0,"[500, 35]",390
0,60,0,"[500, 74]",440,16.pkl,pass,00_raw_readonly\E题数据\附件4-可解释专项视频样本与特征文件\附件4-可解释专项视频样本与特征文件\未对齐版本\16.pkl,359fae06a5df658729772eda07de43a12627a53574df95164942eb5f7a594153,591444,41,16,pass,13,0,0,"[3, 50]",0,0,"[50, 768]",未对齐版本,True,00_raw_readonly\E题数据\附件4-可解释专项视频样本与特征文件\附件4-可解释专项视频样本与特征文件\未对齐版本\videos\16.mp4,0,1,0,"[500, 35]",460
0,191,0,"[500, 74]",309,17.pkl,pass,00_raw_readonly\E题数据\附件4-可解释专项视频样本与特征文件\附件4-可解释专项视频样本与特征文件\未对齐版本\17.pkl,5d52d13cec0e716c6dab949e3296607d6f32bf320cb4029fde1d2b532101a41c,591809,131,17,pass,26,0,0,"[3, 50]",0,0,"[50, 768]",未对齐版本,True,00_raw_readonly\E题数据\附件4-可解释专项视频样本与特征文件\附件4-可解释专项视频样本与特征文件\未对齐版本\videos\17.mp4,0,143,0,"[500, 35]",357
0,372,0,"[500, 74]",128,18.pkl,pass,00_raw_readonly\E题数据\附件4-可解释专项视频样本与特征文件\附件4-可解释专项视频样本与特征文件\未对齐版本\18.pkl,7991357145a879fa8d85a028f043a6835243b24a6454bf5ec89c485cbc6335cf,592367,270,18,pass,50,0,0,"[3, 50]",0,0,"[50, 768]",未对齐版本,True,00_raw_readonly\E题数据\附件4-可解释专项视频样本与特征文件\附件4-可解释专项视频样本与特征文件\未对齐版本\videos\18.mp4,0,280,0,"[500, 35]",220
0,272,0,"[500, 74]",228,19.pkl,pass,00_raw_readonly\E题数据\附件4-可解释专项视频样本与特征文件\附件4-可解释专项视频样本与特征文件\未对齐版本\19.pkl,14041c0d6b2d351cd900603044f617d549e25821fa04b3f57d62c4a4e52fad4e,592110,206,19,pass,41,0,0,"[3, 50]",0,0,"[50, 768]",未对齐版本,True,00_raw_readonly\E题数据\附件4-可解释专项视频样本与特征文件\附件4-可解释专项视频样本与特征文件\未对齐版本\videos\19.mp4,0,204,0,"[500, 35]",296
0,216,0,"[500, 74]",284,20.pkl,pass,00_raw_readonly\E题数据\附件4-可解释专项视频样本与特征文件\附件4-可解释专项视频样本与特征文件\未对齐版本\20.pkl,2ed97e598f321dc82392e6b3d85963c629cea4ea8bc166705b697a7694ff7f44,591973,172,20,pass,45,0,0,"[3, 50]",0,0,"[50, 768]",未对齐版本,True,00_raw_readonly\E题数据\附件4-可解释专项视频样本与特征文件\附件4-可解释专项视频样本与特征文件\未对齐版本\videos\20.mp4,0,162,0,"[500, 35]",338
