sample_id,predicted_class,classification_main_modality,regression_main_modality,classification_status,regression_status,classification_signed_text,classification_abs_text,classification_normalized_text,regression_signed_text,regression_abs_text,regression_normalized_text,classification_signed_audio,classification_abs_audio,classification_normalized_audio,regression_signed_audio,regression_abs_audio,regression_normalized_audio,classification_signed_vision,classification_abs_vision,classification_normalized_vision,regression_signed_vision,regression_abs_vision,regression_normalized_vision
01,Neutral,text,text,ok,ok,0.3416222035884857,0.3416222035884857,0.7686299372795552,0.30825647711753845,0.30825647711753845,0.9999999675594824,0.08473712205886841,0.08473712205886841,0.19065355860714106,0.0,0.0,0.0,-0.0180966854095459,0.0180966854095459,0.04071648161388983,0.0,0.0,0.0
02,Positive,text,text,ok,ok,0.6942560486495495,0.6942560486495495,0.8118962058577994,1.4534138441085815,1.4534138441085815,0.7603846064291423,-0.09618210792541504,0.09618210792541504,0.11247995411483769,-0.3009868860244751,0.3009868860244751,0.15746774106890613,0.0646662712097168,0.0646662712097168,0.07562382833288489,0.15701860189437866,0.15701860189437866,0.08214764727023723
03,Neutral,text,text,ok,ok,0.3544559180736542,0.3544559180736542,0.7725542878665128,0.728818416595459,0.728818416595459,0.9999999862791613,-0.08745092153549194,0.08745092153549194,0.19060362929554336,0.0,0.0,0.0,0.01690351963043213,0.01690351963043213,0.03684206104244687,0.0,0.0,0.0
04,Positive,text,vision,ok,ok,0.15892016887664795,0.15892016887664795,0.5284085227003668,0.050984740257263184,0.050984740257263184,0.10365322704229261,-0.009009301662445068,0.009009301662445068,0.029955869136469863,-0.03697407245635986,0.03697407245635986,0.07516919587427494,0.13282299041748047,0.13282299041748047,0.4416355749132288,0.40391916036605835,0.40391916036605835,0.8211775567531873
05,Positive,text,text,ok,ok,0.5672924816608429,0.5672924816608429,0.7361484334102234,0.8767999277839635,0.8767999277839635,0.6318839491673266,-0.0091017484664917,0.0091017484664917,0.011810905470288817,-0.13285869359970093,0.13285869359970093,0.09574735733061758,0.1942281723022461,0.1942281723022461,0.25204064814296406,0.37793782353401184,0.37793782353401184,0.27236868629534966
06,Positive,text,text,ok,ok,0.42681628465652466,0.42681628465652466,0.9631305339827261,0.4246007204055786,0.4246007204055786,0.8726942134949733,-0.003533482551574707,0.003533482551574707,0.007973465537884717,-0.03460550308227539,0.03460550308227539,0.07112569725773696,0.012805402278900146,0.012805402278900146,0.02889597791393028,0.027333855628967285,0.027333855628967285,0.05618006869399873
07,Positive,text,text,ok,ok,0.46650180220603943,0.46650180220603943,0.9507653906063357,0.42252594232559204,0.42252594232559204,0.7468928802713044,-0.0016910433769226074,0.0016910433769226074,0.0034464722519592125,-0.0393674373626709,0.0393674373626709,0.06958923875506733,0.02246636152267456,0.02246636152267456,0.045788116760960916,0.10381817817687988,0.10381817817687988,0.1835178632967756
08,Positive,text,text,ok,ok,0.8637438789010048,0.8637438789010048,0.9591469395367218,1.7513495087623596,1.7513495087623596,0.861868439627243,-0.016659259796142578,0.016659259796142578,0.018499324207944576,-0.20799607038497925,0.20799607038497925,0.10235835150802258,-0.020130276679992676,0.020130276679992676,0.022353725150804023,-0.07269251346588135,0.07269251346588135,0.03577320394356685
09,Negative,text,text,ok,ok,0.6070399582386017,0.6070399582386017,0.8259731669616014,-1.4775763750076294,1.4775763750076294,0.7027361515358477,-0.09707903861999512,0.09707903861999512,0.13209127321240982,0.5653436779975891,0.5653436779975891,0.26887776990146844,0.030820071697235107,0.030820071697235107,0.04193554621941874,-0.059684693813323975,0.059684693813323975,0.028386073806678278
10,Negative,text,text,ok,ok,0.7064936757087708,0.7064936757087708,0.91678911378872,-2.1021452248096466,2.1021452248096466,0.7387943901513436,-0.018220961093902588,0.018220961093902588,0.023644626056842023,0.23596882820129395,0.23596882820129395,0.0829307340274211,0.045902788639068604,0.045902788639068604,0.05956624717783045,-0.507258415222168,0.507258415222168,0.17827487230675695
11,Negative,vision,vision,ok,ok,0.09164482355117798,0.09164482355117798,0.46033066277575035,-0.6170463562011719,0.6170463562011719,0.34588943367064695,-0.00015681982040405273,0.00015681982040405273,0.0007877037574594559,0.14661777019500732,0.14661777019500732,0.0821875649846157,0.10728311538696289,0.10728311538696289,0.5388815832369306,-1.0202769041061401,1.0202769041061401,0.5719229957391709
12,Negative,text,text,ok,ok,0.24227464199066162,0.24227464199066162,0.7078844731282653,-0.566098541021347,0.566098541021347,0.48333779274918176,-0.07369202375411987,0.07369202375411987,0.21531530902417534,0.43112248182296753,0.43112248182296753,0.36809455186531675,0.026284992694854736,0.026284992694854736,0.07680018862929425,-0.17400652170181274,0.17400652170181274,0.14856764684745105
13,Neutral,text,text,ok,ok,0.45282259583473206,0.45282259583473206,0.9955066959249824,9.999999974752427e-07,9.999999974752427e-07,0.9900990098762401,-0.0020438432693481445,0.0020438432693481445,0.004493282090542763,0.0,0.0,0.0,0.0,0.0,0.0,0.0,0.0,0.0
14,Positive,vision,text,ok,ok,-0.10494309663772583,0.10494309663772583,0.16622912508564816,-0.4540926218032837,0.4540926218032837,0.4285001455972576,-0.16111063957214355,0.16111063957214355,0.2551981170378297,-0.1880539059638977,0.1880539059638977,0.17745526400684727,0.3652621954679489,0.3652621954679489,0.5785727420365926,0.41757917404174805,0.41757917404174805,0.39404458095949113
15,Negative,text,text,ok,ok,0.3109157979488373,0.3109157979488373,0.6554347511048415,-0.7071713507175446,0.7071713507175446,0.688773683088606,-0.03016120195388794,0.03016120195388794,0.06358216605938576,0.10739454627037048,0.10739454627037048,0.10460058527995685,-0.13328874111175537,0.13328874111175537,0.2809830617549929,0.2121448516845703,0.2121448516845703,0.20662572189159584
16,Negative,text,text,ok,ok,0.24725478887557983,0.24725478887557983,0.9605287036621161,-1.0227834582328796,1.0227834582328796,0.9069647761423828,-0.004055142402648926,0.004055142402648926,0.01575330731871762,0.0719681978225708,0.0719681978225708,0.06381861175218244,-0.006105363368988037,0.006105363368988037,0.023717950171437286,-0.032947540283203125,0.032947540283203125,0.02921660323782193
17,Positive,text,text,ok,ok,0.4698569178581238,0.4698569178581238,0.9776532915333526,0.5441052913665771,0.5441052913665771,0.7403745077147065,-0.0007905364036560059,0.0007905364036560059,0.0016449061144708022,-0.04933655261993408,0.04933655261993408,0.06713319358939097,0.009949207305908203,0.009949207305908203,0.02070178154470831,0.14146363735198975,0.14146363735198975,0.1924922850887107
18,Neutral,text,text,ok,ok,0.5826625227928162,0.5826625227928162,0.902417762281581,0.4232839345932007,0.4232839345932007,0.9999999763751966,-0.04577118158340454,0.04577118158340454,0.07088962417472493,0.0,0.0,0.0,0.01723456382751465,0.01723456382751465,0.026692598055864873,0.0,0.0,0.0
19,Positive,text,text,ok,ok,0.4275296628475189,0.4275296628475189,0.6804095501927365,0.8675629049539566,0.8675629049539566,0.6487265147843464,0.1058962345123291,0.1058962345123291,0.16853288918419787,0.3841637372970581,0.3841637372970581,0.2872612475477801,0.09491574764251709,0.09491574764251709,0.15105754470815694,0.08560562133789062,0.08560562133789062,0.06401223019030026
20,Positive,text,text,ok,ok,0.5756397247314453,0.5756397247314453,0.7376040957491036,0.8750977979431127,0.8750977979431127,0.6407319421840534,-0.020010054111480713,0.020010054111480713,0.025640165601279775,-0.13756465911865234,0.13756465911865234,0.10072253800678768,0.18476849794387817,0.18476849794387817,0.2367557258359753,0.35311585664749146,0.35311585664749146,0.25854551248732655
