sample_id,source_version,predicted_class_index,predicted_class,predicted_intensity,prob_negative,prob_neutral,prob_positive,model_variant,model_seed,best_epoch,fusion_weight_text,fusion_weight_audio,fusion_weight_vision
01,attachment4_aligned_50,1,Neutral,0.0,0.015148527920246124,0.6857460737228394,0.2991054654121399,robust_norec,42,10,0.8748469352722168,0.08676233142614365,0.038390740752220154
02,attachment4_aligned_50,2,Positive,0.6676115393638611,0.07421112805604935,0.17271918058395386,0.7530696988105774,robust_norec,42,10,0.7151216864585876,0.12063644081354141,0.16424186527729034
03,attachment4_aligned_50,1,Neutral,0.0,0.2845365107059479,0.6120584011077881,0.10340516269207001,robust_norec,42,10,0.4455374777317047,0.5062236785888672,0.04823887720704079
04,attachment4_aligned_50,2,Positive,1.1986314058303833,0.04020770266652107,0.06811361014842987,0.8916786909103394,robust_norec,42,10,0.5330203175544739,0.12976673245429993,0.3372129201889038
05,attachment4_aligned_50,2,Positive,0.8767989277839661,0.003494161879643798,0.06713831424713135,0.9293675422668457,robust_norec,42,10,0.8960432410240173,0.06475439667701721,0.039202332496643066
06,attachment4_aligned_50,2,Positive,1.1619813442230225,0.01534071285277605,0.07160325348377228,0.9130560159683228,robust_norec,42,10,0.7007141709327698,0.18018344044685364,0.11910242587327957
07,attachment4_aligned_50,2,Positive,0.9553848505020142,0.002501733833923936,0.041126903146505356,0.9563714265823364,robust_norec,42,10,0.9223664999008179,0.03278160095214844,0.044851962476968765
08,attachment4_aligned_50,2,Positive,0.8510393500328064,0.004873339086771011,0.06912913173437119,0.9259975552558899,robust_norec,42,10,0.8205219507217407,0.10807101428508759,0.07140703499317169
09,attachment4_aligned_50,0,Negative,-0.951598584651947,0.8436900973320007,0.12185414135456085,0.0344557911157608,robust_norec,42,10,0.16683760285377502,0.4645770788192749,0.36858540773391724
10,attachment4_aligned_50,0,Negative,-1.786165475845337,0.9596166610717773,0.028578022494912148,0.011805354617536068,robust_norec,42,10,0.18696539103984833,0.10783642530441284,0.7051982283592224
11,attachment4_aligned_50,0,Negative,-1.8518221378326416,0.9751937389373779,0.019362442195415497,0.00544373132288456,robust_norec,42,10,0.2521000802516937,0.03493298217654228,0.7129669785499573
12,attachment4_aligned_50,0,Negative,-0.856982409954071,0.8402036428451538,0.13350404798984528,0.026292283087968826,robust_norec,42,10,0.2966829836368561,0.20095936954021454,0.5023576617240906
13,attachment4_aligned_50,1,Neutral,0.0,0.13095951080322266,0.8102497458457947,0.058790676295757294,robust_norec,42,10,0.9205023646354675,0.06704571843147278,0.012451913207769394
14,attachment4_aligned_50,2,Positive,0.41757917404174805,0.010081944055855274,0.402762234210968,0.5871558785438538,robust_norec,42,10,0.8957289457321167,0.05871373787522316,0.04555733874440193
15,attachment4_aligned_50,0,Negative,-0.2272239625453949,0.504993736743927,0.40530824661254883,0.0896979495882988,robust_norec,42,10,0.5737577676773071,0.2048252671957016,0.2214169204235077
16,attachment4_aligned_50,0,Negative,-1.603257656097412,0.9573632478713989,0.031512223184108734,0.011124592274427414,robust_norec,42,10,0.1894259750843048,0.10088831186294556,0.7096856832504272
17,attachment4_aligned_50,2,Positive,1.3115627765655518,0.0012289815349504352,0.021069051697850227,0.9777020215988159,robust_norec,42,10,0.9392749071121216,0.019219165667891502,0.04150594770908356
18,attachment4_aligned_50,1,Neutral,0.0,0.05004356801509857,0.8486084938049316,0.10134799033403397,robust_norec,42,10,0.6654616594314575,0.2898729741573334,0.04466532915830612
19,attachment4_aligned_50,2,Positive,0.9928507804870605,0.059392064809799194,0.060246020555496216,0.8803619146347046,robust_norec,42,10,0.6589939594268799,0.023024311289191246,0.3179817199707031
20,attachment4_aligned_50,2,Positive,0.8750967979431152,0.005520130507647991,0.06139681488275528,0.9330830574035645,robust_norec,42,10,0.7934827208518982,0.15087661147117615,0.05564071610569954
