sample_id,status,error,video_duration_sec,feature_shape,valid_bins,mask_ratio,sampled_fps,sampled_frames,face_detected_frames,multiple_face_samples,timestamp_source,feature_schema
-3g5yACwYnA_13,PASS,,5.51,"(50,35)",50,1.0,10.0,55,55,0,frame_index_fps_fallback,face35_v1
-3g5yACwYnA_3,PASS,,14.39,"(50,35)",50,1.0,10.0,144,144,0,frame_index_fps_fallback,face35_v1
-3g5yACwYnA_2,PASS,,9.39,"(50,35)",50,1.0,10.0,94,94,0,frame_index_fps_fallback,face35_v1
-3g5yACwYnA_9,PASS,,8.82,"(50,35)",50,1.0,10.0,88,88,0,frame_index_fps_fallback,face35_v1
-3nNcZdcdvU_5,PASS,,7.87,"(50,35)",49,0.98,10.0,79,78,0,frame_index_fps_fallback,face35_v1
-HwX2H8Z4hY_2,PASS,,3.98,"(50,35)",9,0.18,10.0,40,9,0,frame_index_fps_fallback,face35_v1
-HwX2H8Z4hY_5,PASS,,5.65,"(50,35)",18,0.36,10.0,57,20,0,frame_index_fps_fallback,face35_v1
-HwX2H8Z4hY_6,PASS,,3.36,"(50,35)",21,0.42,10.0,34,21,0,frame_index_fps_fallback,face35_v1
-HwX2H8Z4hY_9,FAIL,no_valid_face_frames,7.73,"(50,35)",0,0.0,10.0,78,0,0,frame_index_fps_fallback,face35_v1
-NFrJFQijFE_1,FAIL,no_valid_face_frames,5.75,"(50,35)",0,0.0,10.0,57,0,0,frame_index_fps_fallback,face35_v1
-NFrJFQijFE_2,FAIL,no_valid_face_frames,6.86,"(50,35)",0,0.0,10.0,68,0,0,frame_index_fps_fallback,face35_v1
-THoVjtIkeU_12,PASS,,14.9,"(50,35)",50,1.0,10.0,149,149,0,frame_index_fps_fallback,face35_v1
-THoVjtIkeU_2,PASS,,4.29,"(50,35)",43,0.86,10.0,43,43,0,frame_index_fps_fallback,face35_v1
-THoVjtIkeU_6,PASS,,8.1,"(50,35)",50,1.0,10.0,81,80,0,frame_index_fps_fallback,face35_v1
-UuX1xuaiiE_1,PASS,,10.35,"(50,35)",3,0.06,10.0,104,5,0,frame_index_fps_fallback,face35_v1
-UuX1xuaiiE_0,PASS,,3.63,"(50,35)",18,0.36,10.0,37,18,0,frame_index_fps_fallback,face35_v1
-UuX1xuaiiE_3,PASS,,4.13,"(50,35)",41,0.82,10.0,41,41,0,frame_index_fps_fallback,face35_v1
-UuX1xuaiiE_6,PASS,,8.11,"(50,35)",50,1.0,10.0,81,81,0,frame_index_fps_fallback,face35_v1
-a55Q6RWvTA_3,PASS,,22.15,"(50,35)",47,0.94,10.0,222,197,0,frame_index_fps_fallback,face35_v1
-aNfi7CP8vM_7,PASS,,8.69,"(50,35)",50,1.0,10.0,87,87,0,frame_index_fps_fallback,face35_v1
-aqamKhZ1Ec_0,PASS,,10.97,"(50,35)",50,1.0,10.0,110,110,0,frame_index_fps_fallback,face35_v1
-dxfTGcXJoc_1,PASS,,16.16,"(50,35)",50,1.0,10.0,162,162,0,frame_index_fps_fallback,face35_v1
-dxfTGcXJoc_0,PASS,,20.5,"(50,35)",40,0.8,10.0,205,160,0,frame_index_fps_fallback,face35_v1
-dxfTGcXJoc_2,PASS,,16.7,"(50,35)",50,1.0,10.0,167,167,0,frame_index_fps_fallback,face35_v1
-dxfTGcXJoc_6,PASS,,12.74,"(50,35)",50,1.0,10.0,128,128,0,frame_index_fps_fallback,face35_v1
-egA8-b7-3M_26,PASS,,6.03,"(50,35)",49,0.98,10.0,60,60,0,frame_index_fps_fallback,face35_v1
-egA8-b7-3M_17,PASS,,7.27,"(50,35)",50,1.0,10.0,73,73,0,frame_index_fps_fallback,face35_v1
-egA8-b7-3M_18,PASS,,8.39,"(50,35)",50,1.0,10.0,84,84,0,frame_index_fps_fallback,face35_v1
-egA8-b7-3M_16,PASS,,5.54,"(50,35)",50,1.0,10.0,56,56,0,frame_index_fps_fallback,face35_v1
-egA8-b7-3M_13,PASS,,4.18,"(50,35)",42,0.84,10.0,42,42,0,frame_index_fps_fallback,face35_v1
-egA8-b7-3M_1,PASS,,10.27,"(50,35)",50,1.0,10.0,103,103,0,frame_index_fps_fallback,face35_v1
-egA8-b7-3M_6,PASS,,6.26,"(50,35)",50,1.0,10.0,63,63,0,frame_index_fps_fallback,face35_v1
-egA8-b7-3M_9,PASS,,5.09,"(50,35)",50,1.0,10.0,51,51,0,frame_index_fps_fallback,face35_v1
-egA8-b7-3M_20,PASS,,6.64,"(50,35)",50,1.0,10.0,66,66,0,frame_index_fps_fallback,face35_v1
-iRBcNs9oI8_3,FAIL,no_valid_face_frames,5.62,"(50,35)",0,0.0,10.0,56,0,0,frame_index_fps_fallback,face35_v1
-iRBcNs9oI8_7,FAIL,no_valid_face_frames,4.1,"(50,35)",0,0.0,10.0,41,0,0,frame_index_fps_fallback,face35_v1
-iRBcNs9oI8_6,FAIL,no_valid_face_frames,2.9,"(50,35)",0,0.0,10.0,29,0,0,frame_index_fps_fallback,face35_v1
-iRBcNs9oI8_9,PASS,,3.42,"(50,35)",3,0.06,10.0,34,3,0,frame_index_fps_fallback,face35_v1
-iRBcNs9oI8_8,FAIL,no_valid_face_frames,8.09,"(50,35)",0,0.0,10.0,81,0,0,frame_index_fps_fallback,face35_v1
-lzEya4AM_4_5,PASS,,7.68,"(50,35)",50,1.0,10.0,77,77,0,frame_index_fps_fallback,face35_v1
-lzEya4AM_4_6,PASS,,14.79,"(50,35)",50,1.0,10.0,148,148,0,frame_index_fps_fallback,face35_v1
-mJ2ud6oKI8_1,FAIL,no_valid_face_frames,6.1,"(50,35)",0,0.0,10.0,61,0,0,frame_index_fps_fallback,face35_v1
-mJ2ud6oKI8_2,FAIL,no_valid_face_frames,5.73,"(50,35)",0,0.0,10.0,57,0,0,frame_index_fps_fallback,face35_v1
-mJ2ud6oKI8_6,PASS,,2.26,"(50,35)",23,0.46,10.0,23,23,0,frame_index_fps_fallback,face35_v1
-mJ2ud6oKI8_9,PASS,,7.03,"(50,35)",50,1.0,10.0,70,70,0,frame_index_fps_fallback,face35_v1
-mJ2ud6oKI8_8,PASS,,4.19,"(50,35)",42,0.84,10.0,42,42,0,frame_index_fps_fallback,face35_v1
-mqbVkbCndg_0,PASS,,6.47,"(50,35)",50,1.0,10.0,65,65,0,frame_index_fps_fallback,face35_v1
-t217m2on-s_2,PASS,,5.69,"(50,35)",50,1.0,10.0,57,57,0,frame_index_fps_fallback,face35_v1
-t217m2on-s_7,PASS,,17.18,"(50,35)",50,1.0,10.0,172,172,0,frame_index_fps_fallback,face35_v1
-tANM6ETl_M_3,PASS,,6.76,"(50,35)",50,1.0,10.0,68,68,0,frame_index_fps_fallback,face35_v1
-tPCytz4rww_11,PASS,,5.47,"(50,35)",50,1.0,10.0,55,55,0,frame_index_fps_fallback,face35_v1
-tPCytz4rww_10,PASS,,4.79,"(50,35)",48,0.96,10.0,48,48,0,frame_index_fps_fallback,face35_v1
-tPCytz4rww_12,PASS,,11.86,"(50,35)",50,1.0,10.0,119,119,0,frame_index_fps_fallback,face35_v1
-tPCytz4rww_16,PASS,,7.21,"(50,35)",50,1.0,10.0,72,72,0,frame_index_fps_fallback,face35_v1
-tPCytz4rww_18,PASS,,6.64,"(50,35)",50,1.0,10.0,67,67,0,frame_index_fps_fallback,face35_v1
-vxjVxOeScU_4,PASS,,9.13,"(50,35)",50,1.0,10.0,91,91,0,frame_index_fps_fallback,face35_v1
-wMB_hJL-3o_7,PASS,,6.04,"(50,35)",48,0.96,10.0,61,59,0,frame_index_fps_fallback,face35_v1
-wny0OAz3g8_1,PASS,,6.84,"(50,35)",46,0.92,10.0,69,62,0,frame_index_fps_fallback,face35_v1
-wny0OAz3g8_0,PASS,,3.33,"(50,35)",34,0.68,10.0,34,34,0,frame_index_fps_fallback,face35_v1
-wny0OAz3g8_3,PASS,,6.15,"(50,35)",38,0.76,10.0,62,45,0,frame_index_fps_fallback,face35_v1
-wny0OAz3g8_2,PASS,,6.69,"(50,35)",49,0.98,10.0,67,65,0,frame_index_fps_fallback,face35_v1
-wny0OAz3g8_5,PASS,,6.91,"(50,35)",39,0.78,10.0,69,51,0,frame_index_fps_fallback,face35_v1
-wny0OAz3g8_7,PASS,,8.07,"(50,35)",38,0.76,10.0,81,51,0,frame_index_fps_fallback,face35_v1
-wny0OAz3g8_9,PASS,,6.21,"(50,35)",48,0.96,10.0,62,60,0,frame_index_fps_fallback,face35_v1
-571d8cVauQ_0,PASS,,5.07,"(50,35)",49,0.98,10.0,51,49,0,frame_index_fps_fallback,face35_v1
-571d8cVauQ_5,PASS,,15.27,"(50,35)",50,1.0,10.0,153,153,0,frame_index_fps_fallback,face35_v1
-I_e4mIh0yE_1,PASS,,7.62,"(50,35)",50,1.0,10.0,76,76,0,frame_index_fps_fallback,face35_v1
-I_e4mIh0yE_3,PASS,,9.16,"(50,35)",50,1.0,10.0,91,91,0,frame_index_fps_fallback,face35_v1
-UacrmKiTn4_10,PASS,,7.36,"(50,35)",50,1.0,10.0,74,74,0,frame_index_fps_fallback,face35_v1
-UacrmKiTn4_4,PASS,,4.74,"(50,35)",48,0.96,10.0,48,48,0,frame_index_fps_fallback,face35_v1
-hnBHBN8p5A_7,PASS,,7.37,"(50,35)",7,0.14,10.0,73,7,0,frame_index_fps_fallback,face35_v1
-hnBHBN8p5A_6,PASS,,6.4,"(50,35)",8,0.16,10.0,64,10,0,frame_index_fps_fallback,face35_v1
-qDkUB0GgYY_6,PASS,,4.68,"(50,35)",47,0.94,10.0,47,47,0,frame_index_fps_fallback,face35_v1
-uywlfIYOS8_4,PASS,,6.04,"(50,35)",50,1.0,10.0,61,61,0,frame_index_fps_fallback,face35_v1
-6rXp3zJ3kc_8,PASS,,12.81,"(50,35)",50,1.0,10.0,128,128,0,frame_index_fps_fallback,face35_v1
-9y-fZ3swSY_0,PASS,,6.83,"(50,35)",50,1.0,10.0,69,69,0,frame_index_fps_fallback,face35_v1
-9y-fZ3swSY_4,PASS,,2.82,"(50,35)",27,0.54,10.0,28,27,0,frame_index_fps_fallback,face35_v1
-9y-fZ3swSY_8,PASS,,4.99,"(50,35)",43,0.86,10.0,50,43,0,frame_index_fps_fallback,face35_v1
-AUZQgSxyPQ_2,PASS,,22.51,"(50,35)",50,1.0,10.0,225,225,0,frame_index_fps_fallback,face35_v1
-HeZS2-Prhc_2,PASS,,8.26,"(50,35)",50,1.0,10.0,83,83,0,frame_index_fps_fallback,face35_v1
-MeTTeMJBNc_0,PASS,,9.3,"(50,35)",50,1.0,10.0,93,92,0,frame_index_fps_fallback,face35_v1
-MeTTeMJBNc_13,PASS,,5.43,"(50,35)",49,0.98,10.0,54,54,0,frame_index_fps_fallback,face35_v1
-MeTTeMJBNc_7,PASS,,10.52,"(50,35)",50,1.0,10.0,105,105,0,frame_index_fps_fallback,face35_v1
-RfYyzHpjk4_11,PASS,,5.24,"(50,35)",49,0.98,10.0,52,52,0,frame_index_fps_fallback,face35_v1
-RfYyzHpjk4_8,PASS,,4.59,"(50,35)",46,0.92,10.0,46,46,0,frame_index_fps_fallback,face35_v1
-RfYyzHpjk4_2,PASS,,5.52,"(50,35)",46,0.92,10.0,55,51,0,frame_index_fps_fallback,face35_v1
-UUCSKoHeMA_0,PASS,,7.8,"(50,35)",50,1.0,10.0,78,77,0,frame_index_fps_fallback,face35_v1
-ri04Z7vwnc_0,FAIL,no_valid_face_frames,2.81,"(50,35)",0,0.0,10.0,28,0,0,frame_index_fps_fallback,face35_v1
-ri04Z7vwnc_2,PASS,,6.03,"(50,35)",18,0.36,10.0,60,21,0,frame_index_fps_fallback,face35_v1
-ri04Z7vwnc_5,PASS,,3.55,"(50,35)",35,0.7,10.0,35,35,0,frame_index_fps_fallback,face35_v1
-s9qJ7ATP7w_1,PASS,,4.79,"(50,35)",48,0.96,10.0,48,48,0,frame_index_fps_fallback,face35_v1
-s9qJ7ATP7w_0,PASS,,6.8,"(50,35)",49,0.98,10.0,68,67,0,frame_index_fps_fallback,face35_v1
-s9qJ7ATP7w_5,PASS,,8.56,"(50,35)",50,1.0,10.0,85,85,0,frame_index_fps_fallback,face35_v1
-s9qJ7ATP7w_4,PASS,,4.43,"(50,35)",29,0.58,10.0,44,29,0,frame_index_fps_fallback,face35_v1
-s9qJ7ATP7w_7,PASS,,6.97,"(50,35)",29,0.58,10.0,70,40,0,frame_index_fps_fallback,face35_v1
-s9qJ7ATP7w_6,PASS,,2.48,"(50,35)",19,0.38,10.0,25,19,0,frame_index_fps_fallback,face35_v1
-s9qJ7ATP7w_8,PASS,,3.29,"(50,35)",33,0.66,10.0,33,33,0,frame_index_fps_fallback,face35_v1
-yRb-Jum7EQ_1,PASS,,29.29,"(50,35)",50,1.0,10.0,293,283,22,frame_index_fps_fallback,face35_v1
-yRb-Jum7EQ_5,PASS,,13.17,"(50,35)",50,1.0,10.0,132,132,0,frame_index_fps_fallback,face35_v1
-yRb-Jum7EQ_6,PASS,,11.24,"(50,35)",50,1.0,10.0,112,112,0,frame_index_fps_fallback,face35_v1
