sample_id,status,text_status,audio_status,vision_status,text_valid_bins,audio_valid_bins,vision_valid_bins,duration_sec,feature_path
-3g5yACwYnA_13,PASS,PASS,PASS,PASS,18,49,50,5.51,02_features_q1\stepE_alignment\data\aligned_50\-3g5yACwYnA_13.npz
-3g5yACwYnA_3,PASS,PASS,PASS,PASS,40,50,50,14.39,02_features_q1\stepE_alignment\data\aligned_50\-3g5yACwYnA_3.npz
-3g5yACwYnA_2,PASS,PASS,PASS,PASS,17,50,50,9.39,02_features_q1\stepE_alignment\data\aligned_50\-3g5yACwYnA_2.npz
-3g5yACwYnA_9,PASS,PASS,PASS,PASS,28,50,50,8.82,02_features_q1\stepE_alignment\data\aligned_50\-3g5yACwYnA_9.npz
-3nNcZdcdvU_5,PASS,PASS,PASS,PASS,22,50,49,7.87,02_features_q1\stepE_alignment\data\aligned_50\-3nNcZdcdvU_5.npz
-HwX2H8Z4hY_2,PASS,PASS,PASS,PASS,12,50,9,3.98,02_features_q1\stepE_alignment\data\aligned_50\-HwX2H8Z4hY_2.npz
-HwX2H8Z4hY_5,PASS,PASS,PASS,PASS,10,49,18,5.65,02_features_q1\stepE_alignment\data\aligned_50\-HwX2H8Z4hY_5.npz
-HwX2H8Z4hY_6,PASS,PASS,PASS,PASS,9,49,21,3.36,02_features_q1\stepE_alignment\data\aligned_50\-HwX2H8Z4hY_6.npz
-HwX2H8Z4hY_9,INCOMPLETE,PASS,PASS,FAIL_EXTRACTION:FAIL(no_valid_face_frames),24,50,0,7.73,02_features_q1\stepE_alignment\data\aligned_50\-HwX2H8Z4hY_9.npz
-NFrJFQijFE_1,INCOMPLETE,PASS,PASS,FAIL_EXTRACTION:FAIL(no_valid_face_frames),16,50,0,5.75,02_features_q1\stepE_alignment\data\aligned_50\-NFrJFQijFE_1.npz
-NFrJFQijFE_2,INCOMPLETE,PASS,PASS,FAIL_EXTRACTION:FAIL(no_valid_face_frames),18,49,0,6.86,02_features_q1\stepE_alignment\data\aligned_50\-NFrJFQijFE_2.npz
-THoVjtIkeU_12,PASS,PASS,PASS,PASS,42,50,50,14.9,02_features_q1\stepE_alignment\data\aligned_50\-THoVjtIkeU_12.npz
-THoVjtIkeU_2,PASS,PASS,PASS,PASS,11,50,43,4.29,02_features_q1\stepE_alignment\data\aligned_50\-THoVjtIkeU_2.npz
-THoVjtIkeU_6,PASS,PASS,PASS,PASS,32,50,50,8.1,02_features_q1\stepE_alignment\data\aligned_50\-THoVjtIkeU_6.npz
-UuX1xuaiiE_1,PASS,PASS,PASS,PASS,33,50,3,10.35,02_features_q1\stepE_alignment\data\aligned_50\-UuX1xuaiiE_1.npz
-UuX1xuaiiE_0,PASS,PASS,PASS,PASS,12,50,18,3.63,02_features_q1\stepE_alignment\data\aligned_50\-UuX1xuaiiE_0.npz
-UuX1xuaiiE_3,PASS,PASS,PASS,PASS,9,49,41,4.13,02_features_q1\stepE_alignment\data\aligned_50\-UuX1xuaiiE_3.npz
-UuX1xuaiiE_6,PASS,PASS,PASS,PASS,23,49,50,8.11,02_features_q1\stepE_alignment\data\aligned_50\-UuX1xuaiiE_6.npz
-a55Q6RWvTA_3,PASS,PASS,PASS,PASS,50,50,47,22.15,02_features_q1\stepE_alignment\data\aligned_50\-a55Q6RWvTA_3.npz
-aNfi7CP8vM_7,PASS,PASS,PASS,PASS,23,50,50,8.69,02_features_q1\stepE_alignment\data\aligned_50\-aNfi7CP8vM_7.npz
-aqamKhZ1Ec_0,PASS,PASS,PASS,PASS,16,50,50,10.97,02_features_q1\stepE_alignment\data\aligned_50\-aqamKhZ1Ec_0.npz
-dxfTGcXJoc_1,PASS,PASS,PASS,PASS,42,50,50,16.16,02_features_q1\stepE_alignment\data\aligned_50\-dxfTGcXJoc_1.npz
-dxfTGcXJoc_0,PASS,PASS,PASS,PASS,50,50,40,20.5,02_features_q1\stepE_alignment\data\aligned_50\-dxfTGcXJoc_0.npz
-dxfTGcXJoc_2,PASS,PASS,PASS,PASS,40,50,50,16.7,02_features_q1\stepE_alignment\data\aligned_50\-dxfTGcXJoc_2.npz
-dxfTGcXJoc_6,PASS,PASS,PASS,PASS,32,50,50,12.74,02_features_q1\stepE_alignment\data\aligned_50\-dxfTGcXJoc_6.npz
-egA8-b7-3M_26,PASS,PASS,PASS,PASS,19,49,49,6.03,02_features_q1\stepE_alignment\data\aligned_50\-egA8-b7-3M_26.npz
-egA8-b7-3M_17,PASS,PASS,PASS,PASS,19,49,50,7.27,02_features_q1\stepE_alignment\data\aligned_50\-egA8-b7-3M_17.npz
-egA8-b7-3M_18,PASS,PASS,PASS,PASS,27,50,50,8.39,02_features_q1\stepE_alignment\data\aligned_50\-egA8-b7-3M_18.npz
-egA8-b7-3M_16,PASS,PASS,PASS,PASS,13,50,50,5.54,02_features_q1\stepE_alignment\data\aligned_50\-egA8-b7-3M_16.npz
-egA8-b7-3M_13,PASS,PASS,PASS,PASS,16,48,42,4.18,02_features_q1\stepE_alignment\data\aligned_50\-egA8-b7-3M_13.npz
-egA8-b7-3M_1,PASS,PASS,PASS,PASS,22,50,50,10.27,02_features_q1\stepE_alignment\data\aligned_50\-egA8-b7-3M_1.npz
-egA8-b7-3M_6,PASS,PASS,PASS,PASS,13,50,50,6.26,02_features_q1\stepE_alignment\data\aligned_50\-egA8-b7-3M_6.npz
-egA8-b7-3M_9,PASS,PASS,PASS,PASS,12,49,50,5.09,02_features_q1\stepE_alignment\data\aligned_50\-egA8-b7-3M_9.npz
-egA8-b7-3M_20,PASS,PASS,PASS,PASS,24,49,50,6.64,02_features_q1\stepE_alignment\data\aligned_50\-egA8-b7-3M_20.npz
-iRBcNs9oI8_3,INCOMPLETE,PASS,PASS,FAIL_EXTRACTION:FAIL(no_valid_face_frames),9,50,0,5.62,02_features_q1\stepE_alignment\data\aligned_50\-iRBcNs9oI8_3.npz
-iRBcNs9oI8_7,INCOMPLETE,PASS,PASS,FAIL_EXTRACTION:FAIL(no_valid_face_frames),15,49,0,4.1,02_features_q1\stepE_alignment\data\aligned_50\-iRBcNs9oI8_7.npz
-iRBcNs9oI8_6,INCOMPLETE,PASS,PASS,FAIL_EXTRACTION:FAIL(no_valid_face_frames),5,49,0,2.9,02_features_q1\stepE_alignment\data\aligned_50\-iRBcNs9oI8_6.npz
-iRBcNs9oI8_9,PASS,PASS,PASS,PASS,5,50,3,3.42,02_features_q1\stepE_alignment\data\aligned_50\-iRBcNs9oI8_9.npz
-iRBcNs9oI8_8,INCOMPLETE,PASS,PASS,FAIL_EXTRACTION:FAIL(no_valid_face_frames),26,50,0,8.09,02_features_q1\stepE_alignment\data\aligned_50\-iRBcNs9oI8_8.npz
-lzEya4AM_4_5,PASS,PASS,PASS,PASS,21,50,50,7.68,02_features_q1\stepE_alignment\data\aligned_50\-lzEya4AM_4_5.npz
-lzEya4AM_4_6,PASS,PASS,PASS,PASS,48,50,50,14.79,02_features_q1\stepE_alignment\data\aligned_50\-lzEya4AM_4_6.npz
-mJ2ud6oKI8_1,INCOMPLETE,PASS,PASS,FAIL_EXTRACTION:FAIL(no_valid_face_frames),13,50,0,6.1,02_features_q1\stepE_alignment\data\aligned_50\-mJ2ud6oKI8_1.npz
-mJ2ud6oKI8_2,INCOMPLETE,PASS,PASS,FAIL_EXTRACTION:FAIL(no_valid_face_frames),17,50,0,5.73,02_features_q1\stepE_alignment\data\aligned_50\-mJ2ud6oKI8_2.npz
-mJ2ud6oKI8_6,PASS,PASS,PASS,PASS,5,49,23,2.26,02_features_q1\stepE_alignment\data\aligned_50\-mJ2ud6oKI8_6.npz
-mJ2ud6oKI8_9,PASS,PASS,PASS,PASS,29,50,50,7.03,02_features_q1\stepE_alignment\data\aligned_50\-mJ2ud6oKI8_9.npz
-mJ2ud6oKI8_8,PASS,PASS,PASS,PASS,11,50,42,4.19,02_features_q1\stepE_alignment\data\aligned_50\-mJ2ud6oKI8_8.npz
-mqbVkbCndg_0,PASS,PASS,PASS,PASS,17,50,50,6.47,02_features_q1\stepE_alignment\data\aligned_50\-mqbVkbCndg_0.npz
-t217m2on-s_2,PASS,PASS,PASS,PASS,16,50,50,5.69,02_features_q1\stepE_alignment\data\aligned_50\-t217m2on-s_2.npz
-t217m2on-s_7,PASS,PASS,PASS,PASS,50,50,50,17.18,02_features_q1\stepE_alignment\data\aligned_50\-t217m2on-s_7.npz
-tANM6ETl_M_3,PASS,PASS,PASS,PASS,29,49,50,6.76,02_features_q1\stepE_alignment\data\aligned_50\-tANM6ETl_M_3.npz
-tPCytz4rww_11,PASS,PASS,PASS,PASS,20,50,50,5.47,02_features_q1\stepE_alignment\data\aligned_50\-tPCytz4rww_11.npz
-tPCytz4rww_10,PASS,PASS,PASS,PASS,15,49,48,4.79,02_features_q1\stepE_alignment\data\aligned_50\-tPCytz4rww_10.npz
-tPCytz4rww_12,PASS,PASS,PASS,PASS,28,50,50,11.86,02_features_q1\stepE_alignment\data\aligned_50\-tPCytz4rww_12.npz
-tPCytz4rww_16,PASS,PASS,PASS,PASS,17,50,50,7.21,02_features_q1\stepE_alignment\data\aligned_50\-tPCytz4rww_16.npz
-tPCytz4rww_18,PASS,PASS,PASS,PASS,22,50,50,6.64,02_features_q1\stepE_alignment\data\aligned_50\-tPCytz4rww_18.npz
-vxjVxOeScU_4,PASS,PASS,PASS,PASS,27,50,50,9.13,02_features_q1\stepE_alignment\data\aligned_50\-vxjVxOeScU_4.npz
-wMB_hJL-3o_7,PASS,PASS,PASS,PASS,23,50,48,6.04,02_features_q1\stepE_alignment\data\aligned_50\-wMB_hJL-3o_7.npz
-wny0OAz3g8_1,PASS,PASS,PASS,PASS,28,50,46,6.84,02_features_q1\stepE_alignment\data\aligned_50\-wny0OAz3g8_1.npz
-wny0OAz3g8_0,PASS,PASS,PASS,PASS,11,49,34,3.33,02_features_q1\stepE_alignment\data\aligned_50\-wny0OAz3g8_0.npz
-wny0OAz3g8_3,PASS,PASS,PASS,PASS,20,50,38,6.15,02_features_q1\stepE_alignment\data\aligned_50\-wny0OAz3g8_3.npz
-wny0OAz3g8_2,PASS,PASS,PASS,PASS,28,49,49,6.69,02_features_q1\stepE_alignment\data\aligned_50\-wny0OAz3g8_2.npz
-wny0OAz3g8_5,PASS,PASS,PASS,PASS,27,49,39,6.91,02_features_q1\stepE_alignment\data\aligned_50\-wny0OAz3g8_5.npz
-wny0OAz3g8_7,PASS,PASS,PASS,PASS,31,49,38,8.07,02_features_q1\stepE_alignment\data\aligned_50\-wny0OAz3g8_7.npz
-wny0OAz3g8_9,PASS,PASS,PASS,PASS,22,49,48,6.21,02_features_q1\stepE_alignment\data\aligned_50\-wny0OAz3g8_9.npz
-571d8cVauQ_0,PASS,PASS,PASS,PASS,16,50,49,5.07,02_features_q1\stepE_alignment\data\aligned_50\-571d8cVauQ_0.npz
-571d8cVauQ_5,PASS,PASS,PASS,PASS,50,50,50,15.27,02_features_q1\stepE_alignment\data\aligned_50\-571d8cVauQ_5.npz
-I_e4mIh0yE_1,PASS,PASS,PASS,PASS,21,49,50,7.62,02_features_q1\stepE_alignment\data\aligned_50\-I_e4mIh0yE_1.npz
-I_e4mIh0yE_3,PASS,PASS,PASS,PASS,30,49,50,9.16,02_features_q1\stepE_alignment\data\aligned_50\-I_e4mIh0yE_3.npz
-UacrmKiTn4_10,PASS,PASS,PASS,PASS,22,50,50,7.36,02_features_q1\stepE_alignment\data\aligned_50\-UacrmKiTn4_10.npz
-UacrmKiTn4_4,PASS,PASS,PASS,PASS,15,50,48,4.74,02_features_q1\stepE_alignment\data\aligned_50\-UacrmKiTn4_4.npz
-hnBHBN8p5A_7,PASS,PASS,PASS,PASS,17,50,7,7.37,02_features_q1\stepE_alignment\data\aligned_50\-hnBHBN8p5A_7.npz
-hnBHBN8p5A_6,PASS,PASS,PASS,PASS,14,50,8,6.4,02_features_q1\stepE_alignment\data\aligned_50\-hnBHBN8p5A_6.npz
-qDkUB0GgYY_6,PASS,PASS,PASS,PASS,18,50,47,4.68,02_features_q1\stepE_alignment\data\aligned_50\-qDkUB0GgYY_6.npz
-uywlfIYOS8_4,PASS,PASS,PASS,PASS,22,49,50,6.04,02_features_q1\stepE_alignment\data\aligned_50\-uywlfIYOS8_4.npz
-6rXp3zJ3kc_8,PASS,PASS,PASS,PASS,38,50,50,12.81,02_features_q1\stepE_alignment\data\aligned_50\-6rXp3zJ3kc_8.npz
-9y-fZ3swSY_0,PASS,PASS,PASS,PASS,28,50,50,6.83,02_features_q1\stepE_alignment\data\aligned_50\-9y-fZ3swSY_0.npz
-9y-fZ3swSY_4,PASS,PASS,PASS,PASS,11,47,27,2.82,02_features_q1\stepE_alignment\data\aligned_50\-9y-fZ3swSY_4.npz
-9y-fZ3swSY_8,PASS,PASS,PASS,PASS,14,50,43,4.99,02_features_q1\stepE_alignment\data\aligned_50\-9y-fZ3swSY_8.npz
-AUZQgSxyPQ_2,PASS,PASS,PASS,PASS,50,50,50,22.51,02_features_q1\stepE_alignment\data\aligned_50\-AUZQgSxyPQ_2.npz
-HeZS2-Prhc_2,PASS,PASS,PASS,PASS,17,50,50,8.26,02_features_q1\stepE_alignment\data\aligned_50\-HeZS2-Prhc_2.npz
-MeTTeMJBNc_0,PASS,PASS,PASS,PASS,26,50,50,9.3,02_features_q1\stepE_alignment\data\aligned_50\-MeTTeMJBNc_0.npz
-MeTTeMJBNc_13,PASS,PASS,PASS,PASS,16,49,49,5.43,02_features_q1\stepE_alignment\data\aligned_50\-MeTTeMJBNc_13.npz
-MeTTeMJBNc_7,PASS,PASS,PASS,PASS,33,50,50,10.52,02_features_q1\stepE_alignment\data\aligned_50\-MeTTeMJBNc_7.npz
-RfYyzHpjk4_11,PASS,PASS,PASS,PASS,19,49,49,5.24,02_features_q1\stepE_alignment\data\aligned_50\-RfYyzHpjk4_11.npz
-RfYyzHpjk4_8,PASS,PASS,PASS,PASS,21,50,46,4.59,02_features_q1\stepE_alignment\data\aligned_50\-RfYyzHpjk4_8.npz
-RfYyzHpjk4_2,PASS,PASS,PASS,PASS,29,49,46,5.52,02_features_q1\stepE_alignment\data\aligned_50\-RfYyzHpjk4_2.npz
-UUCSKoHeMA_0,PASS,PASS,PASS,PASS,23,50,50,7.8,02_features_q1\stepE_alignment\data\aligned_50\-UUCSKoHeMA_0.npz
-ri04Z7vwnc_0,INCOMPLETE,PASS,PASS,FAIL_EXTRACTION:FAIL(no_valid_face_frames),8,49,0,2.81,02_features_q1\stepE_alignment\data\aligned_50\-ri04Z7vwnc_0.npz
-ri04Z7vwnc_2,PASS,PASS,PASS,PASS,26,49,18,6.03,02_features_q1\stepE_alignment\data\aligned_50\-ri04Z7vwnc_2.npz
-ri04Z7vwnc_5,PASS,PASS,PASS,PASS,11,49,35,3.55,02_features_q1\stepE_alignment\data\aligned_50\-ri04Z7vwnc_5.npz
-s9qJ7ATP7w_1,PASS,PASS,PASS,PASS,12,49,48,4.79,02_features_q1\stepE_alignment\data\aligned_50\-s9qJ7ATP7w_1.npz
-s9qJ7ATP7w_0,PASS,PASS,PASS,PASS,28,50,49,6.8,02_features_q1\stepE_alignment\data\aligned_50\-s9qJ7ATP7w_0.npz
-s9qJ7ATP7w_5,PASS,PASS,PASS,PASS,20,49,50,8.56,02_features_q1\stepE_alignment\data\aligned_50\-s9qJ7ATP7w_5.npz
-s9qJ7ATP7w_4,PASS,PASS,PASS,PASS,10,48,29,4.43,02_features_q1\stepE_alignment\data\aligned_50\-s9qJ7ATP7w_4.npz
-s9qJ7ATP7w_7,PASS,PASS,PASS,PASS,38,49,29,6.97,02_features_q1\stepE_alignment\data\aligned_50\-s9qJ7ATP7w_7.npz
-s9qJ7ATP7w_6,PASS,PASS,PASS,PASS,5,47,19,2.48,02_features_q1\stepE_alignment\data\aligned_50\-s9qJ7ATP7w_6.npz
-s9qJ7ATP7w_8,PASS,PASS,PASS,PASS,17,49,33,3.29,02_features_q1\stepE_alignment\data\aligned_50\-s9qJ7ATP7w_8.npz
-yRb-Jum7EQ_1,PASS,PASS,PASS,PASS,50,50,50,29.29,02_features_q1\stepE_alignment\data\aligned_50\-yRb-Jum7EQ_1.npz
-yRb-Jum7EQ_5,PASS,PASS,PASS,PASS,31,50,50,13.17,02_features_q1\stepE_alignment\data\aligned_50\-yRb-Jum7EQ_5.npz
-yRb-Jum7EQ_6,PASS,PASS,PASS,PASS,24,50,50,11.24,02_features_q1\stepE_alignment\data\aligned_50\-yRb-Jum7EQ_6.npz
