"section","metric","value"
"modality","text_coverage_pct","45.18"
"modality","text_valid_bins_median","21.0"
"modality","text_valid_bins_mean","22.59"
"modality","text_samples_any_valid","100.0"
"modality","text_samples_all_50","6.0"
"modality","audio_coverage_pct","99.14"
"modality","audio_valid_bins_median","50.0"
"modality","audio_valid_bins_mean","49.57"
"modality","audio_samples_any_valid","100.0"
"modality","audio_samples_all_50","63.0"
"modality","vision_coverage_pct","77.3"
"modality","vision_valid_bins_median","49.0"
"modality","vision_valid_bins_mean","38.65"
"modality","vision_samples_any_valid","90.0"
"modality","vision_samples_all_50","47.0"
"pipeline","complete_three_modality_samples","90.0"
"pipeline","aligned_structural_pass","100.0"
"diagnostic","token_count_vs_text_valid_bins_spearman","0.9998948179822278"
"diagnostic","audio_duration_diff_ms_vs_audio_valid_bins_spearman","0.5482895458358151"
"diagnostic","face_detection_rate_vs_vision_valid_bins_spearman","0.7947163428724775"
